molecule_chembl_id,smiles,mol,standard_value,mw,logp,num_rotable_bounds,hbd,hba,tpsa,class,pic50
CHEMBL482845,O=C1CC2(CCN(C(=O)NC3CCc4ccccc43)CC2)Oc2ccccc21,<rdkit.Chem.rdchem.Mol object at 0x0000022792700F20>,10000.0,376.4560000000002,3.8835000000000033,1,1,3,58.64,inactive,5.0
CHEMBL552196,Cc1c(C2CCN(C(=O)NC3CC3c3ccccc3)CC2)o[nH]c1=O,<rdkit.Chem.rdchem.Mol object at 0x0000022792701070>,10000.0,341.41100000000006,2.721420000000001,3,2,3,78.34,inactive,5.0
CHEMBL559531,O=C(O)c1ccc(-c2noc(C3CCN(C(=O)NC4CC4c4ccccc4)CC3)n2)cc1,<rdkit.Chem.rdchem.Mol object at 0x0000022792701310>,10000.0,432.4800000000002,3.879900000000003,5,2,5,108.56,inactive,5.0
CHEMBL551921,O=C(NC1CC1c1ccccc1)N1CCC(c2nc(-c3ccc4ccccc4n3)no2)CC1,<rdkit.Chem.rdchem.Mol object at 0x00000227927012A0>,10000.0,439.5190000000002,4.729900000000004,4,1,5,84.15,inactive,5.0
CHEMBL569185,COc1ccc(CCN2C(=O)N(NS(C)(=O)=O)C[C@H]2c2ccc(OC)cc2)cc1,<rdkit.Chem.rdchem.Mol object at 0x0000022792700EB0>,30000.0,419.5030000000002,2.1894,8,1,5,88.18,inactive,4.522878745280337
CHEMBL1079140,CN(C)CCC1(c2ccccc2)CCCN(C(=O)Nc2ccc(Cl)cc2)C1,<rdkit.Chem.rdchem.Mol object at 0x00000227922B3920>,10000.0,385.9390000000001,4.857400000000005,5,1,2,35.58,inactive,5.0
CHEMBL1078232,O=C(CCC1(c2ccccc2)CCCN(C(=O)Nc2ccc(Cl)cc2)C1)N1CCOCC1,<rdkit.Chem.rdchem.Mol object at 0x00000227922B3E60>,10000.0,455.9860000000003,4.544700000000004,5,1,3,61.88000000000001,inactive,5.0
CHEMBL1797413,Cc1cccc(C)c1-c1noc(C)c1CC(=O)NCc1cccc(OCCOCC(F)(F)F)n1,<rdkit.Chem.rdchem.Mol object at 0x00000227922B3450>,12022.64,477.4830000000002,4.478460000000004,10,1,6,86.48,inactive,4.920000156997057
CHEMBL1797412,Cc1onc(-c2c(Cl)cccc2Cl)c1CC(=O)NCc1ccc(-n2cccn2)cc1,<rdkit.Chem.rdchem.Mol object at 0x00000227922B27A0>,33113.11,441.31800000000015,5.001420000000004,6,1,5,72.95,inactive,4.480000028175458
CHEMBL1797410,Cc1onc(-c2c(Cl)cccc2Cl)c1CC(=O)NCc1ccc(OCC(F)(F)F)nc1,<rdkit.Chem.rdchem.Mol object at 0x00000227922B3A00>,33113.11,474.2660000000002,5.1518200000000025,7,1,5,77.25,inactive,4.480000028175458
CHEMBL1797408,Cc1onc(-c2c(Cl)cncc2Cl)c1NC(=O)NCc1ccc(OC(C)C)nc1,<rdkit.Chem.rdchem.Mol object at 0x00000227922B3530>,33113.11,436.2990000000002,4.8557200000000025,6,2,6,102.17000000000002,inactive,4.480000028175458
CHEMBL1797388,Cc1onc(-c2c(Cl)cccc2Cl)c1NC(=O)OCc1ccccc1Cl,<rdkit.Chem.rdchem.Mol object at 0x00000227922B37D0>,8709.64,411.67200000000014,6.358920000000002,4,1,4,64.36,inactive,5.059999795537068
CHEMBL1797387,Cc1onc(-c2c(Cl)cccc2Cl)c1NC(=O)OCc1c(F)cccc1Cl,<rdkit.Chem.rdchem.Mol object at 0x00000227922B2810>,5495.41,429.66200000000015,6.498020000000001,4,1,4,64.36,inactive,5.259999900311453
CHEMBL1958462,CCCCCCC[C@@](O)(C(N)=O)c1cccc(Cl)c1,<rdkit.Chem.rdchem.Mol object at 0x00000227922B35A0>,4780.0,283.799,3.373400000000002,8,2,2,63.32,active,5.320572103387881
CHEMBL2012026,Nc1ccnc(Nc2ccc(Oc3cccc(Cl)c3)cc2)n1,<rdkit.Chem.rdchem.Mol object at 0x00000227922B3610>,1700.0,312.76000000000005,4.248100000000002,4,2,5,73.06,active,5.769551078621726
CHEMBL2012178,Cc1c(C)n(Cc2ccccc2)c2ncnc(OC3CCN(Cc4cscn4)CC3)c12,<rdkit.Chem.rdchem.Mol object at 0x00000227922B3CA0>,120.0,433.5810000000003,4.596340000000004,6,0,7,56.07,active,6.920818753952375
CHEMBL2012245,Cc1nc(OC2CCN(Cc3cscn3)CC2)c2ccn(Cc3ccccc3)c2n1,<rdkit.Chem.rdchem.Mol object at 0x00000227922B29D0>,350.0,419.55400000000014,4.287920000000004,6,0,7,56.07,active,6.455931955649724
CHEMBL2012287,c1ccc(Cn2ccc3c(OC4CCN(Cc5ccccn5)CC4)ncnc32)cc1,<rdkit.Chem.rdchem.Mol object at 0x00000227922B34C0>,160.0,399.4980000000001,3.918000000000003,6,0,6,56.07,active,6.795880017344075
CHEMBL2012298,Fc1ccccc1Cn1ccc2c(OC3CCN(Cc4ccccn4)CC3)ncnc21,<rdkit.Chem.rdchem.Mol object at 0x00000227922B3990>,30.0,417.48800000000017,4.057100000000002,6,0,6,56.07,active,7.522878745280337
CHEMBL2069413,O=C(N[C@@H]1COc2cccc(-c3ccc(CO)nc3)c2C1)c1ccc(OCCOCC(F)(F)F)nc1,<rdkit.Chem.rdchem.Mol object at 0x00000227922B3A70>,7943.28,503.4770000000003,3.327100000000001,9,2,7,102.8,inactive,5.100000128334196
CHEMBL2147210,COc1ncc(-c2ccccc2CCNC(=O)c2ccc(OCCC(F)(F)F)nc2)cn1,<rdkit.Chem.rdchem.Mol object at 0x00000227922B3BC0>,12589.25,446.4290000000001,3.850900000000002,9,1,6,86.23,inactive,4.900000142057633
CHEMBL2147211,COc1cnc(-c2ccccc2CCNC(=O)c2ccc(OCCC(F)(F)F)nc2)cn1,<rdkit.Chem.rdchem.Mol object at 0x00000227922B3D80>,6309.57,446.4290000000001,3.850900000000002,9,1,6,86.23,inactive,5.200000237109354
CHEMBL2147212,O=C(NCCc1ccccc1-c1cnc(OC(F)F)cn1)c1ccc(OCCC(F)(F)F)nc1,<rdkit.Chem.rdchem.Mol object at 0x00000227922B3F40>,6309.57,482.40900000000016,4.443700000000003,10,1,6,86.23,inactive,5.200000237109354
CHEMBL2147311,COc1ncc(-c2cccnc2CCNC(=O)c2ccc(OCCC(F)(F)F)nc2)cn1,<rdkit.Chem.rdchem.Mol object at 0x00000227922B3760>,31622.78,447.4170000000001,3.2459000000000016,9,1,7,99.12000000000002,inactive,4.499999953328896
CHEMBL2147312,COc1ncc(-c2ccc(C)nc2CCNC(=O)c2ccc(OCCC(F)(F)F)nc2)cn1,<rdkit.Chem.rdchem.Mol object at 0x00000227922B3680>,31622.78,461.4440000000001,3.554320000000001,9,1,7,99.12000000000002,inactive,4.499999953328896
CHEMBL2164043,O=C(NCc1ccc(F)c(OC(F)(F)F)c1)c1c2ccccc2c(O)n1CCc1ncc(F)cn1,<rdkit.Chem.rdchem.Mol object at 0x00000227922B2A40>,17000.0,492.40400000000017,4.486400000000002,7,2,6,89.27,inactive,4.769551078621726
CHEMBL2164041,O=C(NCc1ccc(OC(F)(F)F)cc1)c1c2cccc(O)c2c(O)n1CCc1ccccn1,<rdkit.Chem.rdchem.Mol object at 0x00000227922B2B90>,940.0,471.4350000000002,4.518800000000004,7,3,6,96.61,active,6.026872146400302
CHEMBL2164368,O=C(NCc1ccc(OC(F)(F)F)cc1)c1c2c(F)cccc2c(O)n1CCc1ccccn1,<rdkit.Chem.rdchem.Mol object at 0x00000227922B25E0>,810.0,473.42600000000016,4.952300000000004,7,2,5,76.38,active,6.0915149811213505
CHEMBL2164358,O=C(NCc1ccc(OC(F)(F)F)cc1)c1c2ccccc2c(O)n1CCOc1ccccn1,<rdkit.Chem.rdchem.Mol object at 0x00000227922B3DF0>,9700.0,471.4350000000002,4.649500000000003,8,2,6,85.61,inactive,5.013228265733755
CHEMBL2164047,O=C(NCc1ccc(OC(F)(F)F)cc1)c1c2ccccc2c(O)n1CCc1ccc(F)cn1,<rdkit.Chem.rdchem.Mol object at 0x00000227922B3AE0>,1200.0,473.42600000000016,4.952300000000004,7,2,5,76.38,active,5.920818753952375
CHEMBL2164395,O=C(NCc1ccc(OCC(F)(F)F)nc1)c1c2ccccc2c(O)n1CCc1ccccn1,<rdkit.Chem.rdchem.Mol object at 0x00000227922B2880>,33000.0,470.4510000000002,4.250700000000003,8,2,6,89.27,inactive,4.481486060122113
CHEMBL2164393,CC(NC(=O)c1c2ccccc2c(O)n1CCc1ccccn1)c1ccc(OCC(F)(F)F)cc1,<rdkit.Chem.rdchem.Mol object at 0x00000227928B4040>,3700.0,483.4900000000001,5.416700000000003,8,2,5,76.38000000000001,active,5.431798275933005
CHEMBL2164384,O=C(NCc1ccc(Br)cc1)c1c2ccccc2c(O)n1CCc1ccccn1,<rdkit.Chem.rdchem.Mol object at 0x00000227928B40B0>,8700.0,450.3360000000002,4.677100000000004,6,2,4,67.15,inactive,5.060480747381382
CHEMBL2392692,CNc1nc(C)nc(N2CCC(C(=O)NCc3ccc(Br)cc3OC(F)(F)F)CC2)n1,<rdkit.Chem.rdchem.Mol object at 0x00000227928B4120>,10000.0,503.32300000000015,3.415620000000001,6,2,7,92.27,inactive,5.0
CHEMBL2409404,COc1cc2nnc(C(N)=O)c(Nc3ccc(C)cc3F)c2cc1N1CCC(OC)CC1,<rdkit.Chem.rdchem.Mol object at 0x00000227928B4190>,30000.0,439.4910000000002,3.5436200000000024,6,2,7,102.6,inactive,4.522878745280337
CHEMBL521096,CCOc1cc2ncc(C(N)=O)c(Nc3ccc(C)cc3F)c2cc1N1CCN(C)CC1,<rdkit.Chem.rdchem.Mol object at 0x00000227928B4200>,12000.0,437.5190000000002,3.675320000000003,6,2,6,83.72,inactive,4.920818753952375
CHEMBL1683036,COc1cc2nnc(C(N)=O)c(Nc3ccc(C)cc3F)c2cc1N1CCN(C)CC1,<rdkit.Chem.rdchem.Mol object at 0x00000227928B4270>,6000.0,424.48000000000025,2.680220000000001,5,2,7,96.61,inactive,5.221848749616356
CHEMBL2418811,Cc1sc(Nc2ccc(Cl)cc2F)nc1C(=O)N1CCC[C@H](C)[C@@H]1C,<rdkit.Chem.rdchem.Mol object at 0x00000227928B42E0>,3300.0,381.90400000000017,5.248220000000003,3,1,4,45.23,active,5.481486060122113
CHEMBL3085867,CC(C)(C)OC(=O)N1CCCC1C(=O)N[C@H]1CCc2nc(N)sc2C1,<rdkit.Chem.rdchem.Mol object at 0x00000227928B4350>,30000.0,366.4870000000001,2.098299999999999,2,2,6,97.55,inactive,4.522878745280337
CHEMBL3085878,Nc1nc2c(s1)C[C@@H](NC(=O)c1ccc[nH]1)CC2,<rdkit.Chem.rdchem.Mol object at 0x00000227928B43C0>,30000.0,262.338,1.3407,2,3,4,83.79999999999998,inactive,4.522878745280337
CHEMBL3322665,CN(C)c1cccc(C(=O)N2CCC3(CC2)Nc2ccccc2-n2cccc23)c1,<rdkit.Chem.rdchem.Mol object at 0x00000227928B4430>,4384.0,386.499,4.1003000000000025,2,1,4,40.510000000000005,active,5.358129454523687
CHEMBL3322666,Cc1cc(C)cc(C(=O)N2CCC3(CC2)Nc2ccccc2-n2cccc23)c1,<rdkit.Chem.rdchem.Mol object at 0x00000227928B44A0>,17810.0,371.484,4.651140000000003,1,1,3,37.27,inactive,4.749336080536756
CHEMBL3322669,N#Cc1ccc(C(=O)N2CCC3(CC2)Nc2cc(C(F)(F)F)ccc2-n2cccc23)cc1,<rdkit.Chem.rdchem.Mol object at 0x00000227928B4510>,4871.0,436.437,4.924780000000004,1,1,4,61.06,active,5.31238187042823
CHEMBL3322671,N#Cc1ccc(C(=O)N2CCC3(CC2)Nc2ccc(F)cc2-n2cccc23)cc1,<rdkit.Chem.rdchem.Mol object at 0x00000227928B4580>,9291.0,386.43000000000006,4.045080000000002,1,1,4,61.06,inactive,5.03193753992355
CHEMBL3322770,COc1ccc(C(=O)N2CCC3(CC2)Nc2cc(OC)ccc2-n2cccc23)cc1,<rdkit.Chem.rdchem.Mol object at 0x00000227928B45F0>,8033.0,403.4820000000001,4.0515000000000025,3,1,5,55.73,inactive,5.095122233036595
CHEMBL3325523,O=S(=O)(Nc1ncns1)c1cc(F)c(OC[C@@H]2CNCC[C@H]2c2ccc(F)cc2)cc1F,<rdkit.Chem.rdchem.Mol object at 0x00000227928B4660>,10000.0,484.5250000000002,3.5283000000000024,7,2,7,93.21,inactive,5.0
CHEMBL3325528,O=S(=O)(Nc1ncns1)c1cc(F)c(OC[C@H]2CNCC[C@@H]2c2ccc(Cl)c(F)c2)cc1F,<rdkit.Chem.rdchem.Mol object at 0x00000227928B46D0>,10000.0,518.9700000000003,4.181700000000003,7,2,7,93.21,inactive,5.0
CHEMBL3337595,COc1ccc2c(c1)NC1(CCN(C(=O)c3ccc(OC)c(N4CCCC4)c3)CC1)c1cccn1-2,<rdkit.Chem.rdchem.Mol object at 0x00000227928B4740>,118.0,472.58900000000034,4.651700000000004,4,1,6,58.97,active,6.928117992693875
CHEMBL3337602,COc1ccc2c(c1)NC1(CCN(C(=O)c3ccc4c(cnn4C)c3)CC1)c1cccn1-2,<rdkit.Chem.rdchem.Mol object at 0x00000227928B47B0>,2811.0,427.50800000000015,3.9296000000000015,2,1,6,64.32,active,5.551139154392559
CHEMBL27,CC(C)NCC(O)COc1cccc2ccccc12,<rdkit.Chem.rdchem.Mol object at 0x00000227928B4820>,2100.0,259.34900000000005,2.577500000000001,6,2,3,41.49,active,5.6777807052660805
CHEMBL270190,C[C@H]1CN(CC(Cc2ccccc2)C(=O)NCC(=O)O)CC[C@@]1(C)c1cccc(O)c1,<rdkit.Chem.rdchem.Mol object at 0x00000227928B4890>,251188.64,424.5410000000002,3.051400000000001,8,3,4,89.87000000000002,inactive,3.6000000054478725
CHEMBL3582336,CCn1cc([C@@]2(c3nn(C)c(=O)o3)N[C@@H](c3nc(-c4ccc(F)cn4)c[nH]3)Cc3c2[nH]c2ccccc32)cn1,<rdkit.Chem.rdchem.Mol object at 0x00000227928B4900>,30000.0,525.5480000000002,3.174100000000001,5,3,9,135.24,inactive,4.522878745280337
CHEMBL3634326,O=C(c1ccccc1)c1ccccc1OCC(O)CN1CCC(N2C(=O)COc3ccccc32)CC1,<rdkit.Chem.rdchem.Mol object at 0x00000227928B4970>,5200.0,486.5680000000003,3.5473000000000017,8,1,6,79.31000000000002,inactive,5.2839966563652006
CHEMBL3634331,O=C(c1ccccc1)c1ccccc1OCC(O)CN1CCC(C(=O)Nc2ccccc2)CC1,<rdkit.Chem.rdchem.Mol object at 0x00000227928B49E0>,1900.0,458.5580000000002,4.008000000000002,9,2,5,78.87,active,5.721246399047171
CHEMBL3632691,O=C1c2ccccc2CN1C1CCN(CC(O)COc2cccc(C(F)(F)F)c2)CC1,<rdkit.Chem.rdchem.Mol object at 0x00000227928B4A50>,4400.0,434.4580000000001,3.565500000000003,6,1,4,53.010000000000005,active,5.356547323513812
CHEMBL3704435,Cn1cc(-c2ccccc2C(F)(F)F)c2ccc(S(=O)(=O)Nc3ncns3)cc21,<rdkit.Chem.rdchem.Mol object at 0x00000227928B4AC0>,10000.0,438.456,4.516400000000003,4,1,6,76.88,inactive,5.0
CHEMBL3657882,CN(C)S(=O)(=O)NC(=O)c1cc(Cl)c(OCC23CC4CC(C2)C(F)(F)C(C4)C3)cc1F,<rdkit.Chem.rdchem.Mol object at 0x00000227928B4B30>,3760.0,480.9360000000003,3.8557000000000032,6,1,4,75.71000000000001,active,5.424812155072339
CHEMBL2409210,Cn1cc(-c2ccc(C(F)(F)F)cc2-c2ccncc2)c2ccc(S(=O)(=O)Nc3ncns3)cc21,<rdkit.Chem.rdchem.Mol object at 0x00000227928B4BA0>,10000.0,515.5420000000001,5.578400000000004,5,1,7,89.77,inactive,5.0
CHEMBL3662236,CS(=O)(=O)NC(=O)c1cc(C2CC2)c(OCC2CCCCC2)cc1F,<rdkit.Chem.rdchem.Mol object at 0x00000227928B4C10>,670.0,369.4580000000002,3.351600000000002,6,1,4,72.47,active,6.173925197299173
CHEMBL3683205,Cn1cc(-c2cc(C(F)(F)F)ccc2-c2cccc3c2CCN(S(=O)(=O)Nc2ncns2)C3)cn1,<rdkit.Chem.rdchem.Mol object at 0x00000227928B4C80>,10000.0,520.5620000000002,4.339400000000004,5,1,7,93.01,inactive,5.0
CHEMBL3704401,Cn1nccc1-c1cc(C(F)(F)F)ccc1-c1c[nH]c2cc(S(=O)(=O)Nc3ncns3)ccc12,<rdkit.Chem.rdchem.Mol object at 0x00000227928B4CF0>,10000.0,504.5190000000001,4.906500000000003,5,2,7,105.56,inactive,5.0
CHEMBL3683226,O=S(=O)(Nc1ncc(F)s1)N1CCc2c(cccc2-c2ccc(C(F)(F)F)cc2-n2ccnc2)C1,<rdkit.Chem.rdchem.Mol object at 0x00000227928B4D60>,10000.0,523.537,4.868700000000003,5,1,6,80.12,inactive,5.0
CHEMBL3657952,O=C(NS(=O)(=O)NCCCO)c1cc(C2CC2)c(OCC23CC4CC(CC(C4)C2)C3)cc1F,<rdkit.Chem.rdchem.Mol object at 0x00000227928B4DD0>,22.0,480.6020000000004,3.244900000000001,10,3,5,104.73,active,7.657577319177793
CHEMBL3704414,Cc1sc(NS(=O)(=O)c2ccc3c(-c4ccc(C(F)(F)F)cc4-c4ccnn4C)cn(C)c3c2)nc1C(F)(F)F,<rdkit.Chem.rdchem.Mol object at 0x00000227928B4E40>,10000.0,599.5820000000002,6.8491200000000045,5,1,7,81.81,inactive,5.0
CHEMBL3658014,O=C(NS(=O)(=O)C1CC1)c1cc(C2CC2)c(OCC23CC4(F)CC(F)(CC(F)(C4)C2)C3)cc1F,<rdkit.Chem.rdchem.Mol object at 0x00000227928B4EB0>,430.0,501.5420000000003,4.796600000000004,7,1,4,72.47,active,6.366531544420414
CHEMBL3683211,O=S(=O)(Nc1ncns1)N1CCc2c(cccc2-c2ccc(C(F)(F)F)cc2-c2cccnc2)C1,<rdkit.Chem.rdchem.Mol object at 0x00000227928B4F20>,4080.0,517.5580000000001,5.000900000000004,5,1,6,88.08,active,5.38933983691012
CHEMBL3683253,CN1CCN(c2cc(C(F)(F)F)ccc2-c2cccc3c2CCN(S(=O)(=O)Nc2ncc(F)s2)C3)CC1,<rdkit.Chem.rdchem.Mol object at 0x00000227928B4F90>,10000.0,555.6229999999999,4.434800000000004,5,1,6,68.78,inactive,5.0
CHEMBL3683251,CN1CC=C(c2cc(C(F)(F)F)ccc2-c2cccc3c2CCN(S(=O)(=O)Nc2ncc(F)s2)C3)CC1,<rdkit.Chem.rdchem.Mol object at 0x00000227928B5000>,10000.0,552.619,5.401900000000005,5,1,5,65.54,inactive,5.0
CHEMBL3683242,COc1cc(C(F)(F)F)ccc1-c1ncnc2c1CCN(S(=O)(=O)Nc1ncc(F)s1)C2,<rdkit.Chem.rdchem.Mol object at 0x00000227928B5070>,10000.0,489.4760000000002,3.481600000000002,5,1,7,97.31000000000002,inactive,5.0
CHEMBL3683246,Cn1nccc1-c1cc(C(F)(F)F)ccc1-c1cccc2c1CCN(S(=O)(=O)Nc1nccs1)C2,<rdkit.Chem.rdchem.Mol object at 0x00000227928B50E0>,10000.0,519.5740000000002,4.944400000000004,5,1,6,80.12,inactive,5.0
CHEMBL3704404,Cn1cc(-c2cccnc2)c2ccc(S(=O)(=O)Nc3ncns3)cc21,<rdkit.Chem.rdchem.Mol object at 0x00000227928B5150>,10000.0,371.44700000000006,2.8926000000000007,4,1,7,89.77,inactive,5.0
CHEMBL3683254,Cc1cn(-c2cc(C(F)(F)F)ccc2-c2cccc3c2CCN(S(=O)(=O)Nc2ncc(F)s2)C3)cn1,<rdkit.Chem.rdchem.Mol object at 0x00000227928B51C0>,10000.0,537.5640000000002,5.177120000000004,5,1,6,80.12,inactive,5.0
CHEMBL3683240,CC(C)(C)OC(=O)N1CC=C(c2cccc3c2CCN(S(=O)(=O)Nc2ncns2)C3)CC1,<rdkit.Chem.rdchem.Mol object at 0x00000227928B5230>,10000.0,477.6120000000002,3.277300000000001,4,1,7,104.73,inactive,5.0
CHEMBL2409207,Cn1nccc1-c1cc(Cl)ccc1-c1cn(C)c2cc(S(=O)(=O)Nc3ncns3)ccc12,<rdkit.Chem.rdchem.Mol object at 0x00000227928B52A0>,10000.0,484.99400000000014,4.5515000000000025,5,1,8,94.7,inactive,5.0
CHEMBL3764592,O=C(Cn1ccccc1=O)Nc1ccc(C[C@@H]2CC[C@H]([C@H](O)c3ccccc3)N2)cc1,<rdkit.Chem.rdchem.Mol object at 0x00000227928B5310>,30000.0,417.509,2.883700000000001,7,3,5,83.36,inactive,4.522878745280337
CHEMBL3797315,Fc1ccc2c(c1)c(OCCn1ccnc1)nn2-c1ccccc1F,<rdkit.Chem.rdchem.Mol object at 0x00000227928B5380>,2000.0,340.333,3.579200000000001,5,0,5,44.87,active,5.698970004336019
CHEMBL3800304,O=C1NCCN1CCOc1nn(-c2ccc(F)cc2F)c2ccc(F)cc12,<rdkit.Chem.rdchem.Mol object at 0x00000227928B53F0>,3400.0,376.3380000000001,2.846800000000001,5,1,4,59.39000000000001,active,5.468521082957745
CHEMBL3805265,O=S(=O)(Nc1ncns1)c1cc(F)c(Oc2ccc(Cl)cc2-c2cccc3nccn23)cc1F,<rdkit.Chem.rdchem.Mol object at 0x00000227928B5460>,10000.0,519.9420000000002,5.377500000000003,6,1,8,98.48,inactive,5.0
CHEMBL3805199,O=S(=O)(Nc1ncns1)c1cc(F)c(Oc2ccc(Cl)cc2-c2cnc3n2CCNC3)cc1F,<rdkit.Chem.rdchem.Mol object at 0x00000227928B54D0>,10000.0,524.9620000000003,4.029500000000002,6,2,9,111.03,inactive,5.0
CHEMBL3805347,O=S(=O)(Nc1ncns1)c1cc(F)c(Oc2ccc(Cl)cc2-c2ccc3nccnc3c2)cc1F,<rdkit.Chem.rdchem.Mol object at 0x00000227928B5540>,10000.0,531.9530000000002,5.673000000000004,6,1,8,106.96,inactive,5.0
CHEMBL3805722,O=S(=O)(Nc1ncns1)c1cc(F)c(Oc2ccc(Cl)cc2-c2ccc3[nH]cnc3c2)cc1F,<rdkit.Chem.rdchem.Mol object at 0x00000227928B55B0>,10000.0,519.9420000000002,5.606100000000003,6,2,7,109.86,inactive,5.0
CHEMBL3929544,O=S(=O)(Nc1cncc(C(F)(F)F)c1)c1ccccc1C(F)(F)F,<rdkit.Chem.rdchem.Mol object at 0x00000227928B5620>,30000.0,370.274,3.920000000000001,3,1,3,59.06,inactive,4.522878745280337
CHEMBL3677858,CCOc1cc(C(F)(F)F)ccc1-c1cccc2cc(S(=O)(=O)Nc3ncns3)ccc12,<rdkit.Chem.rdchem.Mol object at 0x00000227928B5690>,6680.0,479.5050000000001,5.576600000000004,6,1,6,81.18,inactive,5.175223537524454
CHEMBL3692135,O=S(=O)(Nc1nccs1)c1ccc2c(-c3ccc(C(F)(F)F)cc3Cl)nccc2c1,<rdkit.Chem.rdchem.Mol object at 0x00000227928B5700>,30000.0,469.8970000000001,5.831300000000002,4,1,5,71.95,inactive,4.522878745280337
CHEMBL3682638,O=S(=O)(Nc1ncns1)c1ccc2c(-c3ccc(Cl)cc3-c3cn[nH]c3)cccc2c1,<rdkit.Chem.rdchem.Mol object at 0x00000227928B5770>,30000.0,467.9630000000001,5.202600000000003,5,2,6,100.63,inactive,4.522878745280337
CHEMBL3682646,O=S(=O)(Nc1ncns1)c1ccc2c(-c3ccc(Cl)cc3F)cccc2c1,<rdkit.Chem.rdchem.Mol object at 0x00000227928B57E0>,9990.0,419.89,4.951600000000003,4,1,5,71.95,inactive,5.000434511774017
CHEMBL3687595,COc1ccccc1-c1ccnc2cc(S(=O)(=O)Nc3ncns3)ccc12,<rdkit.Chem.rdchem.Mol object at 0x00000227928B5850>,30000.0,398.4690000000001,3.5627000000000013,5,1,7,94.07,inactive,4.522878745280337
CHEMBL3687612,COc1cc(-c2cccc(C(F)(F)F)c2)c(C#N)cc1-c1nccc2cc(S(=O)(=O)Nc3nncs3)ccc12,<rdkit.Chem.rdchem.Mol object at 0x00000227928B58C0>,30000.0,567.5740000000001,6.120180000000005,6,1,8,117.86,inactive,4.522878745280337
CHEMBL3687616,COc1cc(-c2cc(F)cc(F)c2)c(C#N)cc1-c1nccc2cc(S(=O)(=O)Nc3ccon3)ccc12,<rdkit.Chem.rdchem.Mol object at 0x00000227928B5930>,30000.0,518.5010000000002,5.516080000000004,6,1,7,118.11,inactive,4.522878745280337
CHEMBL3687622,COc1ccc(-c2cccc(C(F)(F)F)c2)cc1-c1nccc2cc(S(=O)(=O)Nc3ccncn3)ccc12,<rdkit.Chem.rdchem.Mol object at 0x00000227928B59A0>,30000.0,536.5350000000001,6.187000000000006,6,1,6,94.07,inactive,4.522878745280337
CHEMBL3687627,COc1cc(-c2cc(F)cc(F)c2)ccc1-c1nccc2cc(S(=O)(=O)Nc3nncs3)ccc12,<rdkit.Chem.rdchem.Mol object at 0x00000227928B5A10>,30000.0,510.5470000000002,5.507900000000004,6,1,7,94.07,inactive,4.522878745280337
CHEMBL3692168,COc1cc(OCC(C)C)ccc1-c1nccc2cc(S(=O)(=O)Nc3ccncn3)ccc12,<rdkit.Chem.rdchem.Mol object at 0x00000227928B5A80>,30000.0,464.54700000000014,4.536000000000003,8,1,7,103.3,inactive,4.522878745280337
CHEMBL3692153,N#CCOc1cc(C(F)(F)F)ccc1-c1nccc2cc(S(=O)(=O)Nc3nccs3)ccc12,<rdkit.Chem.rdchem.Mol object at 0x00000227928B5AF0>,30000.0,490.48800000000017,5.080280000000003,6,1,7,104.97,inactive,4.522878745280337
CHEMBL3692157,N#CCOc1ccccc1-c1ncc(F)c2cc(S(=O)(=O)Nc3nccs3)ccc12,<rdkit.Chem.rdchem.Mol object at 0x00000227928B5B60>,30000.0,440.4810000000001,4.200580000000002,6,1,7,104.97,inactive,4.522878745280337
CHEMBL3687689,COc1cc(-c2ccc(F)c(F)c2)ccc1-c1nccc2cc(S(=O)(=O)Nc3ccncn3)ccc12,<rdkit.Chem.rdchem.Mol object at 0x00000227928B5BD0>,30000.0,504.51800000000014,5.446400000000004,6,1,6,94.07,inactive,4.522878745280337
CHEMBL3687704,COc1cccc(-c2ccc(-c3nccc4cc(S(=O)(=O)Nc5ccncn5)ccc34)c(OC)c2)c1,<rdkit.Chem.rdchem.Mol object at 0x00000227928B5C40>,30000.0,498.5640000000002,5.176800000000004,7,1,7,103.3,inactive,4.522878745280337
CHEMBL3687727,COc1cc(-c2ccc(Cl)c(F)c2)ccc1-c1nccc2cc(S(=O)(=O)Nc3ccncn3)ccc12,<rdkit.Chem.rdchem.Mol object at 0x00000227928B5CB0>,30000.0,520.9730000000001,5.9607000000000046,6,1,6,94.07,inactive,4.522878745280337
CHEMBL3692165,COc1cc(-c2cccc(F)c2)ccc1-c1ncnc2cc(S(=O)(=O)Nc3nncs3)ccc12,<rdkit.Chem.rdchem.Mol object at 0x00000227928B5D20>,30000.0,493.5450000000001,4.7638000000000025,6,1,8,106.96,inactive,4.522878745280337
CHEMBL3687753,Cc1cc(Cl)ccc1-c1ncnc2cc(S(=O)(=O)Nc3ncns3)ccc12,<rdkit.Chem.rdchem.Mol object at 0x00000227928B5D90>,30000.0,417.9030000000001,3.9109200000000017,4,1,7,97.73,inactive,4.522878745280337
CHEMBL3962721,O=S(=O)(Nc1ncns1)c1ccc2c(c1)OCCN2c1ccc(C(F)(F)F)cc1Br,<rdkit.Chem.rdchem.Mol object at 0x00000227928B5E00>,10000.0,521.3400000000001,4.650700000000002,4,1,7,84.42,inactive,5.0
CHEMBL3933789,Cc1cnc(NS(=O)(=O)c2ccc3c(c2)OCCN3c2ccc(C(F)(F)F)cc2Cl)s1,<rdkit.Chem.rdchem.Mol object at 0x00000227928B5E70>,10000.0,489.9280000000001,5.455020000000002,4,1,6,71.53,inactive,5.0
CHEMBL3943111,O=S(=O)(Nc1ncns1)c1ccc2c(c1)OCCN2c1ccc(C(F)(F)F)cc1-c1cccnc1,<rdkit.Chem.rdchem.Mol object at 0x00000227928B5EE0>,1330.0,519.5300000000002,4.950200000000003,5,1,8,97.31,active,5.876148359032914
CHEMBL3952945,O=S(=O)(Nc1ncns1)c1ccc2c(c1)OCCN2c1ccc(C(F)(F)F)cc1-c1ccncc1,<rdkit.Chem.rdchem.Mol object at 0x00000227928B5F50>,306.0,519.5300000000002,4.950200000000003,5,1,8,97.31,active,6.51427857351842
CHEMBL3970163,O=S(=O)(Nc1cccnn1)c1ccc2c(c1)OCCN2c1ccc(C(F)(F)F)cc1Cl,<rdkit.Chem.rdchem.Mol object at 0x00000227928B5FC0>,10000.0,470.8600000000001,4.480100000000003,4,1,6,84.42,inactive,5.0
CHEMBL3930401,O=S(=O)(Nc1ccncn1)c1ccc2c(c1)OCCN2c1ccc(C(F)(F)F)cc1Cl,<rdkit.Chem.rdchem.Mol object at 0x00000227928B6030>,4770.0,470.8600000000001,4.480100000000003,4,1,6,84.42,active,5.321481620959886
CHEMBL3975287,O=S(=O)(Nc1ncns1)c1ccc2c(c1)OCCN2c1cccc2ncccc12,<rdkit.Chem.rdchem.Mol object at 0x00000227928B60A0>,10000.0,425.4950000000002,3.417600000000002,4,1,8,97.31,inactive,5.0
CHEMBL3900671,COc1ccc(N2CCOc3cc(S(=O)(=O)Nc4ncns4)ccc32)cc1,<rdkit.Chem.rdchem.Mol object at 0x00000227928B6110>,10000.0,404.47300000000007,2.878000000000001,5,1,8,93.65,inactive,5.0
CHEMBL3964144,[N-]=[N+]=Nc1ccc(N2CCOc3cc(S(=O)(=O)Nc4nccs4)ccc32)c(Br)c1,<rdkit.Chem.rdchem.Mol object at 0x00000227928B6180>,10000.0,493.36800000000005,5.178700000000002,5,1,7,120.29,inactive,5.0
CHEMBL3899549,[N-]=[N+]=Nc1ccc(N2CCOc3cc(S(=O)(=O)Nc4nccs4)ccc32)c(C2=CCNCC2)c1,<rdkit.Chem.rdchem.Mol object at 0x00000227928B61F0>,5280.0,495.5900000000002,4.792900000000004,6,2,8,132.32,inactive,5.277366077466188
CHEMBL3972621,O=S(=O)(Nc1nccs1)c1ccc2c(c1)OCCN2c1cc(F)ccc1F,<rdkit.Chem.rdchem.Mol object at 0x00000227928B6260>,10000.0,409.43900000000014,3.752600000000002,4,1,6,71.53,inactive,5.0
CHEMBL3901597,O=S(=O)(Nc1cncs1)c1ccc2c(c1)OCCN2c1ccc(C(F)(F)F)cc1C1=CCNCC1,<rdkit.Chem.rdchem.Mol object at 0x00000227928B62D0>,10000.0,522.5740000000002,4.869900000000004,5,2,7,83.56,inactive,5.0
CHEMBL3958343,COc1cc(Cl)ccc1N1C[C@H](C)Oc2cc(S(=O)(=O)Nc3nccs3)ccc21,<rdkit.Chem.rdchem.Mol object at 0x00000227928B6340>,10000.0,451.9570000000001,4.524900000000003,5,1,7,80.76,inactive,5.0
CHEMBL4110571,COc1cc(C#N)ccc1N1C[C@@H](C)Oc2cc(S(=O)(=O)Nc3nccs3)ccc21,<rdkit.Chem.rdchem.Mol object at 0x00000227928B63B0>,10000.0,442.5220000000001,3.7431800000000015,5,1,8,104.55,inactive,5.0
CHEMBL3912845,O=S(=O)(Nc1nccs1)c1ccc2c(c1)OCCN2c1ccc(C(F)(F)F)nc1,<rdkit.Chem.rdchem.Mol object at 0x00000227928B6420>,7030.0,442.4440000000001,3.888200000000002,4,1,7,84.42,inactive,5.153044674980176
CHEMBL3889949,O=S(=O)(Nc1nccs1)c1ccc2c(c1)OCCN2c1ccc2c(c1)OC(F)(F)O2,<rdkit.Chem.rdchem.Mol object at 0x00000227928B6490>,10000.0,453.4480000000002,3.7959000000000014,4,1,8,89.99000000000001,inactive,5.0
CHEMBL3929996,O=S(=O)(Nc1nccs1)c1ccc2c(c1)OCCN2c1cncc(Cl)c1,<rdkit.Chem.rdchem.Mol object at 0x00000227928B6500>,6200.0,408.89200000000017,3.522800000000002,4,1,7,84.42,inactive,5.207608310501746
CHEMBL3939564,COc1cncc(N2CCOc3cc(S(=O)(=O)Nc4nccs4)ccc32)c1,<rdkit.Chem.rdchem.Mol object at 0x00000227928B6570>,10000.0,404.473,2.878000000000001,5,1,8,93.65,inactive,5.0
CHEMBL3951340,Cc1ccc(C#N)c(N2CCOc3cc(S(=O)(=O)Nc4nccs4)ccc32)n1,<rdkit.Chem.rdchem.Mol object at 0x00000227928B65E0>,10000.0,413.4840000000001,3.049500000000001,4,1,8,108.21,inactive,5.0
CHEMBL3951692,CCOc1ccc(N2CCOc3cc(S(=O)(=O)Nc4nccs4)ccc32)cn1,<rdkit.Chem.rdchem.Mol object at 0x00000227928B6650>,3830.0,418.50000000000006,3.2681000000000013,6,1,8,93.65,active,5.416801226031377
CHEMBL3986882,O=S(=O)(Nc1nccs1)c1ccc2c(c1)OCCN2c1ccc(-n2cccn2)cc1,<rdkit.Chem.rdchem.Mol object at 0x00000227928B66C0>,2500.0,439.52200000000016,3.6601000000000017,5,1,8,89.35000000000001,active,5.6020599913279625
CHEMBL3938138,O=S(=O)(Nc1nccs1)c1ccc2c(c1)OCCN2c1ccccc1-c1ccncc1,<rdkit.Chem.rdchem.Mol object at 0x00000227928B6730>,10000.0,450.5450000000002,4.536400000000004,5,1,7,84.42,inactive,5.0
CHEMBL3902869,N#Cc1cccc(F)c1N1CCOc2cc(S(=O)(=O)Nc3nccs3)ccc21,<rdkit.Chem.rdchem.Mol object at 0x00000227928B67A0>,10000.0,416.45900000000006,3.485180000000001,4,1,7,95.32,inactive,5.0
CHEMBL3930854,O=C1CCCc2ccc(N3CCOc4cc(S(=O)(=O)Nc5nccs5)ccc43)cc21,<rdkit.Chem.rdchem.Mol object at 0x00000227928B6810>,10000.0,441.5340000000001,3.993400000000003,4,1,7,88.6,inactive,5.0
CHEMBL3942240,Cc1cc(N2CCOc3cc(S(=O)(=O)Nc4nccs4)ccc32)cc(C)c1N(C)C,<rdkit.Chem.rdchem.Mol object at 0x00000227928B6880>,3490.0,444.5820000000002,4.1572400000000025,5,1,7,74.77,active,5.45717457304082
CHEMBL3957373,Cc1ccc(N2CCOc3cc(S(=O)(=O)Nc4nccs4)ccc32)cc1Cl,<rdkit.Chem.rdchem.Mol object at 0x00000227928B68F0>,3140.0,421.93100000000015,4.436220000000003,4,1,6,71.53,active,5.503070351926785
CHEMBL3900228,O=S(=O)(Nc1nccs1)c1ccc2c(c1)OCCN2c1ccc(Cl)cc1F,<rdkit.Chem.rdchem.Mol object at 0x00000227928B6960>,10000.0,425.8940000000001,4.266900000000002,4,1,6,71.53,inactive,5.0
CHEMBL3977812,COc1cc(Cl)ccc1N1CCOc2cc(S(=O)(=O)Nc3nccs3)ccc21,<rdkit.Chem.rdchem.Mol object at 0x00000227928B69D0>,7720.0,437.93000000000006,4.136400000000003,5,1,7,80.76,inactive,5.112382699664264
CHEMBL3896891,N#Cc1ccc(F)cc1N1CCOc2cc(S(=O)(=O)Nc3nccs3)ccc21,<rdkit.Chem.rdchem.Mol object at 0x00000227928B6A40>,3620.0,416.45900000000006,3.485180000000001,4,1,7,95.32,active,5.441291429466834
CHEMBL3911405,N#Cc1ccc(Cl)cc1N1CCOc2cc(S(=O)(=O)Nc3nccs3)ccc21,<rdkit.Chem.rdchem.Mol object at 0x00000227928B6AB0>,1610.0,432.914,3.999480000000002,4,1,7,95.32,active,5.79317412396815
CHEMBL3917677,N#Cc1cc(-c2cccc(F)c2)ccc1N1CCOc2cc(S(=O)(=O)Nc3nccs3)ccc21,<rdkit.Chem.rdchem.Mol object at 0x00000227928B6B20>,854.0,492.5570000000001,5.152180000000002,5,1,7,95.32,active,6.068542129310995
CHEMBL3941069,CC(C)c1ccc(N2CCOc3cc(S(=O)(=O)Nc4nccs4)ccc32)c(C#N)c1,<rdkit.Chem.rdchem.Mol object at 0x00000227928B6B90>,686.0,440.55000000000007,4.469480000000004,5,1,7,95.32,active,6.163675884293248
CHEMBL3893102,O=S(=O)(Nc1nccs1)c1ccc2c(c1)OCCN2c1ccc(C(F)(F)F)cc1CO,<rdkit.Chem.rdchem.Mol object at 0x00000227928B6C00>,1140.0,471.4820000000002,3.985500000000003,5,2,7,91.76,active,5.943095148663527
CHEMBL4070372,CC(C)C[C@H](N)Cc1nc(-c2ccc(Cl)cc2)c[nH]1,<rdkit.Chem.rdchem.Mol object at 0x00000227928B6C70>,13000.0,277.799,3.6460000000000017,5,2,2,54.7,inactive,4.886056647693163
CHEMBL4084106,CC(C)(N)c1nc(-c2ccc(OC(F)(F)F)cc2)c[nH]1,<rdkit.Chem.rdchem.Mol object at 0x00000227928B6CE0>,27000.0,285.26899999999995,3.169100000000001,3,2,3,63.93,inactive,4.568636235841013
CHEMBL4087679,Nc1nccn2c([C@@H]3CCCC(C(=O)O)C3)nc(-c3ccc(C(=O)Nc4cc(C(F)(F)F)ccn4)cc3)c12,<rdkit.Chem.rdchem.Mol object at 0x00000227928B6D50>,30000.0,524.5030000000002,5.003000000000004,5,3,7,135.5,inactive,4.522878745280337
CHEMBL4065251,CCn1nnc(CN2CCN(C(=O)c3ccc(C[C@@H]4CC[C@H]([C@H](O)c5ccccc5)N4)cc3)CC2)n1,<rdkit.Chem.rdchem.Mol object at 0x00000227928B6DC0>,30000.0,489.6240000000002,2.047699999999999,8,2,8,99.41,inactive,4.522878745280337
CHEMBL4087898,C[C@]1(CCOc2cc(F)c(S(=O)(=O)Nc3ncns3)cc2F)CC[C@H](N)CC1,<rdkit.Chem.rdchem.Mol object at 0x00000227928B6E30>,30000.0,432.51800000000026,3.2936000000000014,7,2,7,107.2,inactive,4.522878745280337
CHEMBL4062248,COc1cc(-c2cccc(F)c2)c(Cl)cc1-c1c(=O)n(C)cc2cc(S(=O)(=O)Nc3ccon3)ccc12,<rdkit.Chem.rdchem.Mol object at 0x00000227928B6EA0>,10000.0,539.9720000000002,5.462400000000003,6,1,7,103.43,inactive,5.0
CHEMBL4071917,COc1cc(-c2cccc(F)c2)c(Cl)cc1-c1nccc2cc(S(=O)(=O)Nc3ncon3)ccc12,<rdkit.Chem.rdchem.Mol object at 0x00000227928B6F10>,10000.0,510.93400000000014,5.553700000000003,6,1,7,107.21,inactive,5.0
CHEMBL4092695,COc1cc(-c2cccc(F)c2)c(Cl)cc1-c1nccc2cc(S(=O)(=O)Nc3ncco3)ccc12,<rdkit.Chem.rdchem.Mol object at 0x00000227928B6F80>,10000.0,509.94600000000014,6.158700000000003,6,1,6,94.32,inactive,5.0
CHEMBL4096614,COc1cc(-c2cccc(F)c2)c(Cl)cc1-c1nccc2cc(S(=O)(=O)Nc3cccnn3)ccc12,<rdkit.Chem.rdchem.Mol object at 0x00000227928B6FF0>,10000.0,520.9730000000001,5.960700000000004,6,1,6,94.07,inactive,5.0
CHEMBL4076061,N[C@@H]1CCC=C(c2ccc(F)cc2)[C@H]1COc1cc(F)c(S(=O)(=O)Nc2cscn2)cc1Cl,<rdkit.Chem.rdchem.Mol object at 0x00000227928B7060>,10000.0,512.0030000000002,5.075200000000003,7,2,6,94.31,inactive,5.0
CHEMBL4084643,O=S(=O)(Nc1cscn1)c1cc(Cl)c(NCC23CCCN2CCC3)cc1F,<rdkit.Chem.rdchem.Mol object at 0x00000227928B70D0>,30000.0,430.9580000000003,3.7767000000000026,6,2,6,74.33,inactive,4.522878745280337
CHEMBL4080553,O=S(=O)(Nc1ncc(F)s1)c1cc(Cl)c(NCC23CCCN2CCC3)cc1F,<rdkit.Chem.rdchem.Mol object at 0x00000227928B7140>,1900.0,448.9480000000003,3.9158000000000026,6,2,6,74.33,active,5.721246399047171
CHEMBL4069245,Cc1c([C@@H](O)CN2CCC3(CC2)CCN(c2ccc(=O)n(C)n2)C3=O)ccc2c1COC2=O,<rdkit.Chem.rdchem.Mol object at 0x00000227928B71B0>,30000.0,452.51100000000025,1.3116199999999998,4,1,8,104.97,inactive,4.522878745280337
CHEMBL2323100,Cn1nccc1-c1cc(Cl)ccc1Oc1ccc(S(=O)(=O)Nc2nncs2)cc1C#N,<rdkit.Chem.rdchem.Mol object at 0x00000227928B7220>,25448.0,472.93900000000014,4.0567800000000025,6,1,9,122.79,inactive,4.594346343900693
CHEMBL2324405,Cn1nccc1-c1cc(Cl)ccc1Oc1cc(F)c(S(=O)(=O)Nc2cscn2)cc1Cl,<rdkit.Chem.rdchem.Mol object at 0x00000227928B7290>,25786.0,499.3760000000001,5.582600000000003,6,1,7,86.11,inactive,4.588616021672016
CHEMBL2324388,Cn1nccc1-c1cc(Cl)ccc1Oc1cc(F)c(S(=O)(=O)Nc2ccc(F)cn2)cc1Cl,<rdkit.Chem.rdchem.Mol object at 0x00000227928B7300>,10000.0,511.3370000000001,5.660200000000003,6,1,6,86.11,inactive,5.0
CHEMBL2325601,Nc1[nH]ncc1-c1cc(C(F)(F)F)ccc1Oc1cc(F)c(S(=O)(=O)Nc2cscn2)cc1Cl,<rdkit.Chem.rdchem.Mol object at 0x00000227928B7370>,10549.0,533.916,5.519800000000002,6,3,7,122.99,inactive,4.976788707671111
CHEMBL2325622,CN1CC(n2nccc2-c2cc(Cl)ccc2Oc2cc(F)c(S(=O)(=O)Nc3ncns3)cc2F)C1,<rdkit.Chem.rdchem.Mol object at 0x00000227928B73E0>,29291.0,538.9890000000001,4.4128000000000025,7,1,9,102.24,inactive,4.533265801173697
CHEMBL2324748,CCN1CC(n2nccc2-c2cc(Cl)ccc2Oc2ccc(S(=O)(=O)Nc3cscn3)cc2C#N)C1,<rdkit.Chem.rdchem.Mol object at 0x00000227928B7450>,30000.0,541.0580000000001,5.001380000000005,8,1,9,113.14,inactive,4.522878745280337
CHEMBL2325020,CCN1CC(n2nccc2-c2cc(Cl)ccc2Oc2cc(F)c(S(=O)(=O)Nc3cscn3)cc2F)C1,<rdkit.Chem.rdchem.Mol object at 0x00000227928B74C0>,10000.0,552.0280000000001,5.407900000000004,8,1,8,89.35000000000001,inactive,5.0
CHEMBL4083744,O=S(=O)(Nc1nccs1)c1cc(Cl)c(NCC2OCCO2)cc1F,<rdkit.Chem.rdchem.Mol object at 0x00000227928B7530>,242.0,393.84900000000016,2.5212000000000003,6,2,7,89.55000000000001,active,6.616184634019569
CHEMBL1480490,O=C(COc1cccc2cccnc12)Nc1ccccc1N1CCOCC1,<rdkit.Chem.rdchem.Mol object at 0x00000227928B75A0>,980.0,363.41700000000026,3.088900000000001,5,1,5,63.69,active,6.008773924307505
CHEMBL4076874,O=C(Nc1cccc(C(F)(F)F)c1N1CCOCC1)c1cccc(-c2ccccn2)c1,<rdkit.Chem.rdchem.Mol object at 0x00000227928B7610>,400.0,427.4260000000001,4.856300000000004,4,1,4,54.46000000000001,active,6.3979400086720375
CHEMBL4130058,COc1cc(-c2n[nH]c(S(=O)(=O)N3CCC3)n2)ccc1-c1cnc(OCC(C)C)c(Cl)c1,<rdkit.Chem.rdchem.Mol object at 0x00000227928B7680>,2600.0,477.97400000000016,3.624900000000002,8,1,7,110.3,active,5.585026652029182
CHEMBL4129799,O=S(=O)(CC1CC1)c1n[nH]c(-c2cc(F)c(-c3cnc(Oc4ccc(F)cc4F)c(Cl)c3)cc2F)n1,<rdkit.Chem.rdchem.Mol object at 0x00000227928B76F0>,12000.0,538.9100000000001,5.719500000000004,7,1,6,97.83,inactive,4.920818753952375
CHEMBL4127992,CO[C@H]1CC[C@@]2(C)[C@@H](C1)C[C@@H](N1CCC[C@@H](N)C1)[C@@H]2Oc1ccc(C#N)cc1,<rdkit.Chem.rdchem.Mol object at 0x00000227928B7760>,30000.0,383.53600000000006,3.322480000000001,4,1,5,71.50999999999999,inactive,4.522878745280337
CHEMBL4210634,O=S(=O)(Nc1ncns1)c1cc(F)c(OC2OCCNC2c2ccc(Cl)cc2Cl)cc1F,<rdkit.Chem.rdchem.Mol object at 0x00000227928B77D0>,1700.0,523.3700000000002,3.989900000000002,6,2,8,102.44,active,5.769551078621726
CHEMBL4291605,O=C(NCc1ccccc1)C(c1ccccc1)N1CCN(C(=O)c2cc(F)cnc2Cl)CC1,<rdkit.Chem.rdchem.Mol object at 0x00000227928B7840>,9100.0,466.9440000000003,3.689600000000002,6,1,4,65.54,inactive,5.040958607678906
CHEMBL4288200,O=C(NCc1ccccc1)C(c1ccccc1)N1CCN(Cc2ccccc2)CC1,<rdkit.Chem.rdchem.Mol object at 0x00000227928B78B0>,140.0,399.5380000000002,3.861900000000003,7,1,3,35.580000000000005,active,6.853871964321762
CHEMBL4294045,O=C(NCC(F)(F)C1CC1)C(c1ccccc1)N1CCN(C(=O)c2cc(F)cc(F)c2)CC1,<rdkit.Chem.rdchem.Mol object at 0x00000227928B7920>,6700.0,463.4750000000003,3.6254000000000026,7,1,3,52.650000000000006,inactive,5.173925197299174
CHEMBL4287235,N#Cc1ccc(C(C(=O)Nc2ccc(OCC(F)(F)F)nc2)N2CCN(C(=O)c3cc(F)cc(F)c3)CC2)cc1,<rdkit.Chem.rdchem.Mol object at 0x00000227928B7990>,9600.0,559.4950000000001,4.310380000000003,7,1,6,98.56,inactive,5.017728766960431
CHEMBL4278502,N#Cc1ccc(C(C(=O)NCC(F)(F)C2CC2)N2CCN(C(=O)c3cc(F)ccc3Cl)CC2)cc1,<rdkit.Chem.rdchem.Mol object at 0x00000227928B7A00>,27000.0,504.9400000000003,4.011380000000004,7,1,4,76.44,inactive,4.568636235841013
CHEMBL4283748,Cn1cc(-c2cnc(OCC3CC3)c(Cl)c2)c2ccc(C(=O)NS(=O)(=O)C3CC3)cc21,<rdkit.Chem.rdchem.Mol object at 0x00000227928B7A70>,15105.0,459.9550000000002,3.9045000000000014,7,1,6,90.29,inactive,4.820879270390701
CHEMBL4292013,Cn1cc(-c2ccc(C(F)(F)F)cc2)c2cc(F)c(C(=O)NS(C)(=O)=O)cc21,<rdkit.Chem.rdchem.Mol object at 0x00000227928B7AE0>,30000.0,414.3800000000001,3.6926000000000014,3,1,4,68.17,inactive,4.522878745280337
CHEMBL4439243,Cn1cc(C2C3CC4CC2CN(C4)C3)c2ccc(C(=O)NS(=O)(=O)C3CC3)cc21,<rdkit.Chem.rdchem.Mol object at 0x00000227928B7B50>,30000.0,413.5430000000001,2.4555000000000007,4,1,5,71.41,inactive,4.522878745280337
CHEMBL4571595,CN1CCC(c2cn(C)c3cc(C(=O)NS(=O)(=O)C4CC4)ccc23)CC1,<rdkit.Chem.rdchem.Mol object at 0x00000227928B7BC0>,30000.0,375.4940000000002,2.2095,4,1,5,71.41,inactive,4.522878745280337
CHEMBL4574408,Cn1cc(C2CCCC(C)(C)C2)c2ccc(C(=O)NS(=O)(=O)C3CC3)cc21,<rdkit.Chem.rdchem.Mol object at 0x00000227928B7C30>,4100.0,388.5330000000001,4.084100000000003,4,1,4,68.17,active,5.3872161432802645
CHEMBL4445556,NC[C@H](Oc1noc2ccc(-c3ccccc3Cl)cc12)c1ccccc1,<rdkit.Chem.rdchem.Mol object at 0x00000227928B7CA0>,22000.0,364.8320000000001,5.227000000000004,5,1,4,61.28,inactive,4.657577319177793
CHEMBL4568451,CCc1cccc(-c2cn(C)c3cc(C(=O)NS(C)(=O)=O)ccc23)c1,<rdkit.Chem.rdchem.Mol object at 0x00000227928B7D10>,30000.0,356.44700000000006,3.097100000000001,4,1,4,68.17,inactive,4.522878745280337
CHEMBL4451746,Cn1cc(-c2ccc(C(F)(F)F)cc2Cl)c2ccc(C(=O)NS(C)(=O)=O)cc21,<rdkit.Chem.rdchem.Mol object at 0x00000227928B7D80>,8600.0,430.8350000000001,4.206900000000004,3,1,4,68.17,inactive,5.0655015487564325
CHEMBL4553935,Cn1cc(-c2ccc(OC(F)(F)F)cc2)c2ccc(C(=O)NS(C)(=O)=O)cc21,<rdkit.Chem.rdchem.Mol object at 0x00000227928B7DF0>,16000.0,412.3890000000001,3.433300000000002,4,1,5,77.4,inactive,4.795880017344075
CHEMBL4441297,Cn1cc(-c2ccc(C(F)F)cc2)c2ccc(C(=O)NS(=O)(=O)C3CC3)cc21,<rdkit.Chem.rdchem.Mol object at 0x00000227928B7E60>,30000.0,404.43800000000016,4.004900000000003,5,1,4,68.17,inactive,4.522878745280337
CHEMBL4456402,COc1cc(-c2cn(C)c3cc(C(=O)NS(=O)(=O)C4CC4)ccc23)cnc1OCC(C)C,<rdkit.Chem.rdchem.Mol object at 0x00000227928B7ED0>,30000.0,457.5520000000003,3.505700000000002,8,1,7,99.52,inactive,4.522878745280337
CHEMBL2041980,CS(=O)(=O)c1ccc(-c2cnc(N)c(-c3ccc(C(F)(F)F)nc3)c2)cc1,<rdkit.Chem.rdchem.Mol object at 0x00000227928B7F40>,10000.0,393.39,3.815100000000002,3,1,5,85.94,inactive,5.0
CHEMBL4530872,O=C1CN(c2cn[nH]c(=O)c2Cl)CCN1Cc1ccccc1C(F)(F)F,<rdkit.Chem.rdchem.Mol object at 0x00000227928B8040>,30000.0,386.761,2.2909,3,1,4,69.3,inactive,4.522878745280337
CHEMBL4551786,CCOC(=O)N1CC/C(=C\C#Cc2cccc(C)n2)C1,<rdkit.Chem.rdchem.Mol object at 0x00000227928B80B0>,12290.0,270.33200000000005,2.530120000000001,1,0,3,42.43,inactive,4.910448117113546
CHEMBL4537339,CS(=O)(=O)NC(=O)c1cc(F)c(Oc2ccc(Cl)c(Cl)c2)cc1F,<rdkit.Chem.rdchem.Mol object at 0x00000227928B8120>,30000.0,396.1980000000001,3.753300000000001,4,1,4,72.47,inactive,4.522878745280337
CHEMBL4445237,CS(=O)(=O)NC(=O)c1cc(F)c(-c2ccc(Cl)c(Cl)c2)cc1F,<rdkit.Chem.rdchem.Mol object at 0x00000227928B8190>,42000.0,380.19900000000007,3.628000000000002,3,1,3,63.24,inactive,4.376750709602099
CHEMBL4558539,COc1cc(C(=O)NS(C)(=O)=O)ccc1-c1cnc(OCC2(C)CC2)c(Cl)c1,<rdkit.Chem.rdchem.Mol object at 0x00000227928B8200>,9300.0,424.9060000000003,3.278900000000002,7,1,6,94.59,inactive,5.031517051446065
CHEMBL4457557,NC(=O)c1ccc(Cc2ccccc2)cc1-c1cccc(CCC(=O)O)c1,<rdkit.Chem.rdchem.Mol object at 0x00000227928B8270>,33300.0,359.4250000000002,4.060500000000002,7,2,2,80.39,inactive,4.47755576649368
CHEMBL4647620,Cc1nc(-c2cc(C(F)(F)F)ccc2[C@H]2CCOc3cc(S(=O)(=O)Nc4ccncn4)ccc32)co1,<rdkit.Chem.rdchem.Mol object at 0x00000227928B82E0>,1168.0,516.5010000000001,5.174020000000005,5,1,7,107.21,active,5.932557157223619
CHEMBL4639765,Cc1ccc(-c2cc(C(F)(F)F)ccc2[C@H]2CCOc3cc(S(=O)(=O)Nc4cccc(F)n4)ccc32)cn1,<rdkit.Chem.rdchem.Mol object at 0x00000227928B8350>,1312.0,543.542,6.3251200000000045,5,1,5,81.18,active,5.882066164960358
CHEMBL4776201,Cc1ncc(-c2nc3c(-c4ccc5c(c4)[C@@]4(CCCN4C(=O)C4CC4)C(=O)N5C)ncnc3n2C)cn1,<rdkit.Chem.rdchem.Mol object at 0x00000227928B83C0>,30000.0,494.55900000000025,2.9998200000000006,3,0,8,110.0,inactive,4.522878745280337
CHEMBL4643875,Cc1c(N2CC[C@@H]([C@H](C)N)C2)c(F)cc2cc(C(=O)O)c(=O)n(C3CC3)c12,<rdkit.Chem.rdchem.Mol object at 0x00000227928B8430>,50000.0,373.4280000000001,2.6556200000000008,4,2,5,88.56,inactive,4.301029995663981
CHEMBL4856594,C[C@H]1COc2c(N3CC[C@@H](C4(N)CC4)C3)c(F)cc3cc(C(=O)O)c(=O)n1c23,<rdkit.Chem.rdchem.Mol object at 0x00000227928B84A0>,500000.0,387.4110000000001,2.1098,3,2,6,97.79000000000002,inactive,3.3010299956639813
CHEMBL4870820,O=S(=O)(Nc1cc(F)ccn1)c1cc(F)c(O[C@H]2CCN(CC(F)(F)F)C[C@@H]2c2ccccc2)cc1F,<rdkit.Chem.rdchem.Mol object at 0x00000227928B8510>,1290.0,545.5050000000002,5.098900000000003,7,1,5,71.53,active,5.889410289700751
CHEMBL5092058,Cc1cn([C@H](C)CC#N)c(=O)c2cc(Cn3nc(C(F)F)cc3Cl)nn12,<rdkit.Chem.rdchem.Mol object at 0x00000227928B8580>,10000.0,380.78600000000006,3.1149000000000013,5,0,7,80.91,inactive,5.0
CHEMBL3957193,O=C(c1ccc2cc(Oc3ccc(C(F)(F)F)cn3)ccc2n1)N1CCNCC1,<rdkit.Chem.rdchem.Mol object at 0x00000227928B85F0>,33000.0,402.37600000000015,3.4863000000000017,3,1,5,67.35,inactive,4.481486060122113
CHEMBL3935365,O=C(c1ccc2cc(Oc3ccc(C(F)(F)F)cn3)ccc2n1)N1CCC1,<rdkit.Chem.rdchem.Mol object at 0x00000227928B8660>,33000.0,373.3340000000001,4.286800000000003,3,0,4,55.32,inactive,4.481486060122113
CHEMBL4444707,CS(=O)(=O)NC(=O)c1cc(C2CC2)c(OCC2CCN(Cc3cc(C(F)(F)F)ccc3Cl)CC2)cc1F,<rdkit.Chem.rdchem.Mol object at 0x00000227928B86D0>,3.2,563.0130000000001,5.355700000000006,8,1,5,75.71,active,8.494850021680094
CHEMBL5077861,C=CC(=O)N1CC2(CC(n3nc(-c4ccc5c(cnn5C)c4)c(-c4c(Cl)c(C)cc5[nH]ncc45)c3C)C2)C1,<rdkit.Chem.rdchem.Mol object at 0x00000227928B8740>,10000.0,526.0440000000002,5.599840000000005,4,1,6,84.63000000000001,inactive,5.0
CHEMBL5284353,O=C1NCCc2c1cnn2-c1ccnc(Cc2cc(F)cc(C(F)(F)F)c2)c1,<rdkit.Chem.rdchem.Mol object at 0x00000227928B87B0>,10000.0,390.34,3.3019000000000016,3,1,4,59.81,inactive,5.0
CHEMBL3662077,CC1(COc2cc(F)c(C(=O)NS(=O)(=O)C3CC3)cc2C2CC2)CCC(F)(F)CC1,<rdkit.Chem.rdchem.Mol object at 0x00000227928B8820>,260.0,445.5030000000004,4.519500000000004,7,1,4,72.47,active,6.585026652029182
CHEMBL4639128,COCc1nc2cnc3cc(-c4c(C)noc4C)c(OC[C@H]4CCNC4)cc3c2n1[C@H](C)c1ccccc1,<rdkit.Chem.rdchem.Mol object at 0x00000227928B8890>,50118.72,511.6260000000003,5.600340000000005,8,1,8,87.23000000000002,inactive,4.300000029139088
CHEMBL5400099,CCN=C(C)NC(=O)Nc1c(CC)cccc1CC,<rdkit.Chem.rdchem.Mol object at 0x00000227928B8900>,3800.0,261.369,3.371200000000002,4,2,2,53.49,active,5.42021640338319
CHEMBL5404418,CCNc1ccc(C(F)(F)F)c(Nc2c(CC)cccc2CC)n1,<rdkit.Chem.rdchem.Mol object at 0x00000227928B8970>,14000.0,337.38900000000007,5.400600000000004,6,2,3,36.95,inactive,4.853871964321762
CHEMBL3350235,CSc1ccc([C@@H]2N=C(OCc3ccc(NS(C)(=O)=O)cc3)N(C)Cc3ccccc32)cc1,<rdkit.Chem.rdchem.Mol object at 0x00000227928B89E0>,30000.0,481.6430000000002,4.887600000000004,6,1,6,70.99999999999999,inactive,4.522878745280337
CHEMBL109012,N=C(NCCCCc1ccccc1)NC(=O)c1cccc(Cl)c1Cl,<rdkit.Chem.rdchem.Mol object at 0x00000227928B8A50>,2710.0,364.27600000000007,4.270470000000003,6,3,2,64.98,active,5.567030709125595
CHEMBL108347,CCCCOc1ccc(C(=O)N=C(N)NCCCCc2ccccc2)cc1,<rdkit.Chem.rdchem.Mol object at 0x00000227928B8AC0>,560.0,367.49300000000005,3.9329000000000023,10,2,2,76.71,active,6.251811972993799
CHEMBL401258,Cc1cccc(NC(=O)c2ccc(-c3ccc(C#N)cc3)o2)c1,<rdkit.Chem.rdchem.Mol object at 0x00000227928B8B30>,2000.0,302.333,4.379000000000003,3,1,3,66.03,active,5.698970004336019
CHEMBL495601,O=C1CC2(CCN(C(=O)NC3CCc4ccccc4C3)CC2)Oc2ccccc21,<rdkit.Chem.rdchem.Mol object at 0x00000227928B8BA0>,1000.0,390.4830000000002,3.7535000000000025,1,1,3,58.64,active,6.0
CHEMBL495995,O=C(N[C@H]1C[C@@H]1c1ccccc1)N1CCC2(CCc3ccccc3O2)CC1,<rdkit.Chem.rdchem.Mol object at 0x00000227928B8C10>,10000.0,362.47300000000007,4.111900000000004,2,1,2,41.57000000000001,inactive,5.0
CHEMBL497829,CS(=O)(=O)c1ccc2c(c1)CCC1(CCN(C(=O)Cc3ccc(Cl)cc3Cl)CC1)O2,<rdkit.Chem.rdchem.Mol object at 0x00000227928B8C80>,10000.0,468.4020000000002,4.325800000000004,3,0,4,63.68000000000001,inactive,5.0
CHEMBL564547,Cc1noc(C2CCN(C(=O)NC3CC3c3ccccc3)CC2)n1,<rdkit.Chem.rdchem.Mol object at 0x00000227928B8CF0>,10000.0,326.4000000000001,2.823120000000001,3,1,4,71.26,inactive,5.0
CHEMBL551517,O=C(NC1CC1c1ccccc1)N1CCC(c2nc(-c3ncccn3)no2)CC1,<rdkit.Chem.rdchem.Mol object at 0x00000227928B8D60>,10000.0,390.4470000000001,2.971700000000001,4,1,6,97.04,inactive,5.0
CHEMBL562926,O=C(NC1CCc2ccccc2CC1)N1CCC(c2nc(-c3ccccn3)no2)CC1,<rdkit.Chem.rdchem.Mol object at 0x00000227928B8DD0>,10000.0,417.51300000000015,3.968200000000003,3,1,5,84.15,inactive,5.0
CHEMBL1077781,O=C(O)CC1(c2ccccc2)CCCN(C(=O)Nc2ccc(Cl)cc2)C1,<rdkit.Chem.rdchem.Mol object at 0x00000227928B8E40>,10000.0,372.8520000000001,4.380400000000003,4,2,2,69.64,inactive,5.0
CHEMBL1079246,CNC(=O)CCC1(c2ccccc2)CCCN(C(=O)Nc2ccc(Cl)cc2)C1,<rdkit.Chem.rdchem.Mol object at 0x00000227928B8EB0>,10000.0,399.92200000000014,4.431900000000003,5,2,2,61.440000000000005,inactive,5.0
CHEMBL1797409,Cc1onc(-c2c(Cl)cccc2Cl)c1CC(=O)NCc1ccc(OC(C)C)nc1,<rdkit.Chem.rdchem.Mol object at 0x00000227928B8F20>,4677.35,434.3230000000002,4.997920000000004,7,1,5,77.25,active,5.330000131185909
CHEMBL1797402,Cc1onc(-c2c(Cl)cccc2Cl)c1N(C)C(=O)NCc1ccc(OC2CCOCC2)nc1,<rdkit.Chem.rdchem.Mol object at 0x00000227928B8F90>,5888.44,491.3750000000004,5.255620000000004,6,1,6,89.72000000000001,inactive,5.229999745811777
CHEMBL1797399,Cc1cccc(C)c1-c1noc(C)c1NC(=O)OCc1c(F)cccc1Cl,<rdkit.Chem.rdchem.Mol object at 0x00000227928B9000>,7762.47,388.82600000000014,5.808060000000004,4,1,4,64.36,inactive,5.110000065251387
CHEMBL1797393,Cc1onc(-c2c(Cl)cccc2Cl)c1N(C)C(=O)OCc1ccc(OC(C)C)nc1,<rdkit.Chem.rdchem.Mol object at 0x00000227928B9070>,28840.32,450.3220000000003,5.9120200000000045,6,0,6,77.69000000000001,inactive,4.539999925177879
CHEMBL1797392,Cc1onc(-c2c(Cl)cccc2Cl)c1NC(=O)OCc1ccc(OC2CCCC2)nc1,<rdkit.Chem.rdchem.Mol object at 0x00000227928B90E0>,1348.96,462.3330000000004,6.421920000000004,6,1,6,86.48,active,5.8700009280425745
CHEMBL2011950,Nc1ccnc(Nc2ccc(Oc3ccc(Cl)cc3)cc2)n1,<rdkit.Chem.rdchem.Mol object at 0x00000227928B9150>,500.0,312.76,4.248100000000003,4,2,5,73.06,active,6.301029995663981
CHEMBL2012273,Fc1c(Cn2ccc3c(OC4CCN(Cc5cscn5)CC4)ncnc32)cccc1C(F)(F)F,<rdkit.Chem.rdchem.Mol object at 0x00000227928B91C0>,40.0,491.5140000000001,5.137400000000004,6,0,7,56.07,active,7.3979400086720375
CHEMBL2012283,Cn1cc(CN2CCC(Oc3ncnc4c3ccn4Cc3ccccc3)CC2)cn1,<rdkit.Chem.rdchem.Mol object at 0x00000227928B9230>,440.0,402.5020000000002,3.2565000000000017,6,0,7,61.0,active,6.356547323513812
CHEMBL2012285,Cc1nc(CN2CCC(Oc3ncnc4c3ccn4Cc3ccccc3)CC2)cs1,<rdkit.Chem.rdchem.Mol object at 0x00000227928B92A0>,80.0,419.5540000000002,4.287920000000004,6,0,7,56.07,active,7.096910013008056
CHEMBL2012300,Fc1c(Cl)cccc1Cn1ccc2c(OC3CCN(Cc4ccccn4)CC3)ncnc21,<rdkit.Chem.rdchem.Mol object at 0x00000227928B9310>,80.0,451.9330000000002,4.710500000000003,6,0,6,56.07,active,7.096910013008056
CHEMBL2069401,CN1CCN(c2cccc3c2C[C@H](NC(=O)c2ccc(OCC(F)(F)F)nc2)CO3)CC1,<rdkit.Chem.rdchem.Mol object at 0x00000227928B9380>,5011.87,450.4610000000002,2.508000000000001,5,1,6,66.93,inactive,5.300000202445418
CHEMBL2069402,CN1CCN(c2cccc3c2C[C@H](NC(=O)c2ccc(OCCC(F)(F)F)nc2)CO3)CC1,<rdkit.Chem.rdchem.Mol object at 0x00000227928B93F0>,5011.87,464.4880000000002,2.898100000000001,6,1,6,66.93,inactive,5.300000202445418
CHEMBL2069418,COCCn1nc(C)c(C(=O)N[C@@H]2COc3cccc(-c4cccnc4)c3C2)n1,<rdkit.Chem.rdchem.Mol object at 0x00000227928B9460>,31622.78,393.4470000000001,2.02842,6,1,7,91.16,inactive,4.499999953328896
CHEMBL2069425,COc1cnc(-c2cccc3c2C[C@H](NC(=O)c2ccc(OCC(F)(F)F)nc2)CO3)cn1,<rdkit.Chem.rdchem.Mol object at 0x00000227928B94D0>,25118.86,460.41200000000015,3.221800000000001,6,1,7,95.46,inactive,4.600000074606178
CHEMBL2147214,Cc1ncc(-c2ccccc2CCNC(=O)c2ccc(OCCC(F)(F)F)nc2)cn1,<rdkit.Chem.rdchem.Mol object at 0x00000227928B9540>,5011.87,430.4300000000001,4.150720000000003,8,1,5,77.0,inactive,5.300000202445418
CHEMBL2147215,O=C(NCCc1ccccc1-c1ccc(CO)nc1)c1ccc(OCCC(F)(F)F)nc1,<rdkit.Chem.rdchem.Mol object at 0x00000227928B95B0>,12589.25,445.44100000000014,3.939600000000003,9,2,5,84.34,inactive,4.900000142057633
CHEMBL2147219,Cc1ncc(-c2ccccc2CCNC(=O)c2ccc(C(=O)NCCCC(F)(F)F)nc2)cn1,<rdkit.Chem.rdchem.Mol object at 0x00000227928B9620>,6309.57,471.4830000000002,3.891820000000002,9,2,5,96.87,inactive,5.200000237109354
CHEMBL2147304,COc1ncc(-c2cccc(OC(F)F)c2CCNC(=O)c2ccc(OCCC(F)(F)F)nc2)cn1,<rdkit.Chem.rdchem.Mol object at 0x00000227928B9690>,7943.28,512.4350000000001,4.452300000000003,11,1,7,95.46,inactive,5.100000128334196
CHEMBL2147309,Cc1cnc(-c2c(F)ccc(F)c2CCNC(=O)c2ccc(COCC(F)(F)F)nc2)cn1,<rdkit.Chem.rdchem.Mol object at 0x00000227928B9700>,1584.89,466.41000000000014,4.176620000000002,8,1,5,77.0,active,5.800000874803203
CHEMBL2147313,COc1ncc(-c2cc(C)cnc2CCNC(=O)c2ccc(COCC(F)(F)F)nc2)cn1,<rdkit.Chem.rdchem.Mol object at 0x00000227928B9770>,31622.78,461.4440000000001,3.302020000000001,9,1,7,99.12000000000002,inactive,4.499999953328896
CHEMBL2164038,O=C(NCc1ccc(OC(F)(F)F)cc1)c1c2c(O)cccc2c(O)n1CCc1ccccn1,<rdkit.Chem.rdchem.Mol object at 0x00000227928B97E0>,33000.0,471.4350000000002,4.518800000000003,7,3,6,96.61,inactive,4.481486060122113
CHEMBL2164363,O=C(NCc1ccc(OC(F)(F)F)cc1)c1c2ccccc2c(O)n1CC(F)(F)c1ccccn1,<rdkit.Chem.rdchem.Mol object at 0x00000227928B9850>,1900.0,491.4160000000001,5.362500000000004,7,2,5,76.38,active,5.721246399047171
CHEMBL2164357,O=C(NCc1ccc(OC(F)(F)F)cc1)c1c2ccccc2c(O)n1CCCc1ccccn1,<rdkit.Chem.rdchem.Mol object at 0x00000227928B98C0>,7900.0,469.4630000000002,5.203300000000004,8,2,5,76.38,inactive,5.102372908709558
CHEMBL2164046,O=C(NCc1ccc(OC(F)(F)F)cc1)c1c2ccccc2c(O)n1CCc1ccncc1,<rdkit.Chem.rdchem.Mol object at 0x00000227928B9930>,6100.0,455.43600000000015,4.813200000000004,7,2,5,76.38,inactive,5.214670164989233
CHEMBL2163357,N#C[C@H]1CC[C@H](n2c(O)c3ccccc3c2C(=O)NCc2ccc(OC(F)(F)F)cc2)CC1,<rdkit.Chem.rdchem.Mol object at 0x00000227928B99A0>,6100.0,457.4520000000002,5.430380000000003,5,2,5,87.28000000000002,inactive,5.214670164989233
CHEMBL2164370,O=C(NCc1ccc(OC(F)(F)F)cc1)c1c2ccccc2c(O)n1CCN1CCOCC1,<rdkit.Chem.rdchem.Mol object at 0x00000227928B9A10>,2900.0,463.4560000000003,3.5077000000000025,7,2,6,75.96000000000001,active,5.5376020021010435
CHEMBL2164388,COc1ccc(CNC(=O)c2c3ccccc3c(O)n2CCc2ccccn2)cc1,<rdkit.Chem.rdchem.Mol object at 0x00000227928B9A80>,23000.0,401.4660000000001,3.923200000000002,7,2,5,76.38,inactive,4.638272163982407
CHEMBL2164386,O=C(NCc1ccccc1Br)c1c2ccccc2c(O)n1CCc1ccccn1,<rdkit.Chem.rdchem.Mol object at 0x00000227928B9AF0>,33000.0,450.3360000000002,4.677100000000003,6,2,4,67.15,inactive,4.481486060122113
CHEMBL479441,COCCOc1cc2ncc(C(N)=O)c(Nc3ccc(F)cc3F)c2cc1N1CCN(C)CC1,<rdkit.Chem.rdchem.Mol object at 0x00000227928B9B60>,30000.0,471.50800000000027,3.132500000000002,8,2,7,92.95,inactive,4.522878745280337
CHEMBL2409407,COc1cc2nnc(C(N)=O)c(Nc3ccc(C)cc3F)c2cc1N1CCN(CCO)CC1,<rdkit.Chem.rdchem.Mol object at 0x00000227928B9BD0>,26000.0,454.5060000000003,2.04272,7,3,8,116.84,inactive,4.585026652029182
CHEMBL2409400,COc1cc2nnc(C(N)=O)c(Nc3ccc(C)cc3F)c2cc1N1CCC(N(C)C)CC1,<rdkit.Chem.rdchem.Mol object at 0x00000227928B9C40>,24000.0,452.5340000000003,3.458820000000002,6,2,7,96.61,inactive,4.619788758288394
CHEMBL3085877,Nc1nc2c(s1)CC(CNC(=O)C1CCCN1)CC2,<rdkit.Chem.rdchem.Mol object at 0x00000227928B9CB0>,30000.0,280.39700000000005,0.6983999999999995,3,3,5,80.03999999999999,inactive,4.522878745280337
CHEMBL3325526,O=S(=O)(Nc1ncns1)c1cc(F)c(OC[C@H]2CNCC[C@@H]2c2ccc(Cl)cc2)cc1F,<rdkit.Chem.rdchem.Mol object at 0x00000227928B9D20>,5200.0,500.98000000000025,4.042600000000003,7,2,7,93.21,inactive,5.2839966563652006
CHEMBL3325527,O=S(=O)(Nc1ncns1)c1cc(F)c(OC[C@H]2CNCC[C@@H]2c2ccc(F)c(F)c2)cc1F,<rdkit.Chem.rdchem.Mol object at 0x00000227928B9D90>,10000.0,502.5150000000002,3.6674000000000015,7,2,7,93.21,inactive,5.0
CHEMBL3325548,O=S(=O)(Nc1ccncn1)c1cc(F)c(OC[C@@H]2CNCC[C@H]2c2ccc(Cl)cc2)cc1F,<rdkit.Chem.rdchem.Mol object at 0x00000227928B9E00>,10000.0,494.95100000000014,3.981100000000003,7,2,6,93.21,inactive,5.0
CHEMBL3337591,COc1ccc2c(c1)NC1(CCCN(C(=O)c3ccc(OC)c(N(C)C)c3)CC1)c1cccn1-2,<rdkit.Chem.rdchem.Mol object at 0x00000227928B9E70>,3069.0,460.5780000000002,4.5076000000000045,4,1,6,58.97,active,5.513003111568177
CHEMBL3337588,COc1ccc2c(c1)N[C@]1(CCN(C(=O)c3ccc(OC)c(N(C)C)c3)[C@H](C)C1)c1cccn1-2,<rdkit.Chem.rdchem.Mol object at 0x00000227928B9EE0>,3261.0,460.5780000000002,4.506000000000004,4,1,6,58.97,active,5.486649201194043
CHEMBL1346,NC(=O)C(c1ccccc1)(c1ccccc1)[C@@H]1CCN(CCc2ccc3c(c2)CCO3)C1,<rdkit.Chem.rdchem.Mol object at 0x00000227928B9F50>,1584.89,426.5600000000003,3.957500000000003,7,1,3,55.56,active,5.800000874803203
CHEMBL1734,O=C(O[C@H]1CN2CCC1CC2)N1CCc2ccccc2[C@@H]1c1ccccc1,<rdkit.Chem.rdchem.Mol object at 0x00000227928B9FC0>,6309.57,362.47300000000007,3.864900000000003,2,0,3,32.78,inactive,5.200000237109354
CHEMBL3589894,CNC(=O)c1ccc(-c2cc(Cl)cc(Cl)c2Cl)c(N)n1,<rdkit.Chem.rdchem.Mol object at 0x00000227928BA030>,9000.0,330.60200000000003,3.6506000000000007,2,2,3,68.01,inactive,5.045757490560675
CHEMBL3589904,COc1ccc(Cl)c(-c2ccc(NC(=O)c3ccnn3C)nc2N)c1,<rdkit.Chem.rdchem.Mol object at 0x00000227928BA0A0>,37000.0,357.8010000000001,2.9786,4,2,6,95.06,inactive,4.431798275933005
CHEMBL3617062,O=S(=O)(Nc1ncns1)c1cc(F)c(OC[C@@H]2CNCC[C@H]2c2ccc(Cl)c(F)c2)cc1F,<rdkit.Chem.rdchem.Mol object at 0x00000227928BA110>,10000.0,518.9700000000003,4.181700000000003,7,2,7,93.21,inactive,5.0
CHEMBL3634332,O=C(c1ccccc1)c1cccc(OCC(O)CN2CCC(N3Cc4ccccc4C3=O)CC2)c1,<rdkit.Chem.rdchem.Mol object at 0x00000227928BA180>,3700.0,470.5690000000003,3.777700000000003,8,1,5,70.08000000000001,active,5.431798275933005
CHEMBL3634334,COc1ccccc1OCC(O)CN1CCC(N2Cc3ccccc3C2=O)CC1,<rdkit.Chem.rdchem.Mol object at 0x00000227928BA1F0>,77000.0,396.4870000000002,2.555300000000001,7,1,5,62.24,inactive,4.113509274827518
CHEMBL3632693,COc1cc(C(F)(F)F)ccc1OCC(O)CN1CCC(N2Cc3ccccc3C2=O)CC1,<rdkit.Chem.rdchem.Mol object at 0x00000227928BA260>,5600.0,464.4840000000003,3.5741000000000023,7,1,5,62.24,inactive,5.251811972993799
CHEMBL3632694,O=C1c2ccccc2CN1C1CCN(CC(O)COCc2ccc(C(F)(F)F)cc2)CC1,<rdkit.Chem.rdchem.Mol object at 0x00000227928BA2D0>,3000.0,448.4850000000001,3.703300000000003,7,1,4,53.010000000000005,active,5.522878745280337
CHEMBL3657834,CS(=O)(=O)NC(=O)c1cnc(OCC23CC4CC(CC(C4)C2)C3)c(C2CC2)c1,<rdkit.Chem.rdchem.Mol object at 0x00000227928BA340>,2580.0,404.53200000000027,3.2436000000000016,6,1,5,85.36,active,5.58838029403677
CHEMBL3657937,CS(=O)(=O)NC(=O)c1cc(C2CC2)c(OCC23CC4CC(C2)C(F)(F)C(C4)C3)cc1F,<rdkit.Chem.rdchem.Mol object at 0x00000227928BA3B0>,714.0,457.5140000000002,4.232900000000003,6,1,4,72.47,active,6.146301788223826
CHEMBL3704399,Cn1nccc1-c1cc(Cl)ccc1-c1c[nH]c2cc(S(=O)(=O)Nc3ncns3)ccc12,<rdkit.Chem.rdchem.Mol object at 0x00000227928BA420>,10000.0,470.96700000000016,4.541100000000003,5,2,7,105.56,inactive,5.0
CHEMBL3683236,O=S(=O)(Nc1cnccn1)N1CCc2c(cccc2-c2ccc(C(F)(F)F)cc2C2=CCNCC2)C1,<rdkit.Chem.rdchem.Mol object at 0x00000227928BA490>,10000.0,515.5610000000001,4.254100000000003,5,2,5,87.22,inactive,5.0
CHEMBL3704413,Cn1cc(-c2ccc(C(F)(F)F)cc2-c2ccn(C3CNC3)n2)c2ccc(S(=O)(=O)Nc3ncns3)cc21,<rdkit.Chem.rdchem.Mol object at 0x00000227928BA500>,10000.0,559.5990000000002,4.524200000000003,6,2,9,106.73,inactive,5.0
CHEMBL3683228,COc1cc(C2CC2)ccc1-c1cccc2c1CCN(S(=O)(=O)Nc1ncns1)C2,<rdkit.Chem.rdchem.Mol object at 0x00000227928BA570>,10000.0,442.5660000000001,3.8061000000000025,6,1,6,84.42,inactive,5.0
CHEMBL3683222,O=S(=O)(Nc1ncns1)N1CCc2c(cccc2-c2ccc(C(F)(F)F)cc2C2=CCNC2)C1,<rdkit.Chem.rdchem.Mol object at 0x00000227928BA5E0>,10000.0,507.5630000000002,3.925500000000002,5,2,6,87.22,inactive,5.0
CHEMBL3683204,CN1CC=C(c2cc(C(F)(F)F)ccc2-c2cccc3c2CCN(S(=O)(=O)Nc2ncns2)C3)CC1,<rdkit.Chem.rdchem.Mol object at 0x00000227928BA650>,10000.0,535.6170000000001,4.657800000000004,5,1,6,78.43,inactive,5.0
CHEMBL3662090,O=C(NS(=O)(=O)C1CC1)c1cc(C2CC2)c(OCC23CC4CC(C2)C(F)(F)C(C4)C3)cc1F,<rdkit.Chem.rdchem.Mol object at 0x00000227928BA6C0>,130.0,483.55200000000025,4.765500000000005,7,1,4,72.47,active,6.886056647693163
CHEMBL3704440,COc1ccc(-c2cn(C)c3cc(S(=O)(=O)Nc4ncns4)ccc23)cc1C(F)(F)F,<rdkit.Chem.rdchem.Mol object at 0x00000227928BA730>,10000.0,468.4820000000001,4.525000000000002,5,1,7,86.11,inactive,5.0
CHEMBL3657953,COC1CN(S(=O)(=O)NC(=O)c2cc(C3CC3)c(OCC34CC5CC(CC(C5)C3)C4)cc2F)C1,<rdkit.Chem.rdchem.Mol object at 0x00000227928BA7A0>,144.0,492.61300000000045,3.603500000000002,8,1,5,84.94000000000001,active,6.841637507904751
CHEMBL3704402,COC(=O)n1cc(-c2ccc(C(F)(F)F)cc2-c2ccnn2C)c2ccc(S(=O)(=O)Nc3ncns3)cc21,<rdkit.Chem.rdchem.Mol object at 0x00000227928BA810>,10000.0,562.5550000000001,4.994400000000003,5,1,10,121.0,inactive,5.0
CHEMBL3704449,Cn1cc(-c2cc3ccccc3o2)c2ccc(S(=O)(=O)Nc3ncns3)cc21,<rdkit.Chem.rdchem.Mol object at 0x00000227928BA880>,10000.0,410.4800000000001,4.243800000000002,4,1,7,90.02,inactive,5.0
CHEMBL3683241,CC(C)(C)OC(=O)N1CCc2c(cccc2-c2cccc3c2CCN(S(=O)(=O)Nc2ncns2)C3)C1,<rdkit.Chem.rdchem.Mol object at 0x00000227928BA8F0>,10000.0,527.6720000000001,4.213300000000003,4,1,7,104.73,inactive,5.0
CHEMBL3797498,O=C1N(c2ccncc2)CCN1c1cccc2c1cnn2-c1ccccc1F,<rdkit.Chem.rdchem.Mol object at 0x00000227928BA960>,3100.0,373.391,4.006200000000002,3,0,4,54.260000000000005,active,5.508638306165727
CHEMBL3806065,CNc1noc2ccc(-c3cc(Cl)ccc3Oc3cc(F)c(S(=O)(=O)Nc4ncns4)cc3F)cc12,<rdkit.Chem.rdchem.Mol object at 0x00000227928BA9D0>,230.0,549.9680000000002,5.912700000000002,7,2,9,119.24,active,6.638272163982407
CHEMBL3942771,O=S(=O)(Nc1ncns1)c1ccc2c(-c3ccc(C(F)(F)F)cc3C3=CCNCC3)cccc2c1,<rdkit.Chem.rdchem.Mol object at 0x00000227928BAA40>,30000.0,516.5700000000003,5.554600000000004,5,2,6,83.98,inactive,4.522878745280337
CHEMBL3905835,Cc1nccn1-c1ccc(-c2cn(CC(=O)Nc3cccc(Cl)c3Cl)nn2)cc1,<rdkit.Chem.rdchem.Mol object at 0x00000227928BAAB0>,21000.0,427.2950000000001,4.384720000000003,5,1,6,77.63000000000001,inactive,4.6777807052660805
CHEMBL3968947,O=C(O)CCCOc1ccc(-c2cc(OC(F)(F)F)ccc2Cl)cc1,<rdkit.Chem.rdchem.Mol object at 0x00000227928BAB20>,17430.0,374.7420000000001,5.149200000000003,7,1,3,55.760000000000005,inactive,4.758702612890007
CHEMBL3914098,COc1ccc(CCOC2CCCCC2N2CCC(O)C2)cc1OC,<rdkit.Chem.rdchem.Mol object at 0x00000227928BAB90>,30300.0,349.47100000000006,2.6407000000000007,7,1,5,51.16000000000001,inactive,4.518557371497695
CHEMBL1404,COc1ccccc1OCC(O)CN1CCN(CC(=O)Nc2c(C)cccc2C)CC1,<rdkit.Chem.rdchem.Mol object at 0x00000227928BAC00>,428000.0,427.5450000000002,2.30804,9,2,6,74.27,inactive,3.3685562309868278
CHEMBL3677857,O=S(=O)(Nc1ncns1)c1ccc2c(-c3ccccc3)cccc2c1,<rdkit.Chem.rdchem.Mol object at 0x00000227928BAC70>,23800.0,367.455,4.159100000000002,4,1,5,71.95,inactive,4.623423042943488
CHEMBL3682625,O=S(=O)(Nc1ncns1)c1ccc2c(N3CCOC(c4ccccc4)C3)cccc2c1,<rdkit.Chem.rdchem.Mol object at 0x00000227928BACE0>,30000.0,452.5610000000002,4.070000000000003,5,1,7,84.42,inactive,4.522878745280337
CHEMBL3682647,O=S(=O)(Nc1ncns1)c1ccc2c(-c3ccc(C(F)(F)F)cc3F)cccc2c1,<rdkit.Chem.rdchem.Mol object at 0x00000227928BAD50>,15100.0,453.44200000000006,5.317000000000003,4,1,5,71.95,inactive,4.82102305270683
CHEMBL3682648,O=S(=O)(Nc1ncns1)c1ccc2c(-c3ccc(C(F)(F)F)cc3)cccc2c1,<rdkit.Chem.rdchem.Mol object at 0x00000227928BADC0>,14400.0,435.45200000000006,5.177900000000003,4,1,5,71.95,inactive,4.841637507904751
CHEMBL3682785,COc1cc(C(F)(F)F)ccc1-c1nccc2cc(S(=O)(=O)Nc3ncns3)ccc12,<rdkit.Chem.rdchem.Mol object at 0x00000227928BAE30>,30000.0,466.4660000000002,4.581500000000003,5,1,7,94.07,inactive,4.522878745280337
CHEMBL3687553,COc1cc(C(F)(F)F)ccc1-c1ccnc2cc(S(=O)(=O)Nc3nccs3)ccc12,<rdkit.Chem.rdchem.Mol object at 0x00000227928BAEA0>,12300.0,465.4780000000002,5.186500000000002,5,1,6,81.17999999999999,inactive,4.910094888560602
CHEMBL3687597,Cc1cc(Cl)ccc1-c1ccnc2cc(S(=O)(=O)Nc3ncns3)ccc12,<rdkit.Chem.rdchem.Mol object at 0x00000227928BAF10>,30000.0,416.9150000000001,4.515920000000003,4,1,6,84.84,inactive,4.522878745280337
CHEMBL3687603,COc1cc(C#N)ccc1-c1cccc2cc(S(=O)(=O)Nc3ncns3)ccc12,<rdkit.Chem.rdchem.Mol object at 0x00000227928BAF80>,30000.0,422.4910000000001,4.039380000000002,5,1,7,104.97,inactive,4.522878745280337
CHEMBL3687609,COc1cc(Cl)c(C#N)cc1-c1nccc2cc(S(=O)(=O)Nc3ncns3)ccc12,<rdkit.Chem.rdchem.Mol object at 0x00000227928BAFF0>,30000.0,457.9240000000001,4.087780000000002,5,1,8,117.86,inactive,4.522878745280337
CHEMBL3687618,COc1ccc(-c2cccc(F)c2)cc1-c1nccc2cc(S(=O)(=O)Nc3nncs3)ccc12,<rdkit.Chem.rdchem.Mol object at 0x00000227928BB060>,30000.0,492.5570000000001,5.368800000000004,6,1,7,94.07,inactive,4.522878745280337
CHEMBL3687624,COc1cc(-c2cccc(C(F)(F)F)c2)ccc1-c1nccc2cc(S(=O)(=O)Nc3ccncn3)ccc12,<rdkit.Chem.rdchem.Mol object at 0x00000227928BB0D0>,26600.0,536.5350000000001,6.187000000000006,6,1,6,94.07,inactive,4.575118363368933
CHEMBL3687626,COc1cc(-c2cccc(F)c2)ccc1-c1nccc2cc(S(=O)(=O)Nc3nncs3)ccc12,<rdkit.Chem.rdchem.Mol object at 0x00000227928BB140>,30000.0,492.5570000000001,5.368800000000003,6,1,7,94.07,inactive,4.522878745280337
CHEMBL3687657,COc1cc(F)ccc1-c1nccc2cc(S(=O)(=O)Nc3nccs3)ccc12,<rdkit.Chem.rdchem.Mol object at 0x00000227928BB1B0>,30000.0,415.4710000000001,4.306800000000003,5,1,6,81.17999999999999,inactive,4.522878745280337
CHEMBL3687682,COc1cc(-c2ccccc2C)ccc1-c1nccc2cc(S(=O)(=O)Nc3ccncn3)ccc12,<rdkit.Chem.rdchem.Mol object at 0x00000227928BB220>,30000.0,482.56500000000017,5.476620000000005,6,1,6,94.07,inactive,4.522878745280337
CHEMBL3687686,COc1cc(-c2ccc(F)cc2F)ccc1-c1nccc2cc(S(=O)(=O)Nc3ccncn3)ccc12,<rdkit.Chem.rdchem.Mol object at 0x00000227928BB290>,30000.0,504.51800000000014,5.446400000000005,6,1,6,94.07,inactive,4.522878745280337
CHEMBL3687720,COc1cc(-c2ccc(-c3nccc4cc(S(=O)(=O)Nc5ccncn5)ccc34)c(OC)c2)ccc1F,<rdkit.Chem.rdchem.Mol object at 0x00000227928BB300>,30000.0,516.5540000000002,5.315900000000003,7,1,7,103.3,inactive,4.522878745280337
CHEMBL3687722,COc1cc(-c2ccc(F)c(C#N)c2)ccc1-c1nccc2cc(S(=O)(=O)Nc3ccncn3)ccc12,<rdkit.Chem.rdchem.Mol object at 0x00000227928BB370>,30000.0,511.5380000000002,5.178980000000005,6,1,7,117.86,inactive,4.522878745280337
CHEMBL3687730,COc1cc(-c2cc(C)cc(Cl)c2)ccc1-c1nccc2cc(S(=O)(=O)Nc3ccncn3)ccc12,<rdkit.Chem.rdchem.Mol object at 0x00000227928BB3E0>,19100.0,517.0100000000001,6.130020000000005,6,1,6,94.07,inactive,4.718966632752273
CHEMBL3951310,COc1cc(-c2cccc(C(F)(F)F)c2)c(Cl)cc1-n1c(=O)ccc2cc(S(=O)(=O)Nc3ccon3)ccc21,<rdkit.Chem.rdchem.Mol object at 0x00000227928BB450>,30000.0,575.9520000000001,6.127300000000004,6,1,7,103.43,inactive,4.522878745280337
CHEMBL3896276,O=S(=O)(Nc1cc(Cl)ncn1)c1ccc2c(c1)OCCN2c1ccc(C(F)(F)F)cc1Cl,<rdkit.Chem.rdchem.Mol object at 0x00000227928BB4C0>,10000.0,505.3050000000002,5.133500000000002,4,1,6,84.42,inactive,5.0
CHEMBL3912273,Cn1ccc(NS(=O)(=O)c2ccc3c(c2)OCCN3c2ccc(C(F)(F)F)cc2Cl)n1,<rdkit.Chem.rdchem.Mol object at 0x00000227928BB530>,10000.0,472.87600000000015,4.423600000000003,4,1,6,76.46000000000001,inactive,5.0
CHEMBL3912959,CN1CC=C(c2cc(C(F)(F)F)ccc2N2CCOc3cc(S(=O)(=O)Nc4ncns4)ccc32)CC1,<rdkit.Chem.rdchem.Mol object at 0x00000227928BB5A0>,10000.0,537.589,4.607100000000004,5,1,8,87.66000000000001,inactive,5.0
CHEMBL3931583,O=S(=O)(Nc1ncns1)c1ccc2c(c1)OCCN2c1ccccc1,<rdkit.Chem.rdchem.Mol object at 0x00000227928BB610>,10000.0,374.4470000000001,2.869400000000001,4,1,7,84.42,inactive,5.0
CHEMBL3954510,N#Cc1cc(C(F)(F)F)ccc1N1CCOc2cc(S(=O)(=O)Nc3ncns3)ccc21,<rdkit.Chem.rdchem.Mol object at 0x00000227928BB680>,1460.0,467.4540000000001,3.7598800000000017,4,1,8,108.21,active,5.835647144215563
CHEMBL3945380,N#Cc1ccccc1N1CCOc2cc(S(=O)(=O)Nc3nccs3)ccc21,<rdkit.Chem.rdchem.Mol object at 0x00000227928BB6F0>,6300.0,398.4690000000001,3.346080000000001,4,1,7,95.32,inactive,5.200659450546418
CHEMBL3944914,Cc1ccc(Cl)c(N2CCOc3cc(S(=O)(=O)Nc4nccs4)ccc32)c1,<rdkit.Chem.rdchem.Mol object at 0x00000227928BB760>,5330.0,421.9310000000001,4.436220000000003,4,1,6,71.53,inactive,5.273272790973428
CHEMBL3969101,O=S(=O)(Nc1nccs1)c1ccc2c(c1)OCCN2c1ccc(Cl)c(Cl)c1,<rdkit.Chem.rdchem.Mol object at 0x00000227928BB7D0>,6080.0,442.34900000000016,4.781200000000003,4,1,6,71.53,inactive,5.216096420727265
CHEMBL3911479,Cc1cccc(N2CCOc3cc(S(=O)(=O)Nc4nccs4)ccc32)c1,<rdkit.Chem.rdchem.Mol object at 0x00000227928BB840>,7370.0,387.4860000000001,3.7828200000000023,4,1,6,71.53,inactive,5.132532512140949
CHEMBL3980641,Cc1cc(N2CCOc3cc(S(=O)(=O)Nc4nccs4)ccc32)ccc1F,<rdkit.Chem.rdchem.Mol object at 0x00000227928BB8B0>,10000.0,405.4760000000001,3.921920000000002,4,1,6,71.53,inactive,5.0
CHEMBL3940662,O=S(=O)(Nc1cccnn1)c1ccc2c(c1)OCCN2c1ccc(C(F)(F)F)cc1C1=CCNCC1,<rdkit.Chem.rdchem.Mol object at 0x00000227928BB920>,10000.0,517.5330000000002,4.203400000000003,5,2,7,96.45,inactive,5.0
CHEMBL3907373,Cc1cc(C#N)cc(N2CCOc3cc(S(=O)(=O)Nc4nccs4)ccc32)c1,<rdkit.Chem.rdchem.Mol object at 0x00000227928BB990>,2330.0,412.496,3.6545000000000014,4,1,7,95.32,active,5.632644078973981
CHEMBL3944096,COc1cc(C)c(N2CCOc3cc(S(=O)(=O)Nc4nccs4)ccc32)cn1,<rdkit.Chem.rdchem.Mol object at 0x00000227928BBA00>,10000.0,418.50000000000006,3.186420000000001,5,1,8,93.65,inactive,5.0
CHEMBL3978706,Cc1cc(OC(F)F)cnc1N1CCOc2cc(S(=O)(=O)Nc3nccs3)ccc21,<rdkit.Chem.rdchem.Mol object at 0x00000227928BBA70>,5220.0,454.4800000000001,3.779220000000002,6,1,8,93.65,inactive,5.282329496997738
CHEMBL3986073,O=S(=O)(Nc1nccs1)c1ccc2c(c1)OCCN2c1ccc(-n2ccnc2)cc1,<rdkit.Chem.rdchem.Mol object at 0x00000227928BBAE0>,10000.0,439.52200000000016,3.6601000000000017,5,1,8,89.35000000000001,inactive,5.0
CHEMBL3974688,O=S(=O)(Nc1nccs1)c1ccc2c(c1)OCCN2c1cccc2cccnc12,<rdkit.Chem.rdchem.Mol object at 0x00000227928BBB50>,10000.0,424.5070000000002,4.022600000000002,4,1,7,84.42,inactive,5.0
CHEMBL3900187,O=S(=O)(Nc1nccs1)c1ccc2c(c1)OCCN2c1cccc(OC(F)F)c1,<rdkit.Chem.rdchem.Mol object at 0x00000227928BBBC0>,10000.0,439.46500000000015,4.075800000000003,6,1,7,80.76,inactive,5.0
CHEMBL3983609,N#CCc1cccc(N2CCOc3cc(S(=O)(=O)Nc4nccs4)ccc32)c1,<rdkit.Chem.rdchem.Mol object at 0x00000227928BBC30>,2010.0,412.496,3.5404800000000023,5,1,7,95.32,active,5.696803942579511
CHEMBL3978865,O=S(=O)(Nc1nccs1)c1ccc2c(c1)OCCN2c1cc(Cl)ccc1Cl,<rdkit.Chem.rdchem.Mol object at 0x00000227928BBCA0>,6940.0,442.34900000000016,4.781200000000003,4,1,6,71.53,inactive,5.158640529545145
CHEMBL3939863,O=S(=O)(Nc1nccs1)c1ccc2c(c1)OCCN2c1ccc(C(F)(F)F)cn1,<rdkit.Chem.rdchem.Mol object at 0x00000227928BBD10>,10000.0,442.4440000000001,3.888200000000002,4,1,7,84.42,inactive,5.0
CHEMBL3924938,N#Cc1c(F)cccc1N1CCOc2cc(S(=O)(=O)Nc3nccs3)ccc21,<rdkit.Chem.rdchem.Mol object at 0x00000227928BBD80>,10000.0,416.45900000000006,3.485180000000001,4,1,7,95.32,inactive,5.0
CHEMBL3939383,N#Cc1ccc(N2CCOc3cc(S(=O)(=O)Nc4nccs4)ccc32)c(Cl)c1,<rdkit.Chem.rdchem.Mol object at 0x00000227928BBDF0>,10000.0,432.9140000000001,3.999480000000003,4,1,7,95.32,inactive,5.0
CHEMBL3895145,O=C(Oc1ccc([N+](=O)[O-])cc1)N1CCOc2cc(S(=O)(=O)Nc3nccs3)ccc21,<rdkit.Chem.rdchem.Mol object at 0x00000227928BBE60>,10000.0,462.4650000000001,3.249900000000001,5,1,9,140.96999999999997,inactive,5.0
CHEMBL3898405,COc1nc(C(F)(F)F)ccc1N1CCOc2cc(S(=O)(=O)Nc3nccs3)ccc21,<rdkit.Chem.rdchem.Mol object at 0x00000227928BBED0>,10000.0,472.47000000000014,3.8968000000000025,5,1,8,93.65,inactive,5.0
CHEMBL3965708,O=S(=O)(Nc1nccs1)c1ccc2c(c1)OCCN2Cc1c[nH]c2cccnc12,<rdkit.Chem.rdchem.Mol object at 0x00000227928BBF40>,10000.0,427.5110000000002,3.2192000000000016,5,2,7,100.21,inactive,5.0
CHEMBL4094887,N[C@H]1CC[C@](CCOc2cc(F)c(S(=O)(=O)Nc3ncns3)cc2F)(c2ccc(Cl)cc2)CC1,<rdkit.Chem.rdchem.Mol object at 0x00000227928A4040>,30000.0,529.034,4.878700000000004,8,2,7,107.2,inactive,4.522878745280337
CHEMBL4077266,N[C@H]1CC[C@@](CCNc2cc(F)c(S(=O)(=O)Nc3nccs3)cc2Cl)(c2ccccc2)CC1,<rdkit.Chem.rdchem.Mol object at 0x00000227928A40B0>,30000.0,509.0720000000002,5.377700000000004,8,3,6,97.11,inactive,4.522878745280337
CHEMBL4078268,N[C@H]1CC[C@@H](CNc2cc(F)c(S(=O)(=O)Nc3nccs3)cc2Cl)CC1,<rdkit.Chem.rdchem.Mol object at 0x00000227928A4120>,1900.0,418.9470000000001,3.6658000000000017,6,3,6,97.11,active,5.721246399047171
CHEMBL4091922,CN1CCC(CCNc2cc(F)c(S(=O)(=O)Nc3nccs3)cc2Cl)CC1,<rdkit.Chem.rdchem.Mol object at 0x00000227928A4190>,30000.0,432.97400000000016,3.880200000000002,7,2,6,74.33000000000001,inactive,4.522878745280337
CHEMBL4103940,O=S(=O)(Nc1nccs1)c1cc(Cl)c(NCCC2CNC2)cc1F,<rdkit.Chem.rdchem.Mol object at 0x00000227928A4200>,30000.0,390.89300000000014,2.7578000000000005,7,3,6,83.12,inactive,4.522878745280337
CHEMBL4089010,O=S(=O)(Nc1nccs1)c1cc(Cl)c(NCC2CNCCO2)cc1F,<rdkit.Chem.rdchem.Mol object at 0x00000227928A4270>,30000.0,406.89200000000017,2.1367,6,3,7,92.35,inactive,4.522878745280337
CHEMBL4067257,CN1CCCC(CNc2cc(F)c(S(=O)(=O)Nc3nccs3)cc2Cl)C1,<rdkit.Chem.rdchem.Mol object at 0x00000227928A42E0>,30000.0,418.9470000000001,3.4901000000000018,6,2,6,74.33000000000001,inactive,4.522878745280337
CHEMBL4088795,COc1cc(-c2ccc(Cl)c(C)c2)c(F)cc1-c1nccc2cc(S(=O)(=O)Nc3ccon3)ccc12,<rdkit.Chem.rdchem.Mol object at 0x00000227928A4350>,10000.0,523.9730000000002,6.467120000000005,6,1,6,94.32,inactive,5.0
CHEMBL4098941,COc1cc(-c2cc(F)cc(F)c2)c(F)cc1-c1nccc2cc(S(=O)(=O)Nc3ccon3)ccc12,<rdkit.Chem.rdchem.Mol object at 0x00000227928A43C0>,10000.0,511.48100000000017,5.783500000000004,6,1,6,94.32,inactive,5.0
CHEMBL4078593,COc1cc(-c2cccc(F)c2)c(Cl)cc1-c1nccc2cc(S(=O)(=O)Nc3ncccn3)ccc12,<rdkit.Chem.rdchem.Mol object at 0x00000227928A4430>,10000.0,520.9730000000001,5.960700000000004,6,1,6,94.07,inactive,5.0
CHEMBL4074359,O=S(=O)(Nc1ccncn1)c1cc(Cl)c(NCC23CCCN2CCC3)cc1F,<rdkit.Chem.rdchem.Mol object at 0x00000227928A44A0>,30000.0,425.9170000000003,3.1102000000000016,6,2,6,87.22,inactive,4.522878745280337
CHEMBL4082930,O=S(=O)(Nc1nccs1)c1cc(Cl)c(NC[C@]23CCCN2C[C@@H](F)C3)cc1F,<rdkit.Chem.rdchem.Mol object at 0x00000227928A4510>,5700.0,448.94800000000026,3.724700000000002,6,2,6,74.33,inactive,5.2441251443275085
CHEMBL4060266,O=C1COc2cc(S(=O)(=O)Nc3ncns3)ccc2N1Cc1ccccc1,<rdkit.Chem.rdchem.Mol object at 0x00000227928A4580>,30000.0,402.4570000000001,2.2645,5,1,7,101.49,inactive,4.522878745280337
CHEMBL2325619,Cc1[nH]ncc1-c1cc(C(F)(F)F)ccc1Oc1ccc(S(=O)(=O)Nc2ncns2)cc1C#N,<rdkit.Chem.rdchem.Mol object at 0x00000227928A45F0>,11102.0,506.4910000000001,4.720200000000002,6,2,8,133.65,inactive,4.954598777004158
CHEMBL2324396,O=S(=O)(Nc1cscn1)c1cc(Cl)c(Oc2ccc(C(F)(F)F)cc2-c2ccnnc2)cc1F,<rdkit.Chem.rdchem.Mol object at 0x00000227928A4660>,22451.0,530.9120000000001,6.004500000000003,6,1,7,94.07,inactive,4.648764310125705
CHEMBL4098747,O=S(=O)(Nc1nccs1)c1cc(Cl)c(NCCC2CCC3(CC2)OCCO3)cc1F,<rdkit.Chem.rdchem.Mol object at 0x00000227928A46D0>,348.0,475.9950000000004,4.471700000000003,7,2,7,89.55000000000001,active,6.458420756053419
CHEMBL4076051,O=C(Nc1cccc(C(F)(F)F)c1-c1cccnc1)c1cccc(-c2ncccc2Cl)c1,<rdkit.Chem.rdchem.Mol object at 0x00000227928A4740>,520.0,453.8510000000001,6.7351000000000045,4,1,3,54.88,active,6.2839966563652006
CHEMBL4129942,COc1cc(-c2n[nH]c(S(=O)(=O)C3CCC3)n2)c(F)cc1-c1cnc(OCC(C)C)c(Cl)c1,<rdkit.Chem.rdchem.Mol object at 0x00000227928A47B0>,1100.0,494.9760000000002,4.695800000000004,8,1,7,107.06,active,5.958607314841775
CHEMBL4130208,O=S(=O)(CC1CC1)c1n[nH]c(-c2cc(F)c(-c3cnc(Oc4ccccc4C(F)(F)F)c(Cl)c3)cc2F)n1,<rdkit.Chem.rdchem.Mol object at 0x00000227928A4820>,13000.0,570.9270000000001,6.460100000000003,7,1,6,97.83,inactive,4.886056647693163
CHEMBL4125756,C[C@]12CC[C@@H](O)C[C@H]1C[C@@H](N1CCC[C@@H](N)C1)[C@@H]2Oc1ccc(C#N)cc1,<rdkit.Chem.rdchem.Mol object at 0x00000227928A4890>,100000.0,369.50900000000007,2.668380000000001,3,2,5,82.50999999999999,inactive,4.0
CHEMBL4129805,N#Cc1ccc(O[C@@H]2[C@H]3C4C[C@@H](CC4=O)[C@H]3C[C@H]2N2CCC[C@@H](N)C2)cc1,<rdkit.Chem.rdchem.Mol object at 0x00000227928A4900>,100000.0,365.4770000000001,2.3423800000000004,3,1,5,79.35,inactive,4.0
CHEMBL1627,CNC(=O)C(CCN1CCC(O)(c2ccc(Cl)cc2)CC1)(c1ccccc1)c1ccccc1,<rdkit.Chem.rdchem.Mol object at 0x00000227928A4970>,483.0,463.0210000000002,4.7458000000000045,7,2,3,52.57000000000001,active,6.316052869248487
CHEMBL4210118,O=S(=O)(Nc1ncns1)c1cc(F)c(OC2OCCNC2c2ccc(F)cc2)cc1F,<rdkit.Chem.rdchem.Mol object at 0x00000227928A49E0>,30000.0,472.47000000000014,2.8222000000000014,6,2,8,102.44,inactive,4.522878745280337
CHEMBL4206427,CC1(C)CN[C@H](c2cc(Cl)cc(Cl)c2)[C@@H](Oc2cc(F)c(S(=O)(=O)Nc3ncns3)cc2F)O1,<rdkit.Chem.rdchem.Mol object at 0x00000227928A4A50>,6000.0,551.4240000000002,4.768500000000003,6,2,8,102.44,inactive,5.221848749616356
CHEMBL4283333,CN(Cc1ccccc1)C(=O)C(c1ccccc1)N1CCN(C(=O)c2cc(F)cc(F)c2)CC1,<rdkit.Chem.rdchem.Mol object at 0x00000227928A4AC0>,10000.0,463.52800000000025,4.122500000000004,6,0,3,43.86000000000001,inactive,5.0
CHEMBL4290579,O=S(=O)(Nc1nnc2cc(OCC34CC5CC(CC(C5)C3)C4)c(C3CC3)cn12)C1CC1,<rdkit.Chem.rdchem.Mol object at 0x00000227928A4B30>,110.0,442.5850000000004,4.106000000000003,7,1,6,85.59,active,6.958607314841775
CHEMBL4277264,Cc1cc(Oc2nccc3occc23)ccc1-c1c(C)ncc2nccn12,<rdkit.Chem.rdchem.Mol object at 0x00000227928A4BA0>,1100.0,356.38500000000005,4.946640000000004,3,0,6,65.45,active,5.958607314841775
CHEMBL4577928,O=C(O)CNC(=O)c1c(O)c2c(n(Cc3ccc(C(F)(F)F)cc3)c1=O)COC2,<rdkit.Chem.rdchem.Mol object at 0x00000227928A4C10>,30000.0,412.3200000000001,1.4656,5,3,6,117.86,inactive,4.522878745280337
CHEMBL4443673,Cn1cc(C2CCC2)c2ccc(C(=O)NS(=O)(=O)C3CC3)cc21,<rdkit.Chem.rdchem.Mol object at 0x00000227928A4C80>,6700.0,332.4250000000001,2.667800000000001,4,1,4,68.17,inactive,5.173925197299174
CHEMBL4584289,Cc1cccc(-c2cn(C)c3cc(C(=O)NS(C)(=O)=O)ccc23)c1,<rdkit.Chem.rdchem.Mol object at 0x00000227928A4CF0>,30000.0,342.42000000000013,2.8431200000000008,3,1,4,68.17,inactive,4.522878745280337
CHEMBL4527346,Cn1cc(-c2ccc(C(F)(F)F)cc2)c2ccc(C(=O)NS(=O)(=O)C3CC3)cc21,<rdkit.Chem.rdchem.Mol object at 0x00000227928A4D60>,8400.0,422.42800000000017,4.086100000000004,4,1,4,68.17,inactive,5.075720713938118
CHEMBL4581484,CC(C)COc1ncc(-c2cn(C)c3cc(C(=O)NS(C)(=O)=O)ccc23)cc1C#N,<rdkit.Chem.rdchem.Mol object at 0x00000227928A4DD0>,21000.0,426.4980000000001,2.836180000000001,6,1,7,114.07999999999998,inactive,4.6777807052660805
CHEMBL4442002,CC(C)COc1ncc(-c2cn(C)c3cc(C(=O)NS(=O)(=O)N(C)C)ccc23)cc1Cl,<rdkit.Chem.rdchem.Mol object at 0x00000227928A4E40>,6300.0,464.97500000000014,3.464700000000001,7,1,6,93.53,inactive,5.200659450546418
CHEMBL4444425,CC(C)COc1ncc(-c2cn(CC(C)C)c3cc(C(=O)NS(=O)(=O)C4CC4)ccc23)cc1Cl,<rdkit.Chem.rdchem.Mol object at 0x00000227928A4EB0>,11000.0,504.05200000000025,5.269500000000005,9,1,6,90.29,inactive,4.958607314841775
CHEMBL4473108,Cn1nc(-c2ccc(C(F)(F)F)cc2)c2ccc(C(=O)NS(C)(=O)=O)cc21,<rdkit.Chem.rdchem.Mol object at 0x00000227928A4F20>,30000.0,397.3780000000001,2.9485,3,1,5,81.06,inactive,4.522878745280337
CHEMBL4587465,CC(C)COc1ncc(-c2nn(C)c3cc(C(=O)NS(=O)(=O)C4CC4)ccc23)cc1Cl,<rdkit.Chem.rdchem.Mol object at 0x00000227928A4F90>,5900.0,462.9590000000002,3.545500000000001,7,1,7,103.18,inactive,5.229147988357856
CHEMBL4454918,CC(C)COc1ccc(-c2nn(C)c3cc(C(=O)NS(C)(=O)=O)c(F)cc23)cn1,<rdkit.Chem.rdchem.Mol object at 0x00000227928A5000>,30000.0,420.46600000000007,2.4986000000000006,6,1,7,103.18,inactive,4.522878745280337
CHEMBL3682663,O=S(=O)(Nc1ncns1)c1ccc2c(-c3ccc(C(F)(F)F)c(Cl)c3)nccc2c1,<rdkit.Chem.rdchem.Mol object at 0x00000227928A5070>,27000.0,470.8850000000001,5.226300000000003,4,1,6,84.84,inactive,4.568636235841013
CHEMBL4470763,CC(C)COc1ncc(-c2cc(F)c(C(=O)NS(C)(=O)=O)cc2F)cc1Cl,<rdkit.Chem.rdchem.Mol object at 0x00000227928A50E0>,30000.0,418.8490000000001,3.4044000000000016,6,1,5,85.35999999999999,inactive,4.522878745280337
CHEMBL4459717,COc1cc(C(=O)NS(C)(=O)=O)ccc1-c1cnc(Oc2cc(Cl)cc(Cl)c2)c(Cl)c1,<rdkit.Chem.rdchem.Mol object at 0x00000227928A5150>,6000.0,501.7750000000002,5.199100000000003,6,1,6,94.59,inactive,5.221848749616356
CHEMBL4576210,COc1cc(C(=O)NS(C)(=O)=O)ccc1-c1cnc(Oc2cc(Cl)cc(Cl)c2)c(C(F)(F)F)c1,<rdkit.Chem.rdchem.Mol object at 0x00000227928A51C0>,2350.0,535.3270000000002,5.564500000000003,6,1,6,94.59,active,5.628932137728264
CHEMBL4632563,O=S(=O)(Nc1ncccn1)c1ccc2c(c1)CC[C@@H]2c1ccc(C(F)(F)F)cc1N1CCOCC1,<rdkit.Chem.rdchem.Mol object at 0x00000227928A5230>,2792.0,504.53400000000033,4.210900000000003,5,1,6,84.42,active,5.554084586048877
CHEMBL4169078,N#Cc1cnc(Nc2cc(NC[C@H]3CNCCO3)c(C(F)(F)F)cn2)cn1,<rdkit.Chem.rdchem.Mol object at 0x00000227928A52A0>,10000.0,379.346,1.90598,5,3,8,107.78,inactive,5.0
CHEMBL4849208,O=S(=O)(Nc1nncs1)c1cc(F)c(O[C@H]2CCN(CC(F)(F)F)C[C@@H]2c2ccccc2)cc1F,<rdkit.Chem.rdchem.Mol object at 0x00000227928A5310>,25050.0,534.5320000000003,4.416300000000003,7,1,7,84.42,inactive,4.601192269796735
CHEMBL4863596,O=S(=O)(Nc1ncccc1F)c1cc(F)c(O[C@H]2CCN(CC(F)(F)F)C[C@@H]2c2ccccc2)cc1F,<rdkit.Chem.rdchem.Mol object at 0x00000227928A5380>,5040.0,545.5050000000002,5.098900000000003,7,1,5,71.53,inactive,5.297569463554475
CHEMBL4865549,CS(=O)(=O)c1cccc([C@H]2CN(CC(F)(F)F)CC[C@@H]2Oc2cc(F)c(S(=O)(=O)Nc3cccc(F)n3)cc2F)c1,<rdkit.Chem.rdchem.Mol object at 0x00000227928A53F0>,30000.0,623.5970000000002,4.502400000000004,8,1,7,105.67,inactive,4.522878745280337
CHEMBL5196338,N#Cc1ccc(Oc2ccc3c(ccc(=O)n3CCN3CCCCC3)c2)cc1,<rdkit.Chem.rdchem.Mol object at 0x00000227928A5460>,1600.0,373.4560000000002,4.151380000000004,5,0,5,58.26,active,5.795880017344075
CHEMBL3896057,O=C(NC1CCOC1=O)c1ccc2cc(Oc3ccc(C(F)(F)F)cn3)ccc2n1,<rdkit.Chem.rdchem.Mol object at 0x00000227928A54D0>,33000.0,417.3430000000001,3.486200000000002,4,1,6,90.41,inactive,4.481486060122113
CHEMBL3969113,O=C(NC1CC(F)(F)C1)c1ccc2cc(Oc3ccc(C(F)(F)F)cn3)ccc2n1,<rdkit.Chem.rdchem.Mol object at 0x00000227928A5540>,33000.0,423.34100000000007,4.968400000000003,4,1,4,64.11,inactive,4.481486060122113
CHEMBL3947741,CS(=O)(=O)C1CN(C(=O)c2ccc3cc(Oc4ccc(C(F)(F)F)cn4)ccc3n2)C1,<rdkit.Chem.rdchem.Mol object at 0x00000227928A55B0>,8080.0,451.4260000000001,3.3099000000000016,4,0,6,89.46000000000001,inactive,5.092588639225414
CHEMBL3970885,O=C(c1ccc2cc(Oc3ccc(C(F)(F)F)cn3)ccc2n1)N1CC[C@@H](F)C1,<rdkit.Chem.rdchem.Mol object at 0x00000227928A5620>,33000.0,405.3510000000001,4.624900000000003,3,0,4,55.32,inactive,4.481486060122113
CHEMBL5078078,CC(C)(O)c1ccc(N2Cc3c(ccnc3-c3ccc(F)cc3OCC(F)(F)F)C2=O)cc1,<rdkit.Chem.rdchem.Mol object at 0x00000227928A5690>,10000.0,460.4270000000001,5.216600000000003,5,1,4,62.66,inactive,5.0
CHEMBL5432266,COc1cc(C(C)C(=O)N2CC[C@@]3(COc4cc(-c5ncccn5)c(C)nc4N3)C2)c(F)cn1,<rdkit.Chem.rdchem.Mol object at 0x00000227928A5700>,100000.0,464.5010000000001,2.968820000000001,4,1,8,102.36,inactive,4.0
CHEMBL5412537,CCNC1=NC(=Nc2c(Cl)cccc2Cl)CN1,<rdkit.Chem.rdchem.Mol object at 0x00000227928A5770>,30000.0,271.151,2.5921000000000003,2,2,3,48.78,inactive,4.522878745280337
CHEMBL5437318,CCNc1cc(OC)cc(Nc2c(CC)cccc2CC)n1,<rdkit.Chem.rdchem.Mol object at 0x00000227928A57E0>,3700.0,299.41800000000006,4.390400000000003,7,2,4,46.18,active,5.431798275933005
CHEMBL4109210,Cn1cc(-c2cc(C(N)=O)nc3cc(CN4CCO[C@@H](C(F)(F)F)C4)ccc23)cn1,<rdkit.Chem.rdchem.Mol object at 0x00000227928A5850>,30000.0,419.407,2.497300000000001,4,1,6,86.27,inactive,4.522878745280337
CHEMBL4111091,C[C@@H]1CN(Cc2ccc3c(-c4cnn(C)c4)cc(C(N)=O)nc3c2)C[C@H](C(F)(F)F)O1,<rdkit.Chem.rdchem.Mol object at 0x00000227928A58C0>,30000.0,433.43400000000014,2.8858000000000006,4,1,6,86.27000000000001,inactive,4.522878745280337
CHEMBL421032,COc1ccc2[nH]cc(CCN=C(N)NC(=O)c3ccc(C)cc3)c2c1,<rdkit.Chem.rdchem.Mol object at 0x00000227928A5930>,1760.0,350.422,2.772120000000001,5,3,3,92.5,active,5.7544873321858505
CHEMBL321883,COc1ccc(C(=O)N=C(N)NCCCCc2ccccc2)cc1,<rdkit.Chem.rdchem.Mol object at 0x00000227928A59A0>,2100.0,325.412,2.762600000000001,7,2,2,76.71,active,5.6777807052660805
CHEMBL108361,N=C(NCCCCc1ccccc1)NC(=O)c1cccs1,<rdkit.Chem.rdchem.Mol object at 0x00000227928A5A10>,2350.0,301.415,3.025170000000001,6,3,3,64.98,active,5.628932137728264
CHEMBL482637,CS(=O)(=O)c1ccc2c(c1)CCC1(CCCN(C(=O)N[C@H]3C[C@@H]3c3ccccc3)CC1)O2,<rdkit.Chem.rdchem.Mol object at 0x00000227928A5A80>,10000.0,454.59200000000016,3.905500000000002,3,1,4,75.71000000000001,inactive,5.0
CHEMBL495993,O=C1CC2(CCN(C(=O)N[C@H]3C[C@@H]3c3ccccc3)CC2)Oc2cccnc21,<rdkit.Chem.rdchem.Mol object at 0x00000227928A5AF0>,10000.0,377.4440000000002,3.147100000000002,2,1,4,71.53,inactive,5.0
CHEMBL562869,Cn1cc(C2CCN(C(=O)NC3CC3c3ccccc3)CC2)nn1,<rdkit.Chem.rdchem.Mol object at 0x00000227928A5B60>,10000.0,325.4160000000001,2.2602,3,1,4,63.05,inactive,5.0
CHEMBL550652,Cn1cnnc1C1CCN(C(=O)NC2CC2c2ccccc2)CC1,<rdkit.Chem.rdchem.Mol object at 0x00000227928A5BD0>,10000.0,325.4160000000001,2.2602,3,1,4,63.05,inactive,5.0
CHEMBL563732,O=C(NC1CC1c1ccccc1)N1CCC(n2cncn2)CC1,<rdkit.Chem.rdchem.Mol object at 0x00000227928A5C40>,10000.0,311.38900000000007,2.1807,3,1,4,63.05,inactive,5.0
CHEMBL561788,O=C(NC1CC1c1ccccc1)N1CCC(c2nc(-c3ccccc3C(F)(F)F)no2)CC1,<rdkit.Chem.rdchem.Mol object at 0x00000227928A5CB0>,10000.0,456.4680000000001,5.200500000000004,4,1,4,71.26,inactive,5.0
CHEMBL1081703,CC1(c2ccccc2)CCCN(C(=O)NCc2ccc(-c3ccccn3)cc2)C1,<rdkit.Chem.rdchem.Mol object at 0x00000227928A5D20>,10000.0,385.5110000000001,5.011900000000004,4,1,2,45.23,inactive,5.0
CHEMBL1078337,O=C(O)CCC1(c2cccnc2)CCCN(C(=O)Nc2ccc(Cl)cc2)C1,<rdkit.Chem.rdchem.Mol object at 0x00000227928A5D90>,10000.0,387.8670000000001,4.165500000000003,5,2,3,82.53,inactive,5.0
CHEMBL1631095,NC(=O)c1cc(C(N)=O)n(-c2cccc(-c3cc(C(F)(F)F)ccc3C(F)(F)F)c2)n1,<rdkit.Chem.rdchem.Mol object at 0x00000227928A5E00>,1320.0,442.319,3.774700000000002,4,2,4,104.0,active,5.87942606879415
CHEMBL1797401,Cc1cccc(C)c1-c1noc(C)c1NC(=O)NCc1c(F)cccc1Cl,<rdkit.Chem.rdchem.Mol object at 0x00000227928A5E70>,10471.29,387.8420000000001,5.381060000000003,4,2,3,67.16,inactive,4.97999981255505
CHEMBL1797391,Cc1onc(-c2c(Cl)cccc2Cl)c1NC(=O)OCc1ccc(OC(C)C)nc1,<rdkit.Chem.rdchem.Mol object at 0x00000227928A5EE0>,8709.64,436.2950000000002,5.887720000000003,6,1,6,86.48,inactive,5.059999795537068
CHEMBL1813050,CC(=O)Nc1cccc(Nc2ncnc(N3CCC(Oc4ccc(OC(F)(F)F)cc4)CC3)n2)c1C,<rdkit.Chem.rdchem.Mol object at 0x00000227928A5F50>,300.0,502.4970000000002,4.828420000000004,7,2,8,101.5,active,6.522878745280337
CHEMBL1958460,CCCCCCCC(O)(C(N)=O)c1cccc(Cl)c1,<rdkit.Chem.rdchem.Mol object at 0x00000227928A5FC0>,5780.0,283.799,3.373400000000002,8,2,2,63.32,inactive,5.2380721615794705
CHEMBL2011946,Nc1cncc(Nc2ccc(Oc3ccc(Cl)cc3)cc2)c1,<rdkit.Chem.rdchem.Mol object at 0x00000227928A6030>,11800.0,311.772,4.853100000000003,4,2,4,60.17,inactive,4.928117992693875
CHEMBL2012014,Nc1ccnc(Nc2ccc(Oc3ccc(Cl)cc3)cc2)c1,<rdkit.Chem.rdchem.Mol object at 0x00000227928A60A0>,1400.0,311.772,4.853100000000003,4,2,4,60.17,active,5.853871964321762
CHEMBL2012179,Cc1cn(Cc2ccccc2)c2ncnc(OC3CCN(Cc4cscn4)CC3)c12,<rdkit.Chem.rdchem.Mol object at 0x00000227928A6110>,50.0,419.5540000000002,4.287920000000003,6,0,7,56.07,active,7.301029995663981
CHEMBL2012180,Fc1cn(Cc2ccccc2)c2ncnc(OC3CCN(Cc4cscn4)CC3)c12,<rdkit.Chem.rdchem.Mol object at 0x00000227928A6180>,30.0,423.5170000000002,4.118600000000003,6,0,7,56.07,active,7.522878745280337
CHEMBL2012250,CC1(C)C(=O)N(Cc2ccccc2)c2ncnc(OC3CCN(Cc4cscn4)CC3)c21,<rdkit.Chem.rdchem.Mol object at 0x00000227928A61F0>,130.0,449.5800000000003,3.800900000000003,6,0,7,71.45000000000002,active,6.886056647693163
CHEMBL2012267,Cc1ccc(Cn2ccc3c(OC4CCN(Cc5cscn5)CC4)ncnc32)cc1,<rdkit.Chem.rdchem.Mol object at 0x00000227928A6260>,2200.0,419.5540000000001,4.287920000000004,6,0,7,56.07,active,5.657577319177793
CHEMBL2012280,c1ccc(Cn2ccc3c(OC4CCN(Cc5c[nH]cn5)CC4)ncnc32)cc1,<rdkit.Chem.rdchem.Mol object at 0x00000227928A62D0>,2700.0,388.4750000000001,3.246100000000001,6,1,6,71.86,active,5.568636235841013
CHEMBL2012291,Cc1ccc(CN2CCC(Oc3ncnc4c3ccn4Cc3ccccc3)CC2)nc1,<rdkit.Chem.rdchem.Mol object at 0x00000227928A6340>,60.0,413.5250000000002,4.226420000000004,6,0,6,56.07,active,7.221848749616356
CHEMBL2012292,Cc1ccnc(CN2CCC(Oc3ncnc4c3ccn4Cc3ccccc3)CC2)c1,<rdkit.Chem.rdchem.Mol object at 0x00000227928A63B0>,40.0,413.5250000000002,4.226420000000004,6,0,6,56.07,active,7.3979400086720375
CHEMBL2012299,Fc1cccc(Cn2ccc3c(OC4CCN(Cc5ccccn5)CC4)ncnc32)c1F,<rdkit.Chem.rdchem.Mol object at 0x00000227928A6420>,20.0,435.4780000000001,4.196200000000003,6,0,6,56.07,active,7.698970004336019
CHEMBL2035983,C[C@@]1(c2cc(F)cc(F)c2)CNC2(CCCC2)C(=O)N1CC(=O)Nc1cnc2c(c1)C[C@@]1(C2)C(=O)Nc2ncccc21,<rdkit.Chem.rdchem.Mol object at 0x00000227928A6490>,20000.0,572.6160000000002,3.3420000000000014,4,3,6,116.32,inactive,4.698970004336019
CHEMBL2069400,CN1CCN(c2cccc3c2C[C@H](NC(=O)c2ccc(OC(F)(F)F)cc2)CO3)CC1,<rdkit.Chem.rdchem.Mol object at 0x00000227928A6500>,1995.26,435.44600000000014,3.070500000000002,4,1,5,54.040000000000006,active,5.700000503883016
CHEMBL2069403,Cc1nn(-c2ccccc2)nc1C(=O)N[C@@H]1COc2cccc(N3CCN(C)CC3)c2C1,<rdkit.Chem.rdchem.Mol object at 0x00000227928A6570>,5011.87,432.5280000000003,2.06102,4,1,7,75.52,inactive,5.300000202445418
CHEMBL2069406,O=C(N[C@@H]1COc2cccc(-c3cccnc3)c2C1)c1ccc(OC(F)(F)F)cc1,<rdkit.Chem.rdchem.Mol object at 0x00000227928A65E0>,3162.28,414.3830000000001,4.380700000000003,4,1,4,60.45,active,5.499999678657065
CHEMBL2147308,COc1cnc(-c2c(F)ccc(F)c2CCNC(=O)c2ccc(COCC(F)(F)F)nc2)cn1,<rdkit.Chem.rdchem.Mol object at 0x00000227928A6650>,1584.89,482.40900000000016,3.876800000000003,9,1,6,86.23,active,5.800000874803203
CHEMBL2164040,COc1cccc2c(C(=O)NCc3ccc(OC(F)(F)F)cc3)n(CCc3ccccn3)c(O)c12,<rdkit.Chem.rdchem.Mol object at 0x00000227928A66C0>,8500.0,485.46200000000016,4.821800000000003,8,2,6,85.61,inactive,5.070581074285707
CHEMBL2164369,Cc1cccc2c(O)n(CCc3ccccn3)c(C(=O)NCc3ccc(OC(F)(F)F)cc3)c12,<rdkit.Chem.rdchem.Mol object at 0x00000227928A6730>,4700.0,469.46300000000014,5.1216200000000045,7,2,5,76.38,active,5.327902142064283
CHEMBL2164360,CC(Cc1ccccn1)n1c(O)c2ccccc2c1C(=O)NCc1ccc(OC(F)(F)F)cc1,<rdkit.Chem.rdchem.Mol object at 0x00000227928A67A0>,4000.0,469.46300000000014,5.374200000000003,7,2,5,76.38,active,5.3979400086720375
CHEMBL2164356,Cc1cccc(CCn2c(O)c3ccccc3c2C(=O)NCc2ccc(OC(F)(F)F)cc2)n1,<rdkit.Chem.rdchem.Mol object at 0x00000227928A6810>,1900.0,469.46300000000014,5.121620000000003,7,2,5,76.38000000000001,active,5.721246399047171
CHEMBL2164378,O=C(NCc1ccc(OC(F)(F)F)cc1)c1c2ccccc2c(O)n1CCC(F)(F)F,<rdkit.Chem.rdchem.Mol object at 0x00000227928A6880>,19000.0,446.3470000000001,5.127900000000003,6,2,4,63.49,inactive,4.721246399047171
CHEMBL2164377,O=C(NCc1ccc(OC(F)(F)F)cc1)c1c2ccccc2c(O)n1CC1CC(F)(F)C1,<rdkit.Chem.rdchem.Mol object at 0x00000227928A68F0>,18000.0,454.39500000000015,5.220800000000003,6,2,4,63.49,inactive,4.7447274948966935
CHEMBL2164392,O=C(NCc1ccc(OCC(F)(F)F)cc1)c1c2ccccc2c(O)n1CCc1ccccn1,<rdkit.Chem.rdchem.Mol object at 0x00000227928A6960>,8900.0,469.4630000000002,4.855700000000004,8,2,5,76.38,inactive,5.050609993355087
CHEMBL2164390,O=C(NCc1cccc(OC(F)(F)F)c1)c1c2ccccc2c(O)n1CCc1ccccn1,<rdkit.Chem.rdchem.Mol object at 0x00000227928A69D0>,2800.0,455.43600000000015,4.813200000000004,7,2,5,76.38,active,5.552841968657781
CHEMBL2409408,COc1cc2nnc(C(N)=O)c(Nc3ccc(C)cc3F)c2cc1N1CCN(C(=O)C(C)O)CC1,<rdkit.Chem.rdchem.Mol object at 0x00000227928A6A40>,30000.0,482.5160000000003,1.95782,6,3,8,133.90999999999997,inactive,4.522878745280337
CHEMBL2409309,CCOc1cc2ncc(C(N)=O)c(Nc3ccc(F)cc3F)c2cc1C1CCN(C)CC1,<rdkit.Chem.rdchem.Mol object at 0x00000227928A6AB0>,30000.0,440.49400000000026,4.563400000000003,6,2,5,80.48,inactive,4.522878745280337
CHEMBL2409402,COc1cc2nnc(C(N)=O)c(Nc3ccc(C)cc3F)c2cc1N1CCCN(CCO)CC1,<rdkit.Chem.rdchem.Mol object at 0x00000227928A6B20>,27000.0,468.5330000000004,2.4328200000000004,7,3,8,116.84,inactive,4.568636235841013
CHEMBL481806,CCOc1cc2ncc(C(N)=O)c(Nc3ccc(F)cc3F)c2cc1N1CCN(C)CC1,<rdkit.Chem.rdchem.Mol object at 0x00000227928A6B90>,14000.0,441.48200000000026,3.506000000000002,6,2,6,83.72,inactive,4.853871964321762
CHEMBL3085869,Cn1cccc1C(=O)N[C@H]1CCc2nc(N)sc2C1,<rdkit.Chem.rdchem.Mol object at 0x00000227928A6C00>,30000.0,276.365,1.3511,2,2,5,72.94,inactive,4.522878745280337
CHEMBL3085875,Nc1nc2c(s1)CC(CNC(=O)c1cc3ccccc3[nH]1)CC2,<rdkit.Chem.rdchem.Mol object at 0x00000227928A6C70>,30000.0,326.42500000000007,2.7415000000000003,3,3,4,83.79999999999998,inactive,4.522878745280337
CHEMBL3322761,COc1ccc2c(c1)NC1(CCN(C(=O)OCc3ccccc3)CC1)c1cccn1-2,<rdkit.Chem.rdchem.Mol object at 0x00000227928A6CE0>,6882.0,403.4820000000001,4.539300000000003,3,1,5,55.73,inactive,5.162285331715089
CHEMBL3322765,COc1ccc2c(c1)NC1(CCN(C(=O)Nc3ccc(C#N)cc3)CC1)c1cccn1-2,<rdkit.Chem.rdchem.Mol object at 0x00000227928A6D50>,30000.0,413.48100000000017,4.306280000000003,2,2,5,82.32,inactive,4.522878745280337
CHEMBL3322758,COc1ccc2c(c1)NC1(CCN(C(=O)c3cccc(C)c3)CC1)c1cccn1-2,<rdkit.Chem.rdchem.Mol object at 0x00000227928A6DC0>,7172.0,387.4830000000001,4.351320000000004,2,1,4,46.5,inactive,5.144359719109855
CHEMBL2165063,COc1ccc2ncc(=O)n(CCN3CCC(NCc4ccc5c(n4)NC(=O)CO5)CC3)c2c1,<rdkit.Chem.rdchem.Mol object at 0x00000227928A6E30>,100000.0,464.5260000000003,1.385199999999999,7,2,9,110.61,inactive,4.0
CHEMBL3355575,COc1cnc2ccc(=O)n(C[C@H](N)[C@H]3CC[C@H](NCc4ccc5c(n4)NC(=O)CO5)CC3)c2c1,<rdkit.Chem.rdchem.Mol object at 0x00000227928A6EA0>,333000.0,478.5530000000003,1.8069,7,3,9,133.39,inactive,3.4775557664936803
CHEMBL3325530,O=S(=O)(Nc1ncns1)c1cc(F)c(OCC2(F)CNCCC2c2ccc(F)cc2)cc1F,<rdkit.Chem.rdchem.Mol object at 0x00000227928A6F10>,10000.0,502.5150000000002,3.620400000000002,7,2,7,93.21,inactive,5.0
CHEMBL3325538,O=S(=O)(Nc1ncns1)c1cc(F)c(OC[C@@H]2CN(CCF)CC[C@H]2c2ccc(Cl)cc2)cc1F,<rdkit.Chem.rdchem.Mol object at 0x00000227928A6F80>,10000.0,547.0240000000003,4.724500000000004,9,1,7,84.42,inactive,5.0
CHEMBL3337585,COc1ccc(C(=O)N2CCC3(CC2)Nc2cc(C(F)(F)F)ccc2-n2cccc23)cc1N(C)C,<rdkit.Chem.rdchem.Mol object at 0x00000227928A6FF0>,217.0,484.5220000000001,5.127700000000004,3,1,5,49.74,active,6.663540266151471
CHEMBL3337594,COc1ccc2c(c1)NC1(CCN(C(=O)c3ccc4c(c3)N(C)CCO4)CC1)c1cccn1-2,<rdkit.Chem.rdchem.Mol object at 0x00000227928A7060>,1138.0,444.53500000000025,3.871500000000003,2,1,6,58.970000000000006,active,5.943857737940948
CHEMBL3337597,COc1ccc2c(c1)NC1(CCN(C(=O)c3ccc4ncccc4c3)CC1)c1cccn1-2,<rdkit.Chem.rdchem.Mol object at 0x00000227928A70D0>,1034.0,424.5040000000001,4.591100000000004,2,1,5,59.39,active,5.985479461242076
CHEMBL3337599,COc1ccc2c(c1)NC1(CCN(C(=O)c3ccc4ccccc4n3)CC1)c1cccn1-2,<rdkit.Chem.rdchem.Mol object at 0x00000227928A7140>,419.0,424.5040000000001,4.591100000000004,2,1,5,59.39,active,6.377785977033705
CHEMBL3337600,COc1ccc2c(c1)NC1(CCN(C(=O)c3ccc4cccnc4c3)CC1)c1cccn1-2,<rdkit.Chem.rdchem.Mol object at 0x00000227928A71B0>,1732.0,424.5040000000001,4.591100000000004,2,1,5,59.39,active,5.761452112318672
CHEMBL1729,COc1cc(N)c(Cl)cc1C(=O)NC1CCN(CCCOc2ccc(F)cc2)CC1OC,<rdkit.Chem.rdchem.Mol object at 0x00000227928A7220>,14700.0,465.9530000000003,3.358100000000002,9,2,6,86.05,inactive,4.8326826652518236
CHEMBL554,CS(=O)(=O)CCNCc1ccc(-c2ccc3ncnc(Nc4ccc(OCc5cccc(F)c5)c(Cl)c4)c3c2)o1,<rdkit.Chem.rdchem.Mol object at 0x00000227928A7290>,3162277.66,581.0690000000002,6.139100000000005,11,2,8,106.35,inactive,2.5000000000231246
CHEMBL3634335,COc1cccc(OCC(O)CN2CCC(N3Cc4ccccc4C3=O)CC2)c1,<rdkit.Chem.rdchem.Mol object at 0x00000227928A7300>,10000.0,396.48700000000014,2.555300000000001,7,1,5,62.24,inactive,5.0
CHEMBL3632696,O=C(NC1CCN(CC(O)COc2ccc(C(F)(F)F)cc2)CC1)c1ccccc1,<rdkit.Chem.rdchem.Mol object at 0x00000227928A7370>,1100.0,422.4470000000001,3.339500000000002,7,2,4,61.80000000000001,active,5.958607314841775
CHEMBL3657921,CN(C)S(=O)(=O)NC(=O)c1cc(Cl)c(OC2CC3CC2C2CCCC32)cc1F,<rdkit.Chem.rdchem.Mol object at 0x00000227928A73E0>,7820.0,430.92900000000026,3.2188000000000017,5,1,4,75.71000000000001,inactive,5.106793246940152
CHEMBL3683227,COc1cc(C(F)(F)F)ccc1-c1cccc2c1CCN(S(=O)(=O)Nc1ncns1)C2,<rdkit.Chem.rdchem.Mol object at 0x00000227928A7450>,10000.0,470.4980000000002,3.9475000000000025,5,1,6,84.42,inactive,5.0
CHEMBL3683199,O=S(=O)(Nc1ncns1)N1CCc2c(cccc2-c2ccc(Cl)cc2)C1,<rdkit.Chem.rdchem.Mol object at 0x00000227928A74C0>,10000.0,406.9200000000001,3.573500000000002,4,1,5,75.19,inactive,5.0
CHEMBL3704443,Cn1nccc1-c1cn(C)c2cc(S(=O)(=O)Nc3ncns3)ccc12,<rdkit.Chem.rdchem.Mol object at 0x00000227928A7530>,10000.0,374.4510000000001,2.2311,4,1,8,94.7,inactive,5.0
CHEMBL3704415,Cn1cc(-c2ccc(C(F)(F)F)cc2Cl)c2ccc(S(=O)(=O)Nc3ncns3)cc21,<rdkit.Chem.rdchem.Mol object at 0x00000227928A75A0>,10000.0,472.90100000000007,5.169800000000003,4,1,6,76.88,inactive,5.0
CHEMBL3657838,O=C(NS(=O)(=O)N1CC(O)C1)c1cc(C2CC2)c(OCC23CC4CC(CC(C4)C2)C3)cc1F,<rdkit.Chem.rdchem.Mol object at 0x00000227928A7610>,60.6,478.5860000000004,2.9494000000000016,7,2,5,95.94,active,7.217527375833714
CHEMBL3704452,Cn1nccc1-c1cc(Cl)ccc1-n1cnc2cc(S(=O)(=O)Nc3ncns3)ccc21,<rdkit.Chem.rdchem.Mol object at 0x00000227928A7680>,10000.0,471.95500000000015,3.731700000000002,5,1,9,107.59,inactive,5.0
CHEMBL3683237,CN1CC=C(c2cc(Cl)cc(F)c2-c2cccc3c2CCN(S(=O)(=O)Nc2ncc(F)s2)C3)CC1,<rdkit.Chem.rdchem.Mol object at 0x00000227928A76F0>,10000.0,537.0570000000001,5.175600000000005,5,1,5,65.54,inactive,5.0
CHEMBL3704400,CC(C)n1cc(-c2ccc(C(F)(F)F)cc2-c2ccnn2C)c2ccc(S(=O)(=O)Nc3ncns3)cc21,<rdkit.Chem.rdchem.Mol object at 0x00000227928A7760>,10000.0,546.6,5.960800000000004,6,1,8,94.7,inactive,5.0
CHEMBL3704432,COc1ccc(-c2cn(C)c3cc(S(=O)(=O)Nc4ncns4)ccc23)c(Cl)c1,<rdkit.Chem.rdchem.Mol object at 0x00000227928A77D0>,10000.0,434.93000000000006,4.159600000000003,5,1,7,86.11,inactive,5.0
CHEMBL3799838,O=C1N(Cc2ncco2)CCN1c1cccc2c1cnn2-c1ccccc1F,<rdkit.Chem.rdchem.Mol object at 0x00000227928A7840>,14200.0,377.379,3.594800000000002,4,0,5,67.4,inactive,4.847711655616943
CHEMBL3901114,COc1cc(C(F)(F)F)ccc1-c1cccc2cc(S(=O)(=O)Nc3ncccn3)ccc12,<rdkit.Chem.rdchem.Mol object at 0x00000227928A78B0>,30000.0,459.4490000000002,5.125000000000004,5,1,5,81.18,inactive,4.522878745280337
CHEMBL3903475,Cc1cn(-c2ccc(-c3cn(CC(=O)Nc4cccc(Cl)c4Cl)nn3)cc2F)cn1,<rdkit.Chem.rdchem.Mol object at 0x00000227928A7920>,30000.0,445.28500000000014,4.523820000000002,5,1,6,77.63000000000001,inactive,4.522878745280337
CHEMBL3980898,CO[C@H]1C[C@H](Oc2cc(F)c(F)c(-c3ccc4c(c3)CC[C@H](CCC(=O)O)O4)n2)C1,<rdkit.Chem.rdchem.Mol object at 0x00000227928A7990>,27000.0,419.42400000000026,4.141400000000003,7,1,5,77.88,inactive,4.568636235841013
CHEMBL3682642,Nc1cc(Cl)ccc1-c1cccc2cc(S(=O)(=O)Nc3ncns3)ccc12,<rdkit.Chem.rdchem.Mol object at 0x00000227928A7A00>,30000.0,416.9150000000001,4.394700000000002,4,2,6,97.97,inactive,4.522878745280337
CHEMBL3682651,O=S(=O)(Nc1ncns1)c1ccc2c(-c3ccc(Cl)cc3Cl)cccc2c1,<rdkit.Chem.rdchem.Mol object at 0x00000227928A7A70>,30000.0,436.3450000000001,5.465900000000002,4,1,5,71.95,inactive,4.522878745280337
CHEMBL3687547,COc1cc(C(F)F)c(Cl)cc1-c1ncnc2cc(S(=O)(=O)Nc3nccs3)ccc12,<rdkit.Chem.rdchem.Mol object at 0x00000227928A7AE0>,7440.0,482.92100000000016,5.153700000000003,6,1,7,94.07,inactive,5.128427064454121
CHEMBL3687566,COc1ccccc1-c1cncc2cc(S(=O)(=O)Nc3nccs3)ccc12,<rdkit.Chem.rdchem.Mol object at 0x00000227928A7B50>,30000.0,397.4810000000001,4.167700000000003,5,1,6,81.17999999999999,inactive,4.522878745280337
CHEMBL3687614,COc1cc(-c2cccc(F)c2)c(C#N)cc1-c1nccc2cc(S(=O)(=O)Nc3nncs3)ccc12,<rdkit.Chem.rdchem.Mol object at 0x00000227928A7BC0>,30000.0,517.5670000000001,5.240480000000003,6,1,8,117.86,inactive,4.522878745280337
CHEMBL3687617,COc1ccc(-c2cccc(C(F)(F)F)c2)cc1-c1nccc2cc(S(=O)(=O)Nc3nncs3)ccc12,<rdkit.Chem.rdchem.Mol object at 0x00000227928A7C30>,30000.0,542.5640000000001,6.248500000000004,6,1,7,94.07,inactive,4.522878745280337
CHEMBL3687635,COc1cc(-c2ccc(F)c(F)c2)c(F)cc1-c1nccc2cc(S(=O)(=O)Nc3nncs3)ccc12,<rdkit.Chem.rdchem.Mol object at 0x00000227928A7CA0>,30000.0,528.5370000000001,5.647000000000004,6,1,7,94.07,inactive,4.522878745280337
CHEMBL3687636,COc1cc(-c2cccc(F)c2)c(F)cc1-c1nccc2cc(S(=O)(=O)Nc3nncs3)ccc12,<rdkit.Chem.rdchem.Mol object at 0x00000227928A7D10>,30000.0,510.54700000000014,5.507900000000004,6,1,7,94.07,inactive,4.522878745280337
CHEMBL3687638,COc1cc(Cl)ccc1-c1nccc2cc(S(=O)(=O)Nc3ncns3)ccc12,<rdkit.Chem.rdchem.Mol object at 0x00000227928A7D80>,30000.0,432.9140000000001,4.216100000000003,5,1,7,94.07,inactive,4.522878745280337
CHEMBL3687641,COc1cc(-c2cc(F)cc(F)c2)ccc1-c1nccc2cc(S(=O)(=O)Nc3cc(C)ncn3)ccc12,<rdkit.Chem.rdchem.Mol object at 0x00000227928A7DF0>,30000.0,518.5450000000002,5.754820000000005,6,1,6,94.07,inactive,4.522878745280337
CHEMBL3687672,COc1cc(C(F)(F)F)ccc1-c1nccc2cc(S(=O)(=O)Nc3nc(C#N)cs3)ccc12,<rdkit.Chem.rdchem.Mol object at 0x00000227928A7E60>,30000.0,490.4880000000002,5.058180000000003,5,1,7,104.97,inactive,4.522878745280337
CHEMBL3687708,COc1cc(-c2ccc(C)c(F)c2)ccc1-c1nccc2cc(S(=O)(=O)Nc3ccncn3)ccc12,<rdkit.Chem.rdchem.Mol object at 0x00000227928A7ED0>,30000.0,500.5550000000002,5.615720000000005,6,1,6,94.07,inactive,4.522878745280337
CHEMBL3692161,COc1cc(C(F)(F)F)ccc1-c1nccc2cc(S(=O)(=O)Nc3cscn3)ccc12,<rdkit.Chem.rdchem.Mol object at 0x00000227928A7F40>,30000.0,465.4780000000002,5.186500000000003,5,1,6,81.17999999999999,inactive,4.522878745280337
CHEMBL3692163,COc1ccc(Cl)cc1-c1n[nH]c(=O)c2cc(S(=O)(=O)Nc3nccs3)ccc12,<rdkit.Chem.rdchem.Mol object at 0x00000227928A0040>,30000.0,448.9130000000001,3.509400000000001,5,2,7,114.04,inactive,4.522878745280337
CHEMBL3687750,COc1cc(-c2cccc(C(F)(F)F)c2)ccc1-c1ncnc2cc(S(=O)(=O)Nc3ccncn3)ccc12,<rdkit.Chem.rdchem.Mol object at 0x00000227928A00B0>,30000.0,537.5230000000001,5.582000000000004,6,1,7,106.96,inactive,4.522878745280337
CHEMBL3975631,COc1cc(-c2cccc(F)c2)c(Cl)cc1-n1c(=O)ccc2cc(S(=O)(=O)Nc3ccncn3)ccc21,<rdkit.Chem.rdchem.Mol object at 0x00000227928A0120>,30000.0,536.9720000000002,5.049600000000003,6,1,7,103.18,inactive,4.522878745280337
CHEMBL3908970,COc1cc(Cl)cc(-c2cc(OC)c(-n3c(=O)ccc4cc(S(=O)(=O)Nc5ncccn5)ccc43)cc2F)c1,<rdkit.Chem.rdchem.Mol object at 0x00000227928A0190>,10000.0,566.9980000000002,5.058200000000003,7,1,8,112.41,inactive,5.0
CHEMBL3902709,O=S(=O)(Nc1ncns1)c1ccc2c(c1)OCCN2c1ccc(C(F)(F)F)cc1-c1cn[nH]c1,<rdkit.Chem.rdchem.Mol object at 0x00000227928A0200>,944.0,508.5070000000002,4.278300000000002,5,2,8,113.1,active,6.025028005701931
CHEMBL3922400,O=S(=O)(Nc1ncns1)c1ccc2c(c1)OCCN2c1ccc(C(F)(F)F)cc1C1=CCNCC1,<rdkit.Chem.rdchem.Mol object at 0x00000227928A0270>,349.0,523.5620000000002,4.264900000000003,5,2,8,96.45,active,6.45717457304082
CHEMBL3937730,O=S(=O)(Nc1ncns1)c1ccc2c(c1)OCCN2c1ccc(C(F)(F)F)cc1-c1cncnc1,<rdkit.Chem.rdchem.Mol object at 0x00000227928A02E0>,5410.0,520.5180000000003,4.345200000000003,5,1,9,110.2,inactive,5.266802734893431
CHEMBL3960584,O=S(=O)(Nc1nccs1)c1ccc2c(c1)OCCN2c1ccc(C(F)(F)F)cc1Br,<rdkit.Chem.rdchem.Mol object at 0x00000227928A0350>,1850.0,520.3520000000001,5.255700000000003,4,1,6,71.53,active,5.732828271596986
CHEMBL3959387,O=S(=O)(Nc1ccccn1)c1ccc2c(c1)OCCN2c1ccc(C(F)(F)F)cc1C1=CCNCC1,<rdkit.Chem.rdchem.Mol object at 0x00000227928A03C0>,10000.0,516.5450000000002,4.808400000000004,5,2,6,83.56,inactive,5.0
CHEMBL3935962,Cc1ccc2cnccc2c1N1CCOc2cc(S(=O)(=O)Nc3nccs3)ccc21,<rdkit.Chem.rdchem.Mol object at 0x00000227928A0430>,10000.0,438.5340000000001,4.331020000000003,4,1,7,84.42,inactive,5.0
CHEMBL3934058,Cc1c(F)cccc1N1CCOc2cc(S(=O)(=O)Nc3nccs3)ccc21,<rdkit.Chem.rdchem.Mol object at 0x00000227928A04A0>,10000.0,405.47600000000006,3.9219200000000023,4,1,6,71.53,inactive,5.0
CHEMBL3928626,Cc1ccc(F)c(N2CCOc3cc(S(=O)(=O)Nc4nccs4)ccc32)c1,<rdkit.Chem.rdchem.Mol object at 0x00000227928A0510>,5640.0,405.47600000000006,3.9219200000000023,4,1,6,71.53,inactive,5.248720896016658
CHEMBL3955185,Cc1ccc(N2CCOc3cc(S(=O)(=O)Nc4nccs4)ccc32)cc1F,<rdkit.Chem.rdchem.Mol object at 0x00000227928A0580>,10000.0,405.4760000000001,3.9219200000000023,4,1,6,71.53,inactive,5.0
CHEMBL3966862,O=S(=O)(Nc1cnccn1)c1ccc2c(c1)OCCN2c1ccc(C(F)(F)F)cc1C1=CCNCC1,<rdkit.Chem.rdchem.Mol object at 0x00000227928A05F0>,10000.0,517.5330000000002,4.203400000000003,5,2,7,96.45,inactive,5.0
CHEMBL3919229,N#Cc1cc(C(F)(F)F)ccc1N1CCOc2cc(S(=O)(=O)Nc3ccno3)ccc21,<rdkit.Chem.rdchem.Mol object at 0x00000227928A0660>,10000.0,450.39800000000014,3.8963800000000015,4,1,7,108.46,inactive,5.0
CHEMBL3934231,O=S(=O)(Nc1ccncn1)c1ccc2c(c1)OCCN2c1ncc(C(F)(F)F)cc1Cl,<rdkit.Chem.rdchem.Mol object at 0x00000227928A06D0>,10000.0,471.8480000000002,3.8751000000000015,4,1,7,97.31,inactive,5.0
CHEMBL3930852,COc1cc(C#N)ccc1N1CC(C)Oc2cc(S(=O)(=O)Nc3nccs3)ccc21,<rdkit.Chem.rdchem.Mol object at 0x00000227928A0740>,10000.0,442.5220000000001,3.7431800000000015,5,1,8,104.55,inactive,5.0
CHEMBL3979461,COc1ccc(C)nc1N1CCOc2cc(S(=O)(=O)Nc3nccs3)ccc21,<rdkit.Chem.rdchem.Mol object at 0x00000227928A07B0>,10000.0,418.50000000000006,3.186420000000001,5,1,8,93.65,inactive,5.0
CHEMBL3918153,CC(C)c1ccc(N2CCOc3cc(S(=O)(=O)Nc4nccs4)ccc32)cc1,<rdkit.Chem.rdchem.Mol object at 0x00000227928A0820>,10000.0,415.54,4.597800000000004,5,1,6,71.53,inactive,5.0
CHEMBL3934234,COc1ccc(N2CCOc3cc(S(=O)(=O)Nc4nccs4)ccc32)cc1C#N,<rdkit.Chem.rdchem.Mol object at 0x00000227928A0890>,10000.0,428.4950000000001,3.354680000000002,5,1,8,104.55,inactive,5.0
CHEMBL3935306,O=S(=O)(Nc1nccs1)c1ccc2c(c1)OCCN2c1ccc(OC(F)(F)C(F)F)cc1,<rdkit.Chem.rdchem.Mol object at 0x00000227928A0900>,5810.0,489.47200000000015,4.711100000000003,7,1,7,80.76,inactive,5.235823867609669
CHEMBL3925263,O=S(=O)(Nc1nccs1)c1ccc2c(c1)OCCN2c1ccc(Cl)c(C(F)(F)F)c1,<rdkit.Chem.rdchem.Mol object at 0x00000227928A0970>,6550.0,475.9010000000001,5.146600000000002,4,1,6,71.53,inactive,5.183758700008217
CHEMBL3905774,Cc1ccc(N2CCOc3cc(S(=O)(=O)Nc4nccs4)ccc32)c(C)n1,<rdkit.Chem.rdchem.Mol object at 0x00000227928A09E0>,10000.0,402.50100000000015,3.4862400000000022,4,1,7,84.42,inactive,5.0
CHEMBL3983393,O=S(=O)(Nc1nccs1)c1ccc2c(c1)OCCN2c1ncc(F)cc1F,<rdkit.Chem.rdchem.Mol object at 0x00000227928A0A50>,10000.0,410.4270000000001,3.147600000000001,4,1,7,84.42,inactive,5.0
CHEMBL3898069,COc1cnc(N2CCOc3cc(S(=O)(=O)Nc4nccs4)ccc32)c(OC)n1,<rdkit.Chem.rdchem.Mol object at 0x00000227928A0AC0>,10000.0,435.48700000000014,2.2816,6,1,10,115.77,inactive,5.0
CHEMBL3922776,O=S(=O)(Nc1nccs1)c1ccc2c(c1)OCCN2c1cccc(Cl)c1Cl,<rdkit.Chem.rdchem.Mol object at 0x00000227928A0B30>,6440.0,442.34900000000016,4.781200000000002,4,1,6,71.53,inactive,5.1911141326401875
CHEMBL3920490,O=S(=O)(Nc1nccs1)c1ccc2c(c1)OCCN2c1ccc(F)cc1F,<rdkit.Chem.rdchem.Mol object at 0x00000227928A0BA0>,10000.0,409.43900000000014,3.752600000000002,4,1,6,71.53,inactive,5.0
CHEMBL3934299,Cc1ccc(Cl)cc1N1CCOc2cc(S(=O)(=O)Nc3nccs3)ccc21,<rdkit.Chem.rdchem.Mol object at 0x00000227928A0C10>,5600.0,421.9310000000001,4.436220000000002,4,1,6,71.53,inactive,5.251811972993799
CHEMBL3894090,O=S(=O)(Nc1nccs1)c1ccc2c(c1)OCCN2c1ccc(C(F)(F)F)cc1C[C@H](O)CO,<rdkit.Chem.rdchem.Mol object at 0x00000227928A0C80>,896.0,515.5350000000003,3.3889000000000027,7,3,8,111.99,active,6.047691990337875
CHEMBL4109740,O=S(=O)(Nc1nccs1)c1ccc2c(c1)OCCN2c1ccc(C(F)(F)F)cc1C[C@@H](O)CO,<rdkit.Chem.rdchem.Mol object at 0x00000227928A0CF0>,497.0,515.5350000000003,3.3889000000000027,7,3,8,111.99,active,6.303643611266668
CHEMBL3906360,Cc1onc(-c2ccccc2)c1CN1CCOc2cc(S(=O)(=O)Nc3nccs3)ccc21,<rdkit.Chem.rdchem.Mol object at 0x00000227928A0D60>,10000.0,468.56000000000006,4.306320000000003,6,1,8,97.56,inactive,5.0
CHEMBL3975139,Cc1cc(C#N)ccc1N1CCOc2cc(S(=O)(=O)Nc3nccs3)ccc21,<rdkit.Chem.rdchem.Mol object at 0x00000227928A0DD0>,10000.0,412.496,3.6545000000000014,4,1,7,95.32,inactive,5.0
CHEMBL4097019,CCOc1cc(C(=O)Nc2cc(C(F)(F)F)ccn2)ccc1-c1nc(C23CCC(C(=O)O)(CC2)CC3)n2ccnc(N)c12,<rdkit.Chem.rdchem.Mol object at 0x00000227928A0E40>,30000.0,594.5940000000002,5.719900000000004,7,3,8,144.73000000000002,inactive,4.522878745280337
CHEMBL4096195,CC(C)[C@@]1(C(=O)O)CC[C@@](C)(c2nc(-c3ccc(C(=O)Nc4cc(C(F)(F)F)ccn4)cc3)c3c(N)nccn23)C1,<rdkit.Chem.rdchem.Mol object at 0x00000227928A0EB0>,30000.0,566.584,5.813200000000005,6,3,7,135.49999999999997,inactive,4.522878745280337
CHEMBL4085173,O=C(c1ccc(C[C@@H]2CC[C@H]([C@H](O)c3ccccc3)N2)cc1)N1CCN(Cc2nnn(CC(F)(F)F)n2)CC1,<rdkit.Chem.rdchem.Mol object at 0x00000227928A0F20>,30000.0,543.594,2.5901000000000005,8,2,8,99.41,inactive,4.522878745280337
CHEMBL4065188,N[C@H]1CC[C@@](CCOc2cc(F)c(S(=O)(=O)Nc3ncns3)cc2F)(c2ccc(Cl)cc2)CC1,<rdkit.Chem.rdchem.Mol object at 0x00000227928A0F90>,30000.0,529.034,4.878700000000004,8,2,7,107.2,inactive,4.522878745280337
CHEMBL4062566,N[C@H]1CC[C@@](CCOc2cc(F)c(S(=O)(=O)Nc3ncns3)cc2F)(c2ccccc2)CC1,<rdkit.Chem.rdchem.Mol object at 0x00000227928A1000>,30000.0,494.58900000000017,4.225300000000003,8,2,7,107.2,inactive,4.522878745280337
CHEMBL4083450,O=S(=O)(Nc1ncns1)c1cc(F)c(OCC[C@]2(c3ccccc3)CC[C@@H](NC3CC3)CC2)cc1F,<rdkit.Chem.rdchem.Mol object at 0x00000227928A1070>,30000.0,534.6540000000005,5.018600000000005,10,2,7,93.21,inactive,4.522878745280337
CHEMBL4064193,CN1C(C)(C)CC(Nc2cc(F)c(S(=O)(=O)Nc3nccs3)cc2Cl)CC1(C)C,<rdkit.Chem.rdchem.Mol object at 0x00000227928A10E0>,30000.0,461.0280000000002,4.799700000000004,5,2,6,74.33000000000001,inactive,4.522878745280337
CHEMBL4060568,COc1cc(-c2cccc(C(F)(F)F)c2)c(F)cc1-c1nccc2cc(S(=O)(=O)Nc3ccon3)ccc12,<rdkit.Chem.rdchem.Mol object at 0x00000227928A1150>,12000.0,543.4980000000002,6.524100000000005,6,1,6,94.32,inactive,4.920818753952375
CHEMBL4092650,COc1cc(-c2ccc(C(F)(F)F)cc2)c(F)cc1-c1nccc2cc(S(=O)(=O)Nc3ccon3)ccc12,<rdkit.Chem.rdchem.Mol object at 0x00000227928A11C0>,10000.0,543.4980000000002,6.524100000000005,6,1,6,94.32,inactive,5.0
CHEMBL4102635,O=S(=O)(Nc1cscn1)c1cc(Cl)c(OCC2NCCC=C2c2ccc(F)cc2)cc1F,<rdkit.Chem.rdchem.Mol object at 0x00000227928A1230>,10000.0,497.9760000000002,4.699800000000002,7,2,6,80.32000000000001,inactive,5.0
CHEMBL4100134,O=S(=O)(Nc1ncc(Cl)s1)c1cc(Cl)c(NCC23CCCN2CCC3)cc1F,<rdkit.Chem.rdchem.Mol object at 0x00000227928A12A0>,17600.0,465.4030000000004,4.430100000000003,6,2,6,74.33,inactive,4.7544873321858505
CHEMBL4094846,O=S(=O)(Nc1nccs1)c1cc(Cl)c(NCCC23CCCN2CCC3)cc1F,<rdkit.Chem.rdchem.Mol object at 0x00000227928A1310>,24200.0,444.9850000000004,4.166800000000003,7,2,6,74.33,inactive,4.616184634019569
CHEMBL4087167,O=S(=O)(Nc1nccs1)c1cc(Cl)c(NCC23CCCN2CC(F)(F)C3)cc1F,<rdkit.Chem.rdchem.Mol object at 0x00000227928A1380>,30000.0,466.9380000000003,4.021900000000002,6,2,6,74.33,inactive,4.522878745280337
CHEMBL4090731,CC1(C)CN2CCC[C@@]2(CNc2cc(F)c(S(=O)(=O)Nc3nccs3)cc2Cl)C1,<rdkit.Chem.rdchem.Mol object at 0x00000227928A13F0>,30000.0,459.01200000000017,4.412800000000003,6,2,6,74.33000000000001,inactive,4.522878745280337
CHEMBL4065038,O=S(=O)(Nc1ncns1)c1cc(Cl)c(NCC23CCCN2CCC3)cc1F,<rdkit.Chem.rdchem.Mol object at 0x00000227928A1460>,7200.0,431.9460000000003,3.171700000000002,6,2,7,87.22,inactive,5.142667503568732
CHEMBL4101680,N#Cc1ccc(-c2[nH]nc3cc(OC(F)(F)F)ccc23)cc1,<rdkit.Chem.rdchem.Mol object at 0x00000227928A14D0>,17300.0,303.243,4.000180000000001,2,1,3,61.7,inactive,4.761953896871205
CHEMBL2325350,Cn1nccc1-c1cc(Cl)ccc1Oc1cc(F)c(S(=O)(=O)Nc2ncns2)cc1F,<rdkit.Chem.rdchem.Mol object at 0x00000227928A1540>,22210.0,483.9090000000001,4.463300000000002,6,1,8,99.0,inactive,4.653451441451526
CHEMBL2322421,Cn1nccc1-c1cc(Cl)ccc1Oc1ccc(S(=O)(=O)Nc2cscn2)cc1C#N,<rdkit.Chem.rdchem.Mol object at 0x00000227928A15B0>,10000.0,471.95100000000014,4.661780000000003,6,1,8,109.9,inactive,5.0
CHEMBL2323073,N#Cc1cc(S(=O)(=O)Nc2ncns2)ccc1Oc1ccc(C(F)(F)F)cc1-c1cccnn1,<rdkit.Chem.rdchem.Mol object at 0x00000227928A1620>,43699.0,504.4750000000002,4.478680000000002,6,1,9,130.75,inactive,4.359528501232119
CHEMBL3682658,O=S(=O)(Nc1ccncn1)c1ccc2c(-c3ccc(C(F)(F)F)cc3C3=CCNCC3)cccc2c1,<rdkit.Chem.rdchem.Mol object at 0x00000227928A1690>,30000.0,510.5410000000002,5.4931000000000045,5,2,5,83.98,inactive,4.522878745280337
CHEMBL4084926,O=C(Nc1cccc(C(F)(F)F)c1-c1ccccn1)c1cccc(-c2ncccc2C(F)F)c1,<rdkit.Chem.rdchem.Mol object at 0x00000227928A1700>,1900.0,469.41300000000007,7.019300000000006,5,1,3,54.88,active,5.721246399047171
CHEMBL4128718,CC(C)COc1ncc(-c2ccc(-c3n[nH]c(S(=O)(=O)C4CCC4)n3)cc2F)cc1Cl,<rdkit.Chem.rdchem.Mol object at 0x00000227928A1770>,29000.0,464.9500000000003,4.687200000000004,7,1,6,97.83,inactive,4.5376020021010435
CHEMBL4128578,COc1cc(-c2n[nH]c(S(=O)(=O)C3CCC3)n2)ccc1-c1cnc(OCC(C)C)c(Cl)c1,<rdkit.Chem.rdchem.Mol object at 0x00000227928A17E0>,5300.0,476.9860000000002,4.556700000000004,8,1,7,107.06,inactive,5.275724130399211
CHEMBL4126793,CC(C)COc1ncc(-c2cc(F)c(-c3n[nH]c(S(=O)(=O)NC4CC4)n3)cc2F)cc1Cl,<rdkit.Chem.rdchem.Mol object at 0x00000227928A1850>,7300.0,483.9280000000001,3.940800000000002,8,2,6,109.86,inactive,5.136677139879544
CHEMBL4126375,O=S(=O)(CC1CC1)c1n[nH]c(-c2cc(F)c(-c3cnc(Oc4ccc(F)cc4Cl)c(Cl)c3)cc2F)n1,<rdkit.Chem.rdchem.Mol object at 0x00000227928A18C0>,4000.0,555.3650000000001,6.233800000000003,7,1,6,97.83,active,5.3979400086720375
CHEMBL4126989,CO[C@@H]1CC[C@@]2(C)[C@@H](C1)C[C@@H](N1CCC[C@@H](N)C1)[C@@H]2Oc1ccc(C#N)cc1,<rdkit.Chem.rdchem.Mol object at 0x00000227928A1930>,30000.0,383.53600000000006,3.322480000000001,4,1,5,71.50999999999999,inactive,4.522878745280337
CHEMBL4129456,C[C@]12CCC(F)=C[C@H]1C[C@@H](N1CCC[C@@H](N)C1)[C@@H]2Oc1ccc(C#N)cc1,<rdkit.Chem.rdchem.Mol object at 0x00000227928A19A0>,30000.0,369.4840000000001,3.770780000000002,3,1,4,62.28,inactive,4.522878745280337
CHEMBL4126528,C[C@@]12CCC(=O)C[C@@H]1C[C@@H](N1CCC[C@@H](N)C1)[C@@H]2Oc1ccc(C#N)cc1,<rdkit.Chem.rdchem.Mol object at 0x00000227928A1A10>,100000.0,367.49300000000005,2.876580000000001,3,1,5,79.35,inactive,4.0
CHEMBL4203948,CCN[C@@H]1CCC=C(c2ccc(F)cc2)[C@H]1COc1cc(F)c(S(=O)(=O)Nc2cscn2)cc1Cl,<rdkit.Chem.rdchem.Mol object at 0x00000227928A1A80>,10000.0,540.0570000000001,5.726000000000005,9,2,6,80.32,inactive,5.0
CHEMBL4287784,COc1cc(C(C(=O)NCc2ccccc2)N2CCN(C(=O)c3cc(F)cc(F)c3)CC2)ccc1C#N,<rdkit.Chem.rdchem.Mol object at 0x00000227928A1AF0>,500.0,504.53700000000026,3.660580000000003,7,1,5,85.67,active,6.301029995663981
CHEMBL4287248,O=C(O)c1ccc(N2CC3(CCN(Cc4cc(Cl)c(-c5ccc(F)cc5F)c(C5CC5)c4)CC3)OC2=O)cc1,<rdkit.Chem.rdchem.Mol object at 0x00000227928A1B60>,10000.0,553.0050000000003,6.852200000000006,6,1,4,70.08000000000001,inactive,5.0
CHEMBL4457708,Cn1cc(C2CCCCC2)c2ccc(C(=O)NS(=O)(=O)C3CC3)cc21,<rdkit.Chem.rdchem.Mol object at 0x00000227928A1BD0>,2400.0,360.47900000000016,3.448000000000002,4,1,4,68.17,active,5.619788758288394
CHEMBL4435865,Cn1cc(-c2ccc(C(F)(F)F)cc2)c2ccc(C(=O)NS(=O)(=O)c3ccc(F)c(F)c3)cc21,<rdkit.Chem.rdchem.Mol object at 0x00000227928A1C40>,18000.0,494.44100000000014,5.261000000000004,4,1,4,68.17,inactive,4.7447274948966935
CHEMBL4588325,Cn1cc(-c2cnc(OCC(C)(C)O)c(Cl)c2)c2ccc(C(=O)NS(C)(=O)=O)cc21,<rdkit.Chem.rdchem.Mol object at 0x00000227928A1CB0>,30000.0,451.9320000000002,2.732800000000001,6,2,7,110.51999999999998,inactive,4.522878745280337
CHEMBL4560169,CC(C)COc1ncc(-c2cn(C)c3cc(C(=O)NS(=O)(=O)C4CC4)ccc23)cc1Cl,<rdkit.Chem.rdchem.Mol object at 0x00000227928A1D20>,12000.0,461.9710000000001,4.150500000000003,7,1,6,90.29,inactive,4.920818753952375
CHEMBL4447807,CC(C)COc1ncc(-c2cn(C)c3cc(C(=O)NS(=O)(=O)C4CC4)c(F)cc23)cc1Cl,<rdkit.Chem.rdchem.Mol object at 0x00000227928A1D90>,5100.0,479.9610000000001,4.289600000000003,7,1,6,90.29,inactive,5.292429823902063
CHEMBL4524193,Cn1nc(-c2ccc(C(F)(F)F)cc2)c2cc(F)c(C(=O)NS(=O)(=O)C3CC3)cc21,<rdkit.Chem.rdchem.Mol object at 0x00000227928A1E00>,6400.0,441.4060000000002,3.6202000000000014,4,1,5,81.06,inactive,5.1938200260161125
CHEMBL4436285,CC(C)COc1ccc(-c2nn(C)c3cc(C(=O)NS(C)(=O)=O)ccc23)cn1,<rdkit.Chem.rdchem.Mol object at 0x00000227928A1E70>,30000.0,402.47600000000006,2.3595,6,1,7,103.18,inactive,4.522878745280337
CHEMBL4542281,Cc1cc(-c2ccc(C(=O)C3CCCCC3C(=O)Nc3cnn4c3C(=O)NCC4)cc2)[nH]n1,<rdkit.Chem.rdchem.Mol object at 0x00000227928A1EE0>,33000.0,446.51100000000014,2.95282,5,3,6,121.77,inactive,4.481486060122113
CHEMBL4564010,COc1cc(C(=O)NS(C)(=O)=O)c(F)cc1-c1cnc(OC2CCC2)c(Cl)c1,<rdkit.Chem.rdchem.Mol object at 0x00000227928A1F50>,18000.0,428.86900000000026,3.1704000000000017,6,1,6,94.59,inactive,4.7447274948966935
CHEMBL4632456,CN1CCN(c2cc(C(F)(F)F)ccc2[C@H]2CCOc3cc(S(=O)(=O)Nc4nccs4)ccc32)CC1,<rdkit.Chem.rdchem.Mol object at 0x00000227928A1FC0>,983.0,538.6170000000001,4.628900000000004,5,1,7,74.77000000000001,active,6.007446482167865
CHEMBL4640506,Cc1ccc(-c2cc(C(F)(F)F)ccc2[C@H]2CCOc3cc(S(=O)(=O)Nc4ccncn4)ccc32)cn1,<rdkit.Chem.rdchem.Mol object at 0x00000227928A2030>,1103.0,526.5400000000001,5.581020000000005,5,1,6,94.07,active,5.957424487559809
CHEMBL4641925,O=S(=O)(Nc1cccc(F)n1)c1ccc2c(c1)OCC[C@@H]2c1ccc(C(F)(F)F)cc1N1CCOCC1,<rdkit.Chem.rdchem.Mol object at 0x00000227928A20A0>,188.0,537.5350000000002,4.791300000000004,5,1,6,80.76,active,6.72584215073632
CHEMBL4750385,CCn1c(-c2cnc(C)nc2)nc2c(-c3cnc4c(c3)[C@](C)(NCC(C)(C)F)C(=O)N4)ncnc21,<rdkit.Chem.rdchem.Mol object at 0x00000227928A2110>,30000.0,475.5320000000002,3.1786200000000013,6,2,9,123.4,inactive,4.522878745280337
CHEMBL4741793,C[C@H](NC(=O)c1cc(C(F)(F)F)nn1C)c1nc(-c2ccnc(C(F)(F)F)c2)no1,<rdkit.Chem.rdchem.Mol object at 0x00000227928A2180>,42000.0,434.30000000000007,3.3937000000000017,4,1,7,98.73,inactive,4.376750709602099
CHEMBL4867480,O=S(=O)(Nc1cccc(Cl)n1)c1cc(F)c(O[C@H]2CCN(CC(F)(F)F)C[C@@H]2c2ccccc2)cc1F,<rdkit.Chem.rdchem.Mol object at 0x00000227928A21F0>,1100.0,561.9600000000003,5.613200000000004,7,1,5,71.53,active,5.958607314841775
CHEMBL4846327,O=S(=O)(Nc1ncc(F)s1)c1cc(F)c(O[C@H]2CCN(CC(F)(F)F)C[C@@H]2c2ccccc2)cc1F,<rdkit.Chem.rdchem.Mol object at 0x00000227928A2260>,4650.0,551.5340000000002,5.160400000000004,7,1,6,71.53,active,5.3325470471100465
CHEMBL4850942,O=S(=O)(Nc1ccccn1)c1cc(F)c(O[C@H]2CCN(CC(F)(F)F)C[C@@H]2c2ccccc2)cc1F,<rdkit.Chem.rdchem.Mol object at 0x00000227928A22D0>,4320.0,527.5150000000002,4.959800000000004,7,1,5,71.53,active,5.364516253185088
CHEMBL4857167,O=S(=O)(Nc1ccc(F)cn1)c1cc(F)c(O[C@H]2CCN(CC(F)(F)F)C[C@@H]2c2ccccc2)cc1F,<rdkit.Chem.rdchem.Mol object at 0x00000227928A2340>,13210.0,545.5050000000002,5.098900000000003,7,1,5,71.53,inactive,4.879097182385473
CHEMBL4853170,O=S(=O)(Nc1cccc(F)n1)c1cc(F)c(O[C@H]2CCN(CC(F)(F)F)C[C@@H]2c2cccc(F)c2)cc1F,<rdkit.Chem.rdchem.Mol object at 0x00000227928A23B0>,460.0,563.4950000000002,5.238000000000004,7,1,5,71.53,active,6.337242168318426
CHEMBL4850129,O=S(=O)(Nc1cccc(F)n1)c1cnc(O[C@H]2CCN(CC(F)(F)F)C[C@@H]2c2ccc(F)c(F)c2)c(F)c1,<rdkit.Chem.rdchem.Mol object at 0x00000227928A2420>,1550.0,564.4830000000003,4.633000000000004,7,1,6,84.42,active,5.809668301829708
CHEMBL4853960,CCn1c(-c2cnc(C)nc2)nc2c(N[C@H]3CCN(C(=O)C4CC4)C3)ncnc21,<rdkit.Chem.rdchem.Mol object at 0x00000227928A2490>,50000.0,392.4670000000002,2.03442,5,1,8,101.72,inactive,4.301029995663981
CHEMBL5180782,Cn1cc(-c2cccc(C(=O)Nc3cc(N4CC[C@@H](C(C)(C)O)C4)ncc3C(F)(F)F)n2)cn1,<rdkit.Chem.rdchem.Mol object at 0x00000227928A2500>,29900.0,474.48700000000014,3.7454000000000023,5,2,7,96.17,inactive,4.52432881167557
CHEMBL5197547,CC(C)(O)[C@@H]1CCN(c2cnc(C(F)(F)F)c(NC(=O)c3cccc(-c4cnn(CC(F)(F)F)c4)n3)c2)C1,<rdkit.Chem.rdchem.Mol object at 0x00000227928A2570>,30000.0,542.484,4.770700000000003,6,2,7,96.17,inactive,4.522878745280337
CHEMBL5204231,C[C@]1(CN2Cc3nc(-c4ccc(F)cc4)sc3C2)Cn2cc([N+](=O)[O-])nc2O1,<rdkit.Chem.rdchem.Mol object at 0x00000227928A25E0>,12900.0,401.4230000000002,3.220800000000001,4,0,8,86.32000000000001,inactive,4.889410289700751
CHEMBL5203937,Cn1nc(C(=O)O)cc1COc1cccc([C@@H](NC(=O)O[C@H]2CN3CCC2CC3)c2ccccc2)c1,<rdkit.Chem.rdchem.Mol object at 0x00000227928A2650>,100000.0,490.56000000000034,3.607100000000002,8,2,7,105.92000000000002,inactive,4.0
CHEMBL3910270,O=C(c1ccc2cc(Oc3ccc(C(F)(F)F)cn3)ccc2n1)N1CC[C@H](F)C1,<rdkit.Chem.rdchem.Mol object at 0x00000227928A26C0>,33000.0,405.3510000000001,4.624900000000003,3,0,4,55.32,inactive,4.481486060122113
CHEMBL4471012,Cc1nn([C@@H]2CCN([C@H](C)c3cc(Cl)cc(Cl)c3)C2)c2cc(F)c(C(=O)NS(=O)(=O)C3CC3)cc12,<rdkit.Chem.rdchem.Mol object at 0x00000227928A2730>,435.0,539.4600000000002,5.0206200000000045,6,1,6,84.30000000000001,active,6.361510743045363
CHEMBL5272051,O=c1cc(CO)n(-c2c(Cl)cccc2Cl)c2c(Cl)cnc(OC[C@H](O)CO)c12,<rdkit.Chem.rdchem.Mol object at 0x00000227928A27A0>,50000.0,445.6860000000002,2.570200000000002,6,3,7,104.81,inactive,4.301029995663981
CHEMBL3955188,COc1ccc(-c2cc(C(N)=O)nc3cc(CCc4cnc(C)nc4)ccc23)c(F)c1,<rdkit.Chem.rdchem.Mol object at 0x00000227928A2810>,30000.0,416.4560000000001,4.032020000000003,6,1,5,90.99,inactive,4.522878745280337
CHEMBL2017291,COc1cc2c(cc1-c1c(C)noc1C)ncc1[nH]c(=O)n([C@H](C)c3ccccn3)c12,<rdkit.Chem.rdchem.Mol object at 0x00000227928A2880>,79400.0,415.45300000000015,4.162540000000002,4,1,7,98.83,inactive,4.100179497572904
CHEMBL2092889,CN1Cc2ccccc2[C@H](c2ccccc2)N=C1OCc1ccc(NS(C)(=O)=O)cc1,<rdkit.Chem.rdchem.Mol object at 0x00000227928A28F0>,30000.0,435.54900000000015,4.165700000000003,5,1,5,71.0,inactive,4.522878745280337
CHEMBL2092890,CN1Cc2ccccc2[C@@H](c2ccc(F)cc2F)N=C1CCc1ccc(NS(C)(=O)=O)cc1,<rdkit.Chem.rdchem.Mol object at 0x00000227928A2960>,100000.0,469.5570000000002,4.902400000000005,6,1,4,61.77,inactive,4.0
CHEMBL322055,CN=C(NCCCCc1ccccc1)NC(=O)c1ccc(C)cc1,<rdkit.Chem.rdchem.Mol object at 0x00000227928A29D0>,9000.0,323.4400000000001,3.323120000000002,6,2,2,53.49,inactive,5.045757490560675
CHEMBL320248,Cc1ccc(C(=O)N=C(N)NCCSCc2ccccc2)cc1,<rdkit.Chem.rdchem.Mol object at 0x00000227928A2A40>,10800.0,327.453,2.972920000000001,6,2,2,67.48,inactive,4.966576244513051
CHEMBL652,O=C(NCC1CCCCN1)c1cc(OCC(F)(F)F)ccc1OCC(F)(F)F,<rdkit.Chem.rdchem.Mol object at 0x00000227928A2AB0>,6500.0,414.34600000000006,3.440700000000001,7,2,4,59.59,inactive,5.187086643357144
CHEMBL521211,O=C(c1ccc(-c2ccc(Cl)cc2)o1)N1CCNCC1,<rdkit.Chem.rdchem.Mol object at 0x00000227928A2B20>,4600.0,290.75,2.6454000000000004,2,1,3,45.48,active,5.337242168318426
CHEMBL519149,O=C1CC2(CCN(C(=O)NC3CCc4ccccc4CC3)CC2)Oc2ccccc21,<rdkit.Chem.rdchem.Mol object at 0x00000227928A2B90>,10000.0,404.5100000000003,4.143600000000004,1,1,3,58.64,inactive,5.0
CHEMBL495793,Cn1nccc1Nc1ccc2c(c1)C(=O)CC1(CCN(C(=O)N[C@H]3C[C@@H]3c3ccccc3)CC1)O2,<rdkit.Chem.rdchem.Mol object at 0x00000227928A2C00>,10000.0,471.5610000000002,4.229200000000003,4,2,6,88.49000000000001,inactive,5.0
CHEMBL519336,CS(=O)(=O)c1ccc2c(c1)CCC1(CCN(C(=O)N[C@H]3C[C@@H]3c3ccccc3)CC1)O2,<rdkit.Chem.rdchem.Mol object at 0x00000227928A2C70>,10000.0,440.56500000000017,3.5154000000000023,3,1,4,75.71000000000001,inactive,5.0
CHEMBL497828,CS(=O)(=O)c1ccc2c(c1)CCC1(CCN(C(=O)c3ccc(C(F)(F)F)cc3)CC1)O2,<rdkit.Chem.rdchem.Mol object at 0x00000227928A2CE0>,10000.0,453.48200000000014,4.108900000000003,2,0,4,63.68000000000001,inactive,5.0
CHEMBL564975,O=C(NC1CC1c1ccccc1)N1CCC(n2ccnn2)CC1,<rdkit.Chem.rdchem.Mol object at 0x00000227928A2D50>,10000.0,311.38900000000007,2.1807,3,1,4,63.05,inactive,5.0
CHEMBL559101,O=C(NC1CC1c1ccccc1)N1CCC(n2cccn2)CC1,<rdkit.Chem.rdchem.Mol object at 0x00000227928A2DC0>,10000.0,310.40100000000007,2.785700000000001,3,1,3,50.16,inactive,5.0
CHEMBL552402,O=C(NC1CC1c1ccccc1)N1CCC(c2nc3ccccc3o2)CC1,<rdkit.Chem.rdchem.Mol object at 0x00000227928A2E30>,10000.0,361.4450000000001,4.272900000000004,3,1,3,58.370000000000005,inactive,5.0
CHEMBL551058,CS(=O)(=O)c1ccc(-c2noc(C3CCN(C(=O)NC4CC4c4ccccc4)CC3)n2)cc1,<rdkit.Chem.rdchem.Mol object at 0x00000227928A2EA0>,10000.0,466.56300000000016,3.585200000000002,5,1,6,105.4,inactive,5.0
CHEMBL555347,O=C(Nc1ccc(C(F)(F)F)cc1)N1CCC(c2nc(-c3ccccn3)no2)CC1,<rdkit.Chem.rdchem.Mol object at 0x00000227928A2F10>,10000.0,417.3910000000001,4.561900000000004,3,1,5,84.15,inactive,5.0
CHEMBL550242,O=C(NC1CCc2ccccc2C1)N1CCC(c2nc(-c3ccccn3)no2)CC1,<rdkit.Chem.rdchem.Mol object at 0x00000227928A2F80>,10000.0,403.48600000000016,3.5781000000000027,3,1,5,84.15,inactive,5.0
CHEMBL1079362,CC1(c2ccccc2)CCCN(C(=O)Nc2ccncc2)C1,<rdkit.Chem.rdchem.Mol object at 0x00000227928A2FF0>,10000.0,295.386,3.667200000000002,2,1,2,45.23,inactive,5.0
CHEMBL1079258,O=C(O)CCC1(c2cccc(C(F)(F)F)c2)CCCN(C(=O)Nc2ccc(Cl)cc2)C1,<rdkit.Chem.rdchem.Mol object at 0x00000227928A3060>,10000.0,454.8760000000002,5.789300000000004,5,2,2,69.64,inactive,5.0
CHEMBL1797411,Cc1cccc(C)c1-c1noc(C)c1CC(=O)NCc1ccc(OCC(F)(F)F)nc1,<rdkit.Chem.rdchem.Mol object at 0x00000227928A30D0>,33113.11,433.4300000000001,4.461860000000003,7,1,5,77.25,inactive,4.480000028175458
CHEMBL1797400,Cc1onc(-c2c(Cl)cccc2Cl)c1NC(=O)NCc1c(F)cccc1Cl,<rdkit.Chem.rdchem.Mol object at 0x00000227928A3140>,8511.38,428.6780000000001,6.071020000000002,4,2,3,67.16,inactive,5.070000019492821
CHEMBL1797398,Cc1onc(-c2c(F)cccc2Cl)c1NC(=O)OCc1c(F)cccc1Cl,<rdkit.Chem.rdchem.Mol object at 0x00000227928A31B0>,15848.93,413.2070000000001,5.983720000000002,4,1,4,64.36,inactive,4.800000052738446
CHEMBL1797395,CCc1onc(-c2c(Cl)cccc2Cl)c1NC(=O)OCc1c(F)cccc1Cl,<rdkit.Chem.rdchem.Mol object at 0x00000227928A3220>,7244.36,443.6890000000002,6.752000000000002,5,1,4,64.36,inactive,5.1399999760652255
CHEMBL2012030,Nc1ccnc(Nc2ccc(Oc3ccc(C4CC4)cc3)cc2)n1,<rdkit.Chem.rdchem.Mol object at 0x00000227928A3290>,2000.0,318.38,4.472100000000003,5,2,5,73.06,active,5.698970004336019
CHEMBL2012262,Clc1ccccc1Cn1ccc2c(OC3CCN(Cc4cscn4)CC3)ncnc21,<rdkit.Chem.rdchem.Mol object at 0x00000227928A3300>,110.0,439.97200000000015,4.632900000000003,6,0,7,56.07,active,6.958607314841775
CHEMBL2012266,Cc1cccc(Cn2ccc3c(OC4CCN(Cc5cscn5)CC4)ncnc32)c1,<rdkit.Chem.rdchem.Mol object at 0x00000227928A3370>,60.0,419.5540000000001,4.287920000000002,6,0,7,56.07,active,7.221848749616356
CHEMBL2012281,c1ccc(Cn2ccc3c(OC4CCN(Cc5cc[nH]n5)CC4)ncnc32)cc1,<rdkit.Chem.rdchem.Mol object at 0x00000227928A33E0>,580.0,388.4750000000001,3.246100000000001,6,1,6,71.86,active,6.236572006437063
CHEMBL2012293,Cc1cccnc1CN1CCC(Oc2ncnc3c2ccn3Cc2ccccc2)CC1,<rdkit.Chem.rdchem.Mol object at 0x00000227928A3450>,150.0,413.5250000000002,4.226420000000004,6,0,6,56.07,active,6.823908740944319
CHEMBL2069410,COc1ncc(-c2cccc3c2C[C@H](NC(=O)c2ccc(OCC(F)(F)F)nc2)CO3)cc1F,<rdkit.Chem.rdchem.Mol object at 0x00000227928A34C0>,3981.07,477.41400000000016,3.965900000000002,6,1,6,82.57000000000001,active,5.40000018605658
CHEMBL2069412,O=C(N[C@@H]1COc2cccc(-c3ccnc(CO)c3)c2C1)c1ccc(OCC(F)(F)F)nc1,<rdkit.Chem.rdchem.Mol object at 0x00000227928A3530>,6309.57,459.4240000000002,3.310500000000002,6,2,6,93.57,inactive,5.200000237109354
CHEMBL2069420,O=C(N[C@@H]1COc2cccc(-c3cncnc3)c2C1)c1ccc(OCCC(F)(F)F)nc1,<rdkit.Chem.rdchem.Mol object at 0x00000227928A35A0>,3981.07,444.4130000000002,3.6033000000000017,6,1,6,86.23,active,5.40000018605658
CHEMBL2069421,COc1ncc(-c2cccc3c2C[C@H](NC(=O)c2ccc(OCC(F)(F)F)nc2)CO3)cn1,<rdkit.Chem.rdchem.Mol object at 0x00000227928A3610>,6309.57,460.41200000000015,3.221800000000001,6,1,7,95.46,inactive,5.200000237109354
CHEMBL2069424,Cc1ncc(-c2cccc3c2C[C@H](NC(=O)c2ccc(OCC(F)(F)F)nc2)CO3)cn1,<rdkit.Chem.rdchem.Mol object at 0x00000227928A3680>,5011.87,444.4130000000001,3.5216200000000013,5,1,6,86.23,inactive,5.300000202445418
CHEMBL2069426,Cc1cnc(-c2cccc3c2C[C@H](NC(=O)c2ccc(OCC(F)(F)F)nc2)CO3)cn1,<rdkit.Chem.rdchem.Mol object at 0x00000227928A36F0>,3162.28,444.4130000000001,3.5216200000000013,5,1,6,86.23,active,5.499999678657065
CHEMBL2069428,Cc1cnc(-c2cccc3c2C[C@H](NC(=O)c2ccc(COCC(F)(F)F)nc2)CO3)cn1,<rdkit.Chem.rdchem.Mol object at 0x00000227928A3760>,19952.62,458.44000000000017,3.659420000000001,6,1,6,86.23,inactive,4.70000006855703
CHEMBL2147223,COc1ncc(-c2cccc(Cl)c2CCNC(=O)c2ccc(OCCC(F)(F)F)nc2)cn1,<rdkit.Chem.rdchem.Mol object at 0x00000227928A37D0>,5011.87,480.87400000000014,4.504300000000003,9,1,6,86.23,inactive,5.300000202445418
CHEMBL2147224,COc1ncc(-c2cccc(OC)c2CCNC(=O)c2ccc(OCCC(F)(F)F)nc2)cn1,<rdkit.Chem.rdchem.Mol object at 0x00000227928A3840>,6309.57,476.45500000000015,3.8595000000000015,10,1,7,95.46,inactive,5.200000237109354
CHEMBL2147305,COc1ncc(-c2c(C)ccc(F)c2CCNC(=O)c2ccc(OCCC(F)(F)F)nc2)cn1,<rdkit.Chem.rdchem.Mol object at 0x00000227928A38B0>,794.33,478.44600000000014,4.298420000000004,9,1,6,86.23,active,6.0999990348465305
CHEMBL2147209,COc1cnc(-c2ccc(Cl)cc2CCNC(=O)c2ccc(COCC(F)(F)F)nc2)cn1,<rdkit.Chem.rdchem.Mol object at 0x00000227928A3920>,31622.78,480.87400000000014,4.252000000000002,9,1,6,86.23,inactive,4.499999953328896
CHEMBL2147314,COc1ncc(-c2cccnc2C(C)CNC(=O)c2ccc(OCCC(F)(F)F)nc2)cn1,<rdkit.Chem.rdchem.Mol object at 0x00000227928A3990>,31622.78,461.4440000000001,3.8069000000000015,9,1,7,99.12000000000002,inactive,4.499999953328896
CHEMBL2164039,O=C(NCc1ccc(OC(F)(F)F)cc1)c1c2cccc(F)c2c(O)n1CCc1ccccn1,<rdkit.Chem.rdchem.Mol object at 0x00000227928A3A00>,17000.0,473.42600000000016,4.952300000000004,7,2,5,76.38,inactive,4.769551078621726
CHEMBL2164361,CC(C)(Cc1ccccn1)n1c(O)c2ccccc2c1C(=O)NCc1ccc(OC(F)(F)F)cc1,<rdkit.Chem.rdchem.Mol object at 0x00000227928A3A70>,13000.0,483.4900000000002,5.548300000000005,7,2,5,76.38,inactive,4.886056647693163
CHEMBL2164380,CC(CC#N)n1c(O)c2ccccc2c1C(=O)NCc1ccc(OC(F)(F)F)cc1,<rdkit.Chem.rdchem.Mol object at 0x00000227928A3AE0>,31000.0,417.3870000000001,4.650180000000002,6,2,5,87.28000000000002,inactive,4.508638306165727
CHEMBL2164374,CC(C)(C)OC(=O)N1CCC(n2c(O)c3ccccc3c2C(=O)NCc2ccc(OC(F)(F)F)cc2)CC1,<rdkit.Chem.rdchem.Mol object at 0x00000227928A3B50>,4500.0,533.5470000000001,5.747500000000006,5,2,6,93.03000000000002,active,5.346787486224656
CHEMBL2164372,O=C(NCc1ccc(OC(F)(F)F)cc1)c1c2ccccc2c(O)n1C[C@@H]1CCCO1,<rdkit.Chem.rdchem.Mol object at 0x00000227928A3BC0>,33000.0,434.4140000000002,4.354500000000003,6,2,5,72.72,inactive,4.481486060122113
CHEMBL2164397,O=C(NCc1ccc(OC(F)(F)F)cc1)c1c2ccccc2c(O)n1CCC1CCOCC1,<rdkit.Chem.rdchem.Mol object at 0x00000227928A3C30>,19000.0,462.4680000000003,4.992200000000004,7,2,5,72.72,inactive,4.721246399047171
CHEMBL2164391,O=C(NCc1ccc(CC(F)(F)F)cc1)c1c2ccccc2c(O)n1CCc1ccccn1,<rdkit.Chem.rdchem.Mol object at 0x00000227928A3CA0>,4400.0,453.46400000000017,5.0194000000000045,7,2,4,67.15,active,5.356547323513812
CHEMBL2164383,Cc1ccc(NC(=O)c2c3ccccc3c(O)n2CCc2ccccn2)cc1C,<rdkit.Chem.rdchem.Mol object at 0x00000227928A3D10>,1200.0,385.46700000000016,4.853740000000004,5,2,4,67.15,active,5.920818753952375
CHEMBL2409405,COc1cc2nnc(C(N)=O)c(Nc3ccc(C)cc3F)c2cc1N1CCS(=O)(=O)CC1,<rdkit.Chem.rdchem.Mol object at 0x00000227928A3D80>,30000.0,459.5030000000002,2.16322,5,2,8,127.51,inactive,4.522878745280337
CHEMBL481717,CCOc1cc2ncc(C(N)=O)c(Nc3ccc(F)cc3F)c2cc1N1CCC(O)CC1,<rdkit.Chem.rdchem.Mol object at 0x00000227928A3DF0>,30000.0,442.4660000000002,3.715300000000002,6,3,6,100.71,inactive,4.522878745280337
CHEMBL2409401,COCCN1CCN(c2cc3c(Nc4ccc(C)cc4F)c(C(N)=O)nnc3cc2OC)CC1,<rdkit.Chem.rdchem.Mol object at 0x00000227928A3E60>,28000.0,468.5330000000003,2.6968200000000007,8,2,8,105.84000000000002,inactive,4.552841968657781
CHEMBL2409409,COc1cc2nnc(C(N)=O)c(Nc3ccc(C)cc3F)c2cc1C1CCN(C(C)C)CC1,<rdkit.Chem.rdchem.Mol object at 0x00000227928A3ED0>,7000.0,451.5460000000003,4.516220000000004,6,2,6,93.37,inactive,5.154901959985743
CHEMBL3128180,Cc1nc2c(s1)CCC2C(=O)Nc1ccc(C[C@@H]2CC[C@H]([C@H](O)c3cccnc3)N2)cc1,<rdkit.Chem.rdchem.Mol object at 0x00000227928A3F40>,30000.0,448.59200000000016,3.9117200000000025,6,3,6,87.14,inactive,4.522878745280337
CHEMBL3322673,N#Cc1ccc(C(=O)N2CCC3(CC2)Nc2ccc(Br)cc2-n2cccc23)cc1,<rdkit.Chem.rdchem.Mol object at 0x00000227928BC040>,9174.0,447.33600000000007,4.668480000000003,1,1,4,61.06,inactive,5.037441264204036
CHEMBL3322769,COc1cccc(C(=O)N2CCC3(CC2)Nc2cc(OC)ccc2-n2cccc23)c1,<rdkit.Chem.rdchem.Mol object at 0x00000227928BC0B0>,4325.0,403.4820000000001,4.0515000000000025,3,1,5,55.73,active,5.364013888199167
CHEMBL3322772,COc1ccc2c(c1)NC1(CCN(C(=O)c3ccc(Cl)cc3)CC1)c1cccn1-2,<rdkit.Chem.rdchem.Mol object at 0x00000227928BC120>,3949.0,407.90100000000007,4.696300000000004,2,1,4,46.5,active,5.403512866263456
CHEMBL3322774,COc1ccc2c(c1)NC1(CCN(C(=O)c3ccc(C#N)c(OC)c3)CC1)c1cccn1-2,<rdkit.Chem.rdchem.Mol object at 0x00000227928BC190>,7240.0,428.4920000000002,3.923180000000003,3,1,6,79.52000000000001,inactive,5.140261433802853
CHEMBL3322775,COc1ccc2c(c1)NC1(CCN(C(=O)c3ccc(N(C)C)c(Cl)c3)CC1)c1cccn1-2,<rdkit.Chem.rdchem.Mol object at 0x00000227928BC200>,572.0,450.97000000000014,4.762300000000004,3,1,5,49.74,active,6.242603971206976
CHEMBL3322776,COc1ccc2c(c1)NC1(CCN(C(=O)c3ccc(OC)c(Cl)c3)CC1)c1cccn1-2,<rdkit.Chem.rdchem.Mol object at 0x00000227928BC270>,934.0,437.9270000000001,4.704900000000004,3,1,5,55.73,active,6.029653123769907
CHEMBL3325529,Cc1ccc([C@H]2CCNC[C@@H]2COc2cc(F)c(S(=O)(=O)Nc3ncns3)cc2F)cc1,<rdkit.Chem.rdchem.Mol object at 0x00000227928BC2E0>,10000.0,480.56200000000007,3.6976200000000015,7,2,7,93.21,inactive,5.0
CHEMBL3337584,COc1ccc(C(=O)N2CCC3(CC2)Nc2cc(OC(F)F)ccc2-n2cccc23)cc1N(C)C,<rdkit.Chem.rdchem.Mol object at 0x00000227928BC350>,340.0,482.5310000000001,4.710300000000004,5,1,6,58.97,active,6.468521082957745
CHEMBL3337598,COc1ccc2c(c1)NC1(CCN(C(=O)c3cccc4ncccc34)CC1)c1cccn1-2,<rdkit.Chem.rdchem.Mol object at 0x00000227928BC3C0>,2938.0,424.5040000000001,4.591100000000004,2,1,5,59.39,active,5.531948208545762
CHEMBL814,COCCCC/C(=N\OCCN)c1ccc(C(F)(F)F)cc1,<rdkit.Chem.rdchem.Mol object at 0x00000227928BC430>,39400.0,318.339,3.201500000000001,9,1,4,56.84,inactive,4.404503778174426
CHEMBL85,Cc1nc2n(c(=O)c1CCN1CCC(c3noc4cc(F)ccc34)CC1)CCCC2,<rdkit.Chem.rdchem.Mol object at 0x00000227928BC4A0>,102000.0,410.4930000000003,3.5904200000000026,4,0,6,64.16,inactive,3.9913998282380825
CHEMBL3634322,O=C1COc2c(cccc2C2CCN(CC(O)COc3ccccc3C(=O)c3ccccc3)CC2)N1,<rdkit.Chem.rdchem.Mol object at 0x00000227928BC510>,7000.0,486.5680000000002,3.8678000000000026,8,2,6,88.1,inactive,5.154901959985743
CHEMBL3634328,O=C(c1ccccc1)c1ccccc1OCC(O)CN1CCC(n2c(O)cc3ccccc32)CC1,<rdkit.Chem.rdchem.Mol object at 0x00000227928BC580>,33000.0,470.5690000000002,4.654700000000004,8,2,6,74.93,inactive,4.481486060122113
CHEMBL3634329,O=C(c1ccccc1)c1ccccc1OCC(O)CN1CCC(N2Cc3ccccc3C2=O)CC1,<rdkit.Chem.rdchem.Mol object at 0x00000227928BC5F0>,24000.0,470.5690000000003,3.777700000000002,8,1,5,70.08000000000001,inactive,4.619788758288394
CHEMBL3632695,COc1cc(C(F)(F)F)ccc1COCC(O)CN1CCC(N2Cc3ccccc3C2=O)CC1,<rdkit.Chem.rdchem.Mol object at 0x00000227928BC660>,6100.0,478.5110000000004,3.711900000000002,8,1,5,62.24,inactive,5.214670164989233
CHEMBL3632697,O=C(Nc1ccccc1)C1CCN(CC(O)COc2ccc(C(F)(F)F)cc2)CC1,<rdkit.Chem.rdchem.Mol object at 0x00000227928BC6D0>,3400.0,422.44700000000006,3.7958000000000025,7,2,4,61.80000000000001,active,5.468521082957745
CHEMBL3683221,O=S(=O)(Nc1ncns1)N1CCc2c(cccc2-c2ccc(C(F)(F)F)cc2-n2ccnc2)C1,<rdkit.Chem.rdchem.Mol object at 0x00000227928BC740>,10000.0,506.53500000000014,4.124600000000004,5,1,7,93.01,inactive,5.0
CHEMBL3704409,CC#Cc1cncc(-c2cn(C)c3cc(S(=O)(=O)Nc4ncns4)ccc23)c1,<rdkit.Chem.rdchem.Mol object at 0x00000227928BC7B0>,10000.0,409.496,3.264000000000001,4,1,7,89.77,inactive,5.0
CHEMBL3662230,O=C(NS(=O)(=O)N1CCC1)c1cc(C2CC2)c(OCC2CCC(F)(F)CC2)cc1F,<rdkit.Chem.rdchem.Mol object at 0x00000227928BC820>,940.0,446.4910000000002,3.5877000000000026,7,1,4,75.71000000000001,active,6.026872146400302
CHEMBL3683206,O=S(=O)(Nc1ncns1)N1CCc2c(cccc2-c2ccc(C(F)(F)F)cc2-c2cn[nH]c2)C1,<rdkit.Chem.rdchem.Mol object at 0x00000227928BC890>,10000.0,506.53500000000014,4.329000000000003,5,2,6,103.87,inactive,5.0
CHEMBL3704439,Cn1cc(-c2cccc(C(F)(F)F)c2)c2ccc(S(=O)(=O)Nc3ncns3)cc21,<rdkit.Chem.rdchem.Mol object at 0x00000227928BC900>,10000.0,438.4560000000001,4.516400000000003,4,1,6,76.88,inactive,5.0
CHEMBL3662081,O=C(NS(=O)(=O)N1CCC1)c1cc(C2CC2)c(OCC2(C(F)(F)F)CCCC2)cc1F,<rdkit.Chem.rdchem.Mol object at 0x00000227928BC970>,90.0,464.4810000000002,3.884900000000004,7,1,4,75.71000000000001,active,7.045757490560675
CHEMBL3683214,O=S(=O)(Nc1ncns1)N1CCc2c(cccc2-c2cncc3ccccc23)C1,<rdkit.Chem.rdchem.Mol object at 0x00000227928BC9E0>,10000.0,423.52300000000014,3.468300000000002,4,1,6,88.08,inactive,5.0
CHEMBL2409215,Cn1cc(-c2cccc3c2CCNC3)c2ccc(S(=O)(=O)Nc3ncns3)cc21,<rdkit.Chem.rdchem.Mol object at 0x00000227928BCA50>,10000.0,425.539,3.143300000000001,4,2,7,88.91000000000001,inactive,5.0
CHEMBL3683218,COc1ccc(F)cc1-c1cccc2c1CCN(S(=O)(=O)Nc1ncns1)C2,<rdkit.Chem.rdchem.Mol object at 0x00000227928BCAC0>,10000.0,420.4910000000001,3.067800000000001,5,1,6,84.42,inactive,5.0
CHEMBL3683213,O=S(=O)(Nc1ncns1)N1CCc2c(cccc2-c2cccc3ccccc23)C1,<rdkit.Chem.rdchem.Mol object at 0x00000227928BCB30>,10000.0,422.53500000000014,4.073300000000003,4,1,5,75.19,inactive,5.0
CHEMBL3683247,CC(C)(C)OC(=O)N1CC=C(c2cc(C(F)(F)F)ccc2-c2cccc3c2CCN(S(=O)(=O)Nc2ncns2)C3)CC1,<rdkit.Chem.rdchem.Mol object at 0x00000227928BCBA0>,5630.0,621.707,5.963100000000007,5,1,7,104.73,inactive,5.249491605148654
CHEMBL3704416,Cn1cc(-c2ccc(C(F)(F)F)c(Cl)c2)c2ccc(S(=O)(=O)Nc3ncns3)cc21,<rdkit.Chem.rdchem.Mol object at 0x00000227928BCC10>,10000.0,472.90100000000007,5.169800000000003,4,1,6,76.88,inactive,5.0
CHEMBL3657930,O=C(NS(=O)(=O)C1CC1)c1cc(Cl)c(OCC23CC4CC(CC(C4)C2)C3)cc1F,<rdkit.Chem.rdchem.Mol object at 0x00000227928BCC80>,427.0,441.9520000000003,4.296300000000004,6,1,4,72.47,active,6.369572124974976
CHEMBL3683202,O=S(=O)(Nc1ncns1)N1CCc2c(cccc2-c2cccc3c2CCNC3)C1,<rdkit.Chem.rdchem.Mol object at 0x00000227928BCCF0>,10000.0,427.5550000000002,2.565800000000001,4,2,6,87.22,inactive,5.0
CHEMBL3683203,C[N+]1([O-])CC=C(c2cc(C(F)(F)F)ccc2-c2cccc3c2CCN(S(=O)(=O)Nc2ncns2)C3)CC1,<rdkit.Chem.rdchem.Mol object at 0x00000227928BCD60>,10000.0,551.616,4.670400000000004,5,1,6,98.25,inactive,5.0
CHEMBL3683223,O=S(=O)(Nc1ncc(F)s1)N1CCc2c(cccc2-c2ccc(C(F)(F)F)cc2C2CCNCC2)C1,<rdkit.Chem.rdchem.Mol object at 0x00000227928BCDD0>,10000.0,540.6080000000001,5.150000000000004,5,2,5,74.33,inactive,5.0
CHEMBL3657979,CS(=O)(=O)NC(=O)c1cc(C2CC2)c(OCC23CC4(F)CC(F)(CC(F)(C4)C2)C3)cc1F,<rdkit.Chem.rdchem.Mol object at 0x00000227928BCE40>,3500.0,475.50400000000025,4.264000000000004,6,1,4,72.47,active,5.455931955649724
CHEMBL3657931,O=C(NS(=O)(=O)N1CC[C@H](O)C1)c1cc(C2CC2)c(OCC23CC4CC(CC(C4)C2)C3)cc1F,<rdkit.Chem.rdchem.Mol object at 0x00000227928BCEB0>,110.0,492.61300000000045,3.339500000000002,7,2,5,95.94,active,6.958607314841775
CHEMBL3704407,Cn1nccc1-c1cc(C(F)(F)F)ccc1-c1cn(C)c2cc(S(=O)(=O)Nc3ccncn3)ccc12,<rdkit.Chem.rdchem.Mol object at 0x00000227928BCF20>,10000.0,512.5170000000002,4.855400000000004,5,1,7,94.7,inactive,5.0
CHEMBL3704429,Cn1cc(-c2cccc3ncccc23)c2ccc(S(=O)(=O)Nc3ncns3)cc21,<rdkit.Chem.rdchem.Mol object at 0x00000227928BCF90>,10000.0,421.50700000000006,4.045800000000002,4,1,7,89.77,inactive,5.0
CHEMBL3704448,Cn1cc(-c2ccccc2OC(F)(F)F)c2ccc(S(=O)(=O)Nc3ncns3)cc21,<rdkit.Chem.rdchem.Mol object at 0x00000227928BD000>,10000.0,454.455,4.396200000000002,5,1,7,86.11,inactive,5.0
CHEMBL3910180,COc1cc(C(F)(F)F)ccc1-c1cccc2cc(S(=O)(=O)Nc3cscn3)ccc12,<rdkit.Chem.rdchem.Mol object at 0x00000227928BD070>,21000.0,464.4900000000002,5.791500000000004,5,1,5,68.29,inactive,4.6777807052660805
CHEMBL3965469,Cc1nccn1-c1ccc(-c2cn(CC(=O)Nc3cccc(Cl)c3Cl)nn2)cn1,<rdkit.Chem.rdchem.Mol object at 0x00000227928BD0E0>,30000.0,428.2830000000001,3.779720000000002,5,1,7,90.52,inactive,4.522878745280337
CHEMBL3909872,Cc1cc(-c2cc(OC(F)(F)F)ccc2Cl)cc(C)c1OCCCC(=O)O,<rdkit.Chem.rdchem.Mol object at 0x00000227928BD150>,9134.0,402.7960000000002,5.766040000000003,7,1,3,55.760000000000005,inactive,5.039338992729018
CHEMBL3896657,O=C(O)CCc1cc2cc(-c3cc(OC(F)(F)F)ccc3F)ccc2o1,<rdkit.Chem.rdchem.Mol object at 0x00000227928BD1C0>,30000.0,368.282,5.154700000000003,5,1,3,59.67,inactive,4.522878745280337
CHEMBL3933749,Cc1c([C@@H]2CN3CCN(C(=O)Cc4ccc(-n5cnnn5)cn4)C[C@H]3CO2)ccc(F)c1C#N,<rdkit.Chem.rdchem.Mol object at 0x00000227928BD230>,30000.0,462.4890000000002,1.2033,4,0,9,113.06,inactive,4.522878745280337
CHEMBL3682636,Cn1nccc1-c1cc(Cl)ccc1-c1cccc2cc(S(=O)(=O)Nc3ncns3)ccc12,<rdkit.Chem.rdchem.Mol object at 0x00000227928BD2A0>,30000.0,481.9900000000001,5.213000000000004,5,1,7,89.77,inactive,4.522878745280337
CHEMBL3682640,O=S(=O)(Nc1ncns1)c1ccc2c(-c3ccc(C(F)(F)F)cc3Cl)cccc2c1,<rdkit.Chem.rdchem.Mol object at 0x00000227928BD310>,30000.0,469.8970000000001,5.831300000000002,4,1,5,71.95,inactive,4.522878745280337
CHEMBL3687623,COc1cc(-c2ccc(F)cc2)ccc1-c1nccc2cc(S(=O)(=O)Nc3ccncn3)ccc12,<rdkit.Chem.rdchem.Mol object at 0x00000227928BD380>,30000.0,486.5280000000002,5.307300000000004,6,1,6,94.07,inactive,4.522878745280337
CHEMBL3687658,COc1ccccc1-c1nccc2cc(S(=O)(=O)Nc3nccs3)ccc12,<rdkit.Chem.rdchem.Mol object at 0x00000227928BD3F0>,30000.0,397.4810000000001,4.167700000000003,5,1,6,81.17999999999999,inactive,4.522878745280337
CHEMBL3687670,COc1cc(C(F)(F)F)ccc1-c1nccc2cc(S(=O)(=O)Nc3nc(Cl)cs3)ccc12,<rdkit.Chem.rdchem.Mol object at 0x00000227928BD460>,30000.0,499.9230000000002,5.839900000000003,5,1,6,81.17999999999999,inactive,4.522878745280337
CHEMBL3687683,COc1cc(-c2cccc(C)c2)ccc1-c1nccc2cc(S(=O)(=O)Nc3ccncn3)ccc12,<rdkit.Chem.rdchem.Mol object at 0x00000227928BD4D0>,30000.0,482.56500000000017,5.476620000000005,6,1,6,94.07,inactive,4.522878745280337
CHEMBL3687684,COc1cc(-c2ccc(C)cc2)ccc1-c1nccc2cc(S(=O)(=O)Nc3ccncn3)ccc12,<rdkit.Chem.rdchem.Mol object at 0x00000227928BD540>,30000.0,482.56500000000017,5.476620000000005,6,1,6,94.07,inactive,4.522878745280337
CHEMBL3687690,COc1cc(-c2cc(F)cc(F)c2)ccc1-c1nccc2cc(S(=O)(=O)Nc3ccncn3)ccc12,<rdkit.Chem.rdchem.Mol object at 0x00000227928BD5B0>,30000.0,504.5180000000002,5.446400000000004,6,1,6,94.07,inactive,4.522878745280337
CHEMBL3687698,COc1cc(Cl)ccc1-c1ccc(-c2nccc3cc(S(=O)(=O)Nc4ccncn4)ccc23)c(OC)c1,<rdkit.Chem.rdchem.Mol object at 0x00000227928BD620>,30000.0,533.0090000000002,5.830200000000006,7,1,7,103.3,inactive,4.522878745280337
CHEMBL3687700,COc1cc(Oc2ccc(F)cc2)ccc1-c1nccc2cc(S(=O)(=O)Nc3ccncn3)ccc12,<rdkit.Chem.rdchem.Mol object at 0x00000227928BD690>,30000.0,502.52700000000016,5.432600000000004,7,1,7,103.3,inactive,4.522878745280337
CHEMBL3687703,COc1ccccc1-c1ccc(-c2nccc3cc(S(=O)(=O)Nc4ccncn4)ccc23)c(OC)c1,<rdkit.Chem.rdchem.Mol object at 0x00000227928BD700>,30000.0,498.5640000000002,5.1768000000000045,7,1,7,103.3,inactive,4.522878745280337
CHEMBL3687723,COc1cc(-c2cc(F)cc(C#N)c2)ccc1-c1nccc2cc(S(=O)(=O)Nc3ccncn3)ccc12,<rdkit.Chem.rdchem.Mol object at 0x00000227928BD770>,30000.0,511.5380000000002,5.178980000000004,6,1,7,117.86,inactive,4.522878745280337
CHEMBL3687726,COc1cc(-c2cc(F)cc(Cl)c2)ccc1-c1nccc2cc(S(=O)(=O)Nc3ccncn3)ccc12,<rdkit.Chem.rdchem.Mol object at 0x00000227928BD7E0>,30000.0,520.9730000000002,5.9607000000000046,6,1,6,94.07,inactive,4.522878745280337
CHEMBL3687736,COc1ccc(-c2cccc(F)c2)cc1-c1n[nH]c(=O)c2cc(S(=O)(=O)Nc3ccncn3)ccc12,<rdkit.Chem.rdchem.Mol object at 0x00000227928BD850>,30000.0,503.51500000000016,3.995600000000002,6,2,7,126.93,inactive,4.522878745280337
CHEMBL3687739,COc1cc(C(F)F)c(F)cc1-c1ncnc2cc(S(=O)(=O)Nc3nccs3)ccc12,<rdkit.Chem.rdchem.Mol object at 0x00000227928BD8C0>,30000.0,466.4660000000001,4.639400000000002,6,1,7,94.07,inactive,4.522878745280337
CHEMBL3687741,COc1cc(C(F)F)c(F)cc1-c1nc(C)nc2cc(S(=O)(=O)Nc3nccs3)ccc12,<rdkit.Chem.rdchem.Mol object at 0x00000227928BD930>,30000.0,480.4930000000001,4.947820000000003,6,1,7,94.07,inactive,4.522878745280337
CHEMBL3687751,COc1cc(-c2ccc(F)c(F)c2)ccc1-c1ncnc2cc(S(=O)(=O)Nc3nncs3)ccc12,<rdkit.Chem.rdchem.Mol object at 0x00000227928BD9A0>,30000.0,511.53500000000014,4.902900000000003,6,1,8,106.96,inactive,4.522878745280337
CHEMBL3923020,COc1cc(-c2cccc(F)c2)c(Cl)cc1-n1c(=O)ccc2cc(S(=O)(=O)Nc3cccnn3)ccc21,<rdkit.Chem.rdchem.Mol object at 0x00000227928BDA10>,30000.0,536.9720000000002,5.049600000000003,6,1,7,103.18,inactive,4.522878745280337
CHEMBL3926259,COc1cc(-c2cccc(F)c2)c(Cl)cc1-n1c(=O)ccc2cc(S(=O)(=O)Nc3nncs3)ccc21,<rdkit.Chem.rdchem.Mol object at 0x00000227928BDA80>,30000.0,543.0010000000002,5.111100000000003,6,1,8,103.18,inactive,4.522878745280337
CHEMBL3897584,COc1cc(-c2cc(F)cc(Cl)c2)c(Cl)cc1-n1c(=O)ccc2cc(S(=O)(=O)Nc3ccon3)ccc21,<rdkit.Chem.rdchem.Mol object at 0x00000227928BDAF0>,30000.0,560.3900000000002,5.901000000000003,6,1,7,103.43,inactive,4.522878745280337
CHEMBL3958169,COc1cc(-c2cc(OC)c(-n3c(=O)ccc4cc(S(=O)(=O)Nc5ccon5)ccc43)cc2F)ccc1C,<rdkit.Chem.rdchem.Mol object at 0x00000227928BDB60>,10000.0,535.5530000000001,4.911220000000005,7,1,8,112.66,inactive,5.0
CHEMBL3954639,COc1cc(-c2cc(OC)c(-n3c(=O)ccc4cc(S(=O)(=O)Nc5cccnn5)ccc43)cc2F)ccc1Cl,<rdkit.Chem.rdchem.Mol object at 0x00000227928BDBD0>,10000.0,566.998,5.058200000000004,7,1,8,112.41,inactive,5.0
CHEMBL3937744,COc1cc(-c2cc(OC)c(-n3c(=O)ccc4cc(S(=O)(=O)Nc5ncccn5)ccc43)cc2F)ccc1Cl,<rdkit.Chem.rdchem.Mol object at 0x00000227928BDC40>,10000.0,566.998,5.058200000000004,7,1,8,112.41,inactive,5.0
CHEMBL3974650,O=S(=O)(Nc1nccs1)c1ccc2c(c1)OCCN2c1ccc(C(F)(F)F)cc1Cl,<rdkit.Chem.rdchem.Mol object at 0x00000227928BDCB0>,4030.0,475.9010000000002,5.146600000000003,4,1,6,71.53,active,5.394694953858891
CHEMBL3946087,CC(C)(C)OC(=O)N1CC=C(c2cc(C(F)(F)F)ccc2N2CCOc3cc(S(=O)(=O)Nc4ncns4)ccc32)CC1,<rdkit.Chem.rdchem.Mol object at 0x00000227928BDD20>,2290.0,623.6790000000001,5.912400000000005,5,1,9,113.96,active,5.640164517660112
CHEMBL3895680,CN(C)CCn1ccc(NS(=O)(=O)c2ccc3c(c2)OCCN3c2ccc(C(F)(F)F)cc2Cl)n1,<rdkit.Chem.rdchem.Mol object at 0x00000227928BDD90>,8250.0,529.9720000000002,4.448200000000004,7,1,7,79.69999999999999,inactive,5.0835460514500745
CHEMBL3982207,O=S(=O)(Nc1ncccn1)c1ccc2c(c1)OCCN2c1ccc(C(F)(F)F)cc1Cl,<rdkit.Chem.rdchem.Mol object at 0x00000227928BDE00>,10000.0,470.8600000000001,4.480100000000003,4,1,6,84.42,inactive,5.0
CHEMBL3967377,O=S(=O)(Nc1ncco1)c1ccc2c(c1)OCCN2c1ccc(C(F)(F)F)cc1Cl,<rdkit.Chem.rdchem.Mol object at 0x00000227928BDE70>,10000.0,459.8330000000001,4.678100000000002,4,1,6,84.67,inactive,5.0
CHEMBL3937046,O=S(=O)(Nc1nncs1)c1ccc2c(c1)OCCN2c1ccc(C(F)(F)F)cc1Cl,<rdkit.Chem.rdchem.Mol object at 0x00000227928BDEE0>,10000.0,476.8890000000002,4.5416000000000025,4,1,7,84.42,inactive,5.0
CHEMBL3945942,O=S(=O)(Nc1ncns1)c1ccc2c(c1)OCC(c1ccccc1)N2c1ccc(C(F)(F)F)cc1,<rdkit.Chem.rdchem.Mol object at 0x00000227928BDF50>,10000.0,518.5420000000001,5.629500000000003,5,1,7,84.42,inactive,5.0
CHEMBL3937678,O=S(=O)(Nc1nccs1)c1ccc2c(c1)OCCN2c1ccc(Cl)cc1,<rdkit.Chem.rdchem.Mol object at 0x00000227928BDFC0>,10000.0,407.9040000000001,4.127800000000002,4,1,6,71.53,inactive,5.0
CHEMBL3955295,O=S(=O)(Nc1nccs1)c1ccc2c(c1)OCCN2c1cccc(Cl)c1,<rdkit.Chem.rdchem.Mol object at 0x00000227928BE030>,4930.0,407.9040000000001,4.127800000000002,4,1,6,71.53,active,5.30715308072277
CHEMBL3974790,N#Cc1ccccc1N1CCOc2cc(S(=O)(=O)Nc3ncns3)ccc21,<rdkit.Chem.rdchem.Mol object at 0x00000227928BE0A0>,6700.0,399.4570000000001,2.741080000000001,4,1,8,108.21,inactive,5.173925197299174
CHEMBL3890316,O=S(=O)(Nc1cscn1)c1ccc2c(c1)OCCN2c1ccc(C(F)(F)F)cc1Br,<rdkit.Chem.rdchem.Mol object at 0x00000227928BE110>,10000.0,520.3520000000001,5.255700000000003,4,1,6,71.53,inactive,5.0
CHEMBL3929191,CC1COc2cc(S(=O)(=O)Nc3nccs3)ccc2N1c1ccc(C(F)(F)F)cc1C#N,<rdkit.Chem.rdchem.Mol object at 0x00000227928BE180>,1400.0,480.49300000000017,4.753380000000004,4,1,7,95.32,active,5.853871964321762
CHEMBL4106723,COc1cc(Cl)ccc1N1C[C@@H](C)Oc2cc(S(=O)(=O)Nc3nccs3)ccc21,<rdkit.Chem.rdchem.Mol object at 0x00000227928BE1F0>,10000.0,451.9570000000001,4.524900000000003,5,1,7,80.76,inactive,5.0
CHEMBL3911657,Cc1ccc(N2CCOc3cc(S(=O)(=O)Nc4nccs4)ccc32)cc1C#N,<rdkit.Chem.rdchem.Mol object at 0x00000227928BE260>,7730.0,412.49600000000015,3.6545000000000014,4,1,7,95.32,inactive,5.111820506081675
CHEMBL3949608,COc1ccc(N2CCOc3cc(S(=O)(=O)Nc4nccs4)ccc32)cc1OC,<rdkit.Chem.rdchem.Mol object at 0x00000227928BE2D0>,10000.0,433.51100000000014,3.491600000000002,6,1,8,89.99000000000001,inactive,5.0
CHEMBL3921824,COc1ccc(N2CCOc3cc(S(=O)(=O)Nc4nccs4)ccc32)c(OC)c1,<rdkit.Chem.rdchem.Mol object at 0x00000227928BE340>,10000.0,433.51100000000014,3.491600000000002,6,1,8,89.99000000000001,inactive,5.0
CHEMBL3949406,N#Cc1ccc(OC(F)(F)F)cc1N1CCOc2cc(S(=O)(=O)Nc3nccs3)ccc21,<rdkit.Chem.rdchem.Mol object at 0x00000227928BE3B0>,3690.0,482.4650000000001,4.244680000000002,5,1,8,104.55,active,5.432973633840939
CHEMBL3982445,O=S(=O)(Nc1nccs1)c1ccc2c(c1)OCCN2c1cccc2c1OC(F)(F)O2,<rdkit.Chem.rdchem.Mol object at 0x00000227928BE420>,10000.0,453.4480000000002,3.7959000000000014,4,1,8,89.99000000000001,inactive,5.0
CHEMBL3954678,Cc1cc(N2CCOc3cc(S(=O)(=O)Nc4nccs4)ccc32)c(C)cn1,<rdkit.Chem.rdchem.Mol object at 0x00000227928BE490>,10000.0,402.50100000000015,3.4862400000000013,4,1,7,84.42,inactive,5.0
CHEMBL3943628,Cc1cc(N2CCOc3cc(S(=O)(=O)Nc4nccs4)ccc32)ccc1Cl,<rdkit.Chem.rdchem.Mol object at 0x00000227928BE500>,3930.0,421.93100000000015,4.436220000000003,4,1,6,71.53,active,5.405607449624573
CHEMBL3944898,N#Cc1cc(N2CCOc3cc(S(=O)(=O)Nc4nccs4)ccc32)ccc1F,<rdkit.Chem.rdchem.Mol object at 0x00000227928BE570>,5080.0,416.45900000000006,3.485180000000001,4,1,7,95.32,inactive,5.294136287716081
CHEMBL3923857,Cc1ccc(C#N)c(N2CCOc3cc(S(=O)(=O)Nc4nccs4)ccc32)c1,<rdkit.Chem.rdchem.Mol object at 0x00000227928BE5E0>,3590.0,412.4960000000001,3.6545000000000014,4,1,7,95.32,active,5.444905551421681
CHEMBL3926642,N#Cc1cc(-c2ccccc2F)ccc1N1CCOc2cc(S(=O)(=O)Nc3nccs3)ccc21,<rdkit.Chem.rdchem.Mol object at 0x00000227928BE650>,1880.0,492.5570000000001,5.152180000000003,5,1,7,95.32,active,5.72584215073632
CHEMBL4102633,N[C@H]1CC[C@](CCOc2cc(F)c(S(=O)(=O)Nc3ncns3)cc2F)(c2ccccc2)CC1,<rdkit.Chem.rdchem.Mol object at 0x00000227928BE6C0>,30000.0,494.58900000000017,4.225300000000003,8,2,7,107.2,inactive,4.522878745280337
CHEMBL4091238,CN[C@H]1CC[C@@](CCOc2cc(F)c(S(=O)(=O)Nc3ncns3)cc2F)(c2ccccc2)CC1,<rdkit.Chem.rdchem.Mol object at 0x00000227928BE730>,30000.0,508.6160000000002,4.486000000000003,9,2,7,93.21,inactive,4.522878745280337
CHEMBL4063378,O=S(=O)(Nc1ncns1)c1cc(F)c(OCC[C@]2(c3ccccc3)CC[C@H](NC3CC3)CC2)cc1F,<rdkit.Chem.rdchem.Mol object at 0x00000227928BE7A0>,30000.0,534.6540000000005,5.018600000000005,10,2,7,93.21,inactive,4.522878745280337
CHEMBL4085278,O=S(=O)(Nc1nccs1)c1cc(Cl)c(NC[C@H]2CCCNC2)cc1F,<rdkit.Chem.rdchem.Mol object at 0x00000227928BE810>,30000.0,404.9200000000002,3.147900000000001,6,3,6,83.12,inactive,4.522878745280337
CHEMBL4073293,Cc1cnc(NS(=O)(=O)c2cc(Cl)c(NCC34CCCN3CCC4)cc2F)s1,<rdkit.Chem.rdchem.Mol object at 0x00000227928BE880>,24200.0,444.9850000000004,4.085120000000003,6,2,6,74.33,inactive,4.616184634019569
CHEMBL4092379,Cc1csc(NS(=O)(=O)c2cc(Cl)c(NCC34CCCN3CCC4)cc2F)n1,<rdkit.Chem.rdchem.Mol object at 0x00000227928BE8F0>,22500.0,444.9850000000003,4.085120000000003,6,2,6,74.33000000000001,inactive,4.647817481888637
CHEMBL2324753,Cn1nccc1-c1cc(Cl)ccc1Oc1ccc(S(=O)(=O)Nc2ncns2)cc1C#N,<rdkit.Chem.rdchem.Mol object at 0x00000227928BE960>,30000.0,472.93900000000014,4.0567800000000025,6,1,9,122.79,inactive,4.522878745280337
CHEMBL2324742,N#Cc1cc(S(=O)(=O)Nc2ncns2)ccc1Oc1ccc(Cl)cc1-c1cc[nH]n1,<rdkit.Chem.rdchem.Mol object at 0x00000227928BE9D0>,25231.0,458.9120000000002,4.046380000000002,6,2,8,133.64999999999998,inactive,4.598065536407696
CHEMBL2325013,N#Cc1cc(S(=O)(=O)Nc2ncns2)ccc1Oc1ccc(Cl)cc1-c1ccnc(N)c1,<rdkit.Chem.rdchem.Mol object at 0x00000227928BEA40>,10000.0,484.9500000000003,4.300480000000002,6,2,9,143.88,inactive,5.0
CHEMBL4105630,C[C@@]1(O)CC[C@H]2[C@H](CC[C@@H]3[C@@H]2CC[C@]2(C)C(C(=O)Cn4cc(C#N)cn4)CC[C@@H]32)C1,<rdkit.Chem.rdchem.Mol object at 0x00000227928BEAB0>,30000.0,409.5740000000002,4.343680000000004,3,1,5,78.91,inactive,4.522878745280337
CHEMBL4097000,O=S(=O)(Nc1nccs1)c1cc(Cl)c(NC2CCOC2)cc1F,<rdkit.Chem.rdchem.Mol object at 0x00000227928BEB20>,1400.0,377.85000000000014,2.9372000000000007,5,2,6,80.32000000000001,active,5.853871964321762
CHEMBL4100514,O=C(Nc1cccc(C(F)(F)F)c1-c1cccnc1)c1cccc(-c2ccccn2)c1,<rdkit.Chem.rdchem.Mol object at 0x00000227928BEB90>,1100.0,419.40600000000006,6.081700000000005,4,1,3,54.88,active,5.958607314841775
CHEMBL4080898,O=C(Nc1cccc(C(F)(F)F)c1-c1cccnn1)c1cccc(-c2ncccc2C(F)(F)F)c1,<rdkit.Chem.rdchem.Mol object at 0x00000227928BEC00>,6800.0,488.3910000000001,6.495500000000005,4,1,4,67.77000000000001,inactive,5.167491087293763
CHEMBL4127756,CC(C)COc1ncc(-c2cc(F)c(-c3n[nH]c(S(=O)(=O)CC4CC4)n3)cc2F)cc1Cl,<rdkit.Chem.rdchem.Mol object at 0x00000227928BEC70>,10000.0,482.94000000000017,4.683800000000004,8,1,6,97.83,inactive,5.0
CHEMBL4277551,O=C(NCc1ccccc1)C(c1ccccc1)N1CCN(C(=O)c2cc(F)ccc2Cl)CC1,<rdkit.Chem.rdchem.Mol object at 0x00000227928BECE0>,950.0,465.9560000000002,4.294600000000004,6,1,3,52.650000000000006,active,6.022276394711152
CHEMBL4276884,O=C(NCc1ccc(OC(F)(F)F)c(Cl)c1)c1ccc(S(=O)(=O)Nc2nccs2)c(F)c1,<rdkit.Chem.rdchem.Mol object at 0x00000227928BED50>,15800.0,509.8900000000001,4.565000000000001,7,2,6,97.39,inactive,4.801342913045577
CHEMBL4282052,CCOc1cc(CN2CCC3(CC2)CC(=O)N(c2ccc(C(=O)O)cc2)C3)cc(OCC)c1-c1ccc(F)cc1,<rdkit.Chem.rdchem.Mol object at 0x00000227928BEDC0>,15000.0,546.6390000000004,6.007400000000007,9,1,5,79.31,inactive,4.823908740944319
CHEMBL4278328,CC(C)n1cc(CN2CCC3(CC2)CC(=O)N(c2ccc(C(=O)O)cc2)C3)c2c(C3CC3)cccc21,<rdkit.Chem.rdchem.Mol object at 0x00000227928BEE30>,10000.0,485.6280000000002,5.816900000000006,6,1,4,65.78,inactive,5.0
CHEMBL4590062,CNC(=O)c1c(-c2ccc(F)cc2)oc2cc(N(C)S(C)(=O)=O)c(-c3ccc4ncn5c6cccc(F)c6cc5c4n3)cc12,<rdkit.Chem.rdchem.Mol object at 0x00000227928BEEA0>,30000.0,611.6300000000001,6.149500000000004,5,1,7,109.81,inactive,4.522878745280337
CHEMBL4435877,CNC(=O)c1c(-c2ccc(F)cc2)oc2cc(N(C)S(C)(=O)=O)c(-c3ccc4c(n3)-c3cc5c(F)cccc5n3CN4)cc12,<rdkit.Chem.rdchem.Mol object at 0x00000227928BEF10>,30000.0,613.6460000000001,6.200100000000004,5,2,7,109.47,inactive,4.522878745280337
CHEMBL4452291,CC(C(N)=O)[C@H](N)c1cn2cc(C(C)(C)C)ccc2n1,<rdkit.Chem.rdchem.Mol object at 0x00000227928BEF80>,10000.0,274.368,1.7530000000000003,3,2,4,86.41,inactive,5.0
CHEMBL4553845,Cc1cn(C)c2cc(C(=O)NS(=O)(=O)C3CC3)ccc12,<rdkit.Chem.rdchem.Mol object at 0x00000227928BEFF0>,30000.0,292.36,1.70872,3,1,4,68.17,inactive,4.522878745280337
CHEMBL4464346,Cc1cn(C2C=CCCC2)c2ccc(C(=O)NS(=O)(=O)C3CC3)cc12,<rdkit.Chem.rdchem.Mol object at 0x00000227928BF060>,460.0,358.46300000000014,3.452920000000001,4,1,4,68.17,active,6.337242168318426
CHEMBL4527245,Cn1cc(C2CCCNC2)c2ccc(C(=O)NS(=O)(=O)C3CC3)cc21,<rdkit.Chem.rdchem.Mol object at 0x00000227928BF0D0>,30000.0,361.46700000000016,1.8673,4,2,5,80.2,inactive,4.522878745280337
CHEMBL4438048,Cn1cc(C2CCN(C(=O)OC(C)(C)C)CC2)c2ccc(C(=O)NS(=O)(=O)C3CC3)cc21,<rdkit.Chem.rdchem.Mol object at 0x00000227928BF140>,30000.0,461.5840000000002,3.514800000000002,4,1,6,97.71,inactive,4.522878745280337
CHEMBL4545044,CCn1cnc2c(-c3ccc(F)c(-c4cc5c(cc4OC)C(=O)N(C)C5)c3)cnnc21,<rdkit.Chem.rdchem.Mol object at 0x00000227928BF1B0>,100000.0,417.4440000000002,3.913500000000002,4,0,6,73.14000000000001,inactive,4.0
CHEMBL4454371,Cn1cc(-c2ccccc2)c2ccc(C(=O)NS(C)(=O)=O)cc21,<rdkit.Chem.rdchem.Mol object at 0x00000227928BF220>,30000.0,328.3930000000001,2.534700000000001,3,1,4,68.17,inactive,4.522878745280337
CHEMBL4536400,CCc1ccc(-c2cn(C)c3cc(C(=O)NS(C)(=O)=O)ccc23)cc1,<rdkit.Chem.rdchem.Mol object at 0x00000227928BF290>,30000.0,356.4470000000001,3.097100000000001,4,1,4,68.17,inactive,4.522878745280337
CHEMBL4466131,CC(C)Cc1ccc(-c2cn(C)c3cc(C(=O)NS(C)(=O)=O)ccc23)cc1,<rdkit.Chem.rdchem.Mol object at 0x00000227928BF300>,30000.0,384.5010000000001,3.733200000000002,5,1,4,68.17,inactive,4.522878745280337
CHEMBL4560705,Cn1cc(-c2ccc(C(F)F)cc2)c2ccc(C(=O)NS(C)(=O)=O)cc21,<rdkit.Chem.rdchem.Mol object at 0x00000227928BF370>,30000.0,378.4000000000001,3.472300000000001,4,1,4,68.17,inactive,4.522878745280337
CHEMBL4462639,Cn1cc(-c2cnc(OCC(F)F)c(Cl)c2)c2ccc(C(=O)NS(C)(=O)=O)cc21,<rdkit.Chem.rdchem.Mol object at 0x00000227928BF3E0>,30000.0,443.85900000000015,3.227000000000002,6,1,6,90.29,inactive,4.522878745280337
CHEMBL4550045,CC(C)COc1ccc(-c2cn(C)c3cc(C(=O)NS(C)(=O)=O)c(F)cc23)cn1,<rdkit.Chem.rdchem.Mol object at 0x00000227928BF450>,16000.0,419.47800000000007,3.103600000000001,6,1,6,90.29,inactive,4.795880017344075
CHEMBL3696475,Cc1c([C@@H](O)CN2CCN(C[C@H](O)c3ccc4c(c3C)COC4=O)CC2)ccc2c1COC2=O,<rdkit.Chem.rdchem.Mol object at 0x00000227928BF4C0>,30000.0,466.5340000000004,2.02884,6,2,8,99.54000000000002,inactive,4.522878745280337
CHEMBL4559824,CS(=O)(=O)NC(=O)c1ccc(-c2ccc(Cl)c(Cl)c2)cc1,<rdkit.Chem.rdchem.Mol object at 0x00000227928BF530>,42000.0,344.21900000000005,3.349800000000002,3,1,3,63.24,inactive,4.376750709602099
CHEMBL4470095,CC(C)COc1ncc(-c2c(F)cc(C(=O)NS(C)(=O)=O)cc2F)cc1Cl,<rdkit.Chem.rdchem.Mol object at 0x00000227928BF5A0>,5200.0,418.8490000000001,3.4044000000000016,6,1,5,85.35999999999999,inactive,5.2839966563652006
CHEMBL4517426,CC(C)COc1ncc(-c2ccc(C(=O)NS(C)(=O)=O)cc2C2=CCOC2)cc1Cl,<rdkit.Chem.rdchem.Mol object at 0x00000227928BF610>,42000.0,450.9440000000003,3.5398000000000023,7,1,6,94.59,inactive,4.376750709602099
CHEMBL4437652,COc1cc(C(=O)NS(C)(=O)=O)ccc1-c1cnc(Oc2cc(Cl)cc(Cl)c2)c(C#N)c1,<rdkit.Chem.rdchem.Mol object at 0x00000227928BF680>,16100.0,492.3400000000002,4.417380000000003,6,1,7,118.38,inactive,4.79317412396815
CHEMBL4647267,O=S(=O)(Nc1ccncn1)c1ccc2c(c1)OCC[C@@H]2c1ccc(C(F)(F)F)cc1N1CCOCC1,<rdkit.Chem.rdchem.Mol object at 0x00000227928BF6F0>,248.0,520.5330000000002,4.047200000000003,5,1,7,93.65,active,6.605548319173784
CHEMBL4857241,Cc1c(N2CC[C@@H](C3(N)CC3)C2)c(F)cc2cc(C(=O)O)c(=O)n(C3CC3)c12,<rdkit.Chem.rdchem.Mol object at 0x00000227928BF760>,92000.0,385.4390000000002,2.7997200000000007,4,2,5,88.56,inactive,4.036212172654444
CHEMBL4872374,O=S(=O)(Nc1cscn1)c1cc(F)c(O[C@H]2CCN(CC(F)(F)F)C[C@@H]2c2ccc(F)c(F)c2)cc1F,<rdkit.Chem.rdchem.Mol object at 0x00000227928BF7D0>,750.0,569.5240000000002,5.299500000000004,7,1,6,71.53,active,6.1249387366083
CHEMBL3657938,O=C(NS(=O)(=O)N1CCCC1)c1cc(C2CC2)c(OCC23CC4CC(CC(C4)C2)C3)cc1F,<rdkit.Chem.rdchem.Mol object at 0x00000227928BF840>,1500.0,476.6140000000003,4.368700000000004,7,1,4,75.71000000000001,active,5.823908740944319
CHEMBL5091342,CS(=O)(=O)NC(=O)c1cc(C2CC2)c(OCC2CCN(C(c3ccccc3)c3ccccc3)CC2)cc1F,<rdkit.Chem.rdchem.Mol object at 0x00000227928BF8B0>,590.0,536.6690000000003,5.272900000000005,9,1,5,75.71,active,6.229147988357855
CHEMBL5080891,CS(=O)(=O)NC(=O)c1cc(C2CC2)c(OCC2CCN(Cc3ccc(Cl)cc3)CC2)cc1F,<rdkit.Chem.rdchem.Mol object at 0x00000227928BF920>,27000.0,495.0160000000003,4.336900000000004,8,1,5,75.71,inactive,4.568636235841013
CHEMBL5080495,CS(=O)(=O)NC(=O)c1cc(C2CC2)c(OCC2CCN(C(=O)c3cc(Cl)cc(Cl)c3)CC2)cc1F,<rdkit.Chem.rdchem.Mol object at 0x00000227928BF990>,6400.0,543.4440000000003,4.630500000000005,7,1,5,92.78,inactive,5.1938200260161125
CHEMBL5082131,CC(C)(c1cc(Cl)cc(Cl)c1)N1CCC(COc2cc(F)c(C(=O)NS(C)(=O)=O)cc2C2CC2)CC1,<rdkit.Chem.rdchem.Mol object at 0x00000227928BFA00>,3900.0,557.515,5.725400000000005,8,1,5,75.71000000000001,active,5.4089353929735005
CHEMBL5095095,C[C@H](CC[C@](C)(O)C(F)(F)F)[C@H]1CC[C@H]2[C@@H]3CC=C4C[C@@](C)(O)CC[C@]4(C)[C@H]3CC[C@]12C,<rdkit.Chem.rdchem.Mol object at 0x00000227928BFA70>,30000.0,456.6330000000003,7.046000000000008,4,2,2,40.46,inactive,4.522878745280337
CHEMBL5272355,O=C(NS(=O)(=O)C1CC1)c1cc(Cl)c(OCCC2(F)CCN(Cc3cc(Cl)cc(Cl)c3)CC2)cc1F,<rdkit.Chem.rdchem.Mol object at 0x00000227928BFAE0>,58850.0,581.8960000000002,5.781100000000005,9,1,5,75.71,inactive,4.230253532820546
CHEMBL4635134,CNC(=O)c1cc(C(=O)NC2CC2)cn(Cc2ccccc2)c1=O,<rdkit.Chem.rdchem.Mol object at 0x00000227928BFB50>,100000.0,325.368,1.1483999999999992,5,2,4,80.2,inactive,4.0
CHEMBL5314924,Cc1ccc([C@H]2C[C@@H]2COc2cc(NCc3nnc(C)s3)nc(C)n2)nc1,<rdkit.Chem.rdchem.Mol object at 0x00000227928BFBC0>,30000.0,382.4930000000001,3.442960000000001,7,1,8,85.71,inactive,4.522878745280337
CHEMBL1788206,CN1Cc2ccccc2[C@@H](c2ccccc2)N=C1OCc1ccc(NS(C)(=O)=O)cc1,<rdkit.Chem.rdchem.Mol object at 0x00000227928BFC30>,126000.0,435.54900000000015,4.165700000000003,5,1,5,71.0,inactive,3.899629454882437
CHEMBL108782,Cc1ccc(C(=O)N=C(N)NCCCOc2ccccc2)cc1,<rdkit.Chem.rdchem.Mol object at 0x00000227928BFCA0>,5600.0,311.385,2.5086200000000005,6,2,2,76.71000000000001,inactive,5.251811972993799
CHEMBL110164,COc1cc(C(=O)N=C(N)NCCCCc2ccccc2)cc(OC)c1OC,<rdkit.Chem.rdchem.Mol object at 0x00000227928BFD10>,1510.0,385.4640000000001,2.7798000000000007,9,2,4,95.17,active,5.82102305270683
CHEMBL108727,CCOc1ccc(C(=O)N=C(N)NCCCCc2ccccc2)cc1,<rdkit.Chem.rdchem.Mol object at 0x00000227928BFD80>,1100.0,339.439,3.152700000000002,8,2,2,76.71,active,5.958607314841775
CHEMBL109127,N=C(NCCCCc1ccccc1)NC(=O)c1ccco1,<rdkit.Chem.rdchem.Mol object at 0x00000227928BFDF0>,7900.0,285.34700000000004,2.5566700000000004,6,3,3,78.12,inactive,5.102372908709558
CHEMBL209064,CN(C)C(=O)C(c1ccc(-c2ccc3ncnn3c2)cc1)C(N)C(=O)N1CCC(F)(F)C1,<rdkit.Chem.rdchem.Mol object at 0x00000227928BFE60>,100000.0,442.4700000000002,1.763,5,1,6,96.83,inactive,4.0
CHEMBL482676,O=C(c1ccc(-c2ccc(Cl)cc2)o1)N1CCN(C2CCCCC2)CC1,<rdkit.Chem.rdchem.Mol object at 0x00000227928BFED0>,2300.0,372.8960000000002,4.690500000000004,3,0,3,36.690000000000005,active,5.638272163982407
CHEMBL495992,O=C1CC2(CCN(C(=O)N[C@H]3C[C@@H]3c3ccccc3)CC2)Oc2ccc(-c3ccncc3)cc21,<rdkit.Chem.rdchem.Mol object at 0x00000227928BFF40>,10000.0,453.54200000000026,4.814100000000004,3,1,4,71.53,inactive,5.0
CHEMBL495586,CS(=O)(=O)c1ccc2c(c1)C(=O)CC1(CCN(C(=O)N[C@@H]3CC[C@@H](c4ccccc4)C3)CC1)O2,<rdkit.Chem.rdchem.Mol object at 0x000002279289C040>,10000.0,482.60200000000026,3.935800000000003,3,1,5,92.78000000000002,inactive,5.0
CHEMBL561379,O=C(NC1CC1c1ccccc1)N1CCC(c2nnco2)CC1,<rdkit.Chem.rdchem.Mol object at 0x000002279289C0B0>,10000.0,312.3730000000001,2.5147000000000004,3,1,4,71.26,inactive,5.0
CHEMBL1079361,CC1(c2ccccc2)CCCN(C(=O)Nc2noc3ccccc23)C1,<rdkit.Chem.rdchem.Mol object at 0x000002279289C120>,10000.0,335.40700000000004,4.413400000000004,2,1,3,58.370000000000005,inactive,5.0
CHEMBL1078565,O=C(O)CCCC1(c2ccccc2)CCCN(C(=O)Nc2ccc(Cl)cc2)C1,<rdkit.Chem.rdchem.Mol object at 0x000002279289C190>,10000.0,400.90600000000006,5.160600000000005,6,2,2,69.64,inactive,5.0
CHEMBL1078657,O=C(O)CCCCC1(c2ccccc2)CCCN(C(=O)Nc2ccc(Cl)cc2)C1,<rdkit.Chem.rdchem.Mol object at 0x000002279289C200>,10000.0,414.9330000000001,5.550700000000005,7,2,2,69.64,inactive,5.0
CHEMBL1079290,O=C(Nc1ccc(Cl)cc1)N1CCCC(CCO)(c2ccccc2)C1,<rdkit.Chem.rdchem.Mol object at 0x000002279289C270>,10000.0,358.869,4.288100000000004,4,2,2,52.57000000000001,inactive,5.0
CHEMBL1079291,O=C(Nc1ccc(Cl)cc1)N1CCCC(CCCO)(c2ccccc2)C1,<rdkit.Chem.rdchem.Mol object at 0x000002279289C2E0>,10000.0,372.8960000000001,4.678200000000004,5,2,2,52.57000000000001,inactive,5.0
CHEMBL1078628,CCN(CC)C(=O)CCC1(c2ccccc2)CCCN(C(=O)Nc2ccc(Cl)cc2)C1,<rdkit.Chem.rdchem.Mol object at 0x000002279289C350>,10000.0,442.00300000000016,5.554300000000006,7,1,2,52.650000000000006,inactive,5.0
CHEMBL1079257,O=C(O)CCC1(c2ccccc2C(F)(F)F)CCCN(C(=O)Nc2ccc(Cl)cc2)C1,<rdkit.Chem.rdchem.Mol object at 0x000002279289C3C0>,10000.0,454.8760000000002,5.789300000000004,5,2,2,69.64,inactive,5.0
CHEMBL1078715,O=C(O)CCC1(c2ccc(C(F)(F)F)cc2)CCCN(C(=O)Nc2ccc(Cl)cc2)C1,<rdkit.Chem.rdchem.Mol object at 0x000002279289C430>,10000.0,454.8760000000002,5.789300000000004,5,2,2,69.64,inactive,5.0
CHEMBL1079061,O=C(O)CCC1(c2ccc(-c3ccccc3)cc2)CCCN(C(=O)Nc2ccc(OC(F)(F)F)cc2)C1,<rdkit.Chem.rdchem.Mol object at 0x000002279289C4A0>,10000.0,512.5280000000002,6.682700000000005,7,2,3,78.87,inactive,5.0
CHEMBL1797405,Cc1cccc(C)c1-c1noc(C)c1NC(=O)NCc1ccc(OC(C)C)nc1,<rdkit.Chem.rdchem.Mol object at 0x000002279289C510>,19952.62,394.4750000000002,4.770760000000003,6,2,5,89.28,inactive,4.70000006855703
CHEMBL1797390,Cc1onc(-c2c(Cl)cccc2Cl)c1NC(=O)OCc1cccc(N(C)C)c1,<rdkit.Chem.rdchem.Mol object at 0x000002279289C580>,25703.96,420.2960000000002,5.771520000000003,5,1,5,67.6,inactive,4.589999963296594
CHEMBL1796068,COCCCn1cc(CN(C(=O)C2CNCC[C@@H]2c2ccn(C)c(=O)c2)C2CC2)c2ccccc21,<rdkit.Chem.rdchem.Mol object at 0x000002279289C5F0>,30000.0,476.62100000000027,3.260800000000001,9,1,6,68.5,inactive,4.522878745280337
CHEMBL1813015,CC(=O)Nc1cccc(Nc2ncnc(N3CCc4ccccc4C3)n2)c1,<rdkit.Chem.rdchem.Mol object at 0x000002279289C660>,5400.0,360.4210000000001,3.136300000000001,4,2,6,83.03999999999999,inactive,5.267606240177032
CHEMBL1938867,Cn1c(SCc2ccc(C(C)(C)C)cc2)nc(N)cc1=O,<rdkit.Chem.rdchem.Mol object at 0x000002279289C6D0>,200.0,303.43100000000004,2.9523,3,1,5,60.91,active,6.698970004336019
CHEMBL2012023,CN(c1ccc(Cl)cc1)c1ccc(Nc2nccc(N)n2)cc1,<rdkit.Chem.rdchem.Mol object at 0x000002279289C740>,3700.0,325.80300000000005,4.223700000000002,4,2,5,67.07,active,5.431798275933005
CHEMBL2012039,Nc1cncc(Nc2ccc(Oc3ccccc3)cc2)n1,<rdkit.Chem.rdchem.Mol object at 0x000002279289C7B0>,1800.0,278.315,3.5947000000000013,4,2,5,73.06,active,5.7447274948966935
CHEMBL2012041,Cc1ccc(Oc2ccc(Nc3cncc(N)n3)cc2)cc1,<rdkit.Chem.rdchem.Mol object at 0x000002279289C820>,410.0,292.34200000000004,3.90312,4,2,5,73.06,active,6.3872161432802645
CHEMBL2012042,Nc1cncc(Nc2ccc(Oc3ccc(C4CC4)cc3)cc2)n1,<rdkit.Chem.rdchem.Mol object at 0x000002279289C890>,3000.0,318.38,4.472100000000003,5,2,5,73.06,active,5.522878745280337
CHEMBL2012247,c1ccc(Cn2ncc3c(OC4CCN(Cc5cscn5)CC4)ncnc32)cc1,<rdkit.Chem.rdchem.Mol object at 0x000002279289C900>,930.0,406.5150000000001,3.374500000000002,6,0,8,68.96000000000001,active,6.031517051446065
CHEMBL2012271,Fc1cccc(Cn2ccc3c(OC4CCN(Cc5cscn5)CC4)ncnc32)c1F,<rdkit.Chem.rdchem.Mol object at 0x000002279289C970>,70.0,441.5070000000001,4.257700000000003,6,0,7,56.07,active,7.154901959985743
CHEMBL2012277,c1ccc(CN2CCC(Oc3ncnc4c3ccn4Cc3ccccc3)CC2)cc1,<rdkit.Chem.rdchem.Mol object at 0x000002279289C9E0>,740.0,398.5100000000002,4.523000000000004,6,0,5,43.18,active,6.130768280269024
CHEMBL2047521,O=C(Nc1cnc(Cl)nc1)c1ccc(F)c(F)c1,<rdkit.Chem.rdchem.Mol object at 0x000002279289CA50>,30000.0,269.63800000000003,2.6605000000000008,2,1,3,54.88,inactive,4.522878745280337
CHEMBL2069399,CCCCOc1ccc(C(=O)N[C@@H]2COc3cccc(N4CCN(C)CC4)c3C2)cc1,<rdkit.Chem.rdchem.Mol object at 0x000002279289CAC0>,6309.57,423.5570000000003,3.350800000000002,7,1,5,54.040000000000006,inactive,5.200000237109354
CHEMBL2069416,Cc1nn(-c2ccccc2)nc1C(=O)N[C@@H]1COc2cccc(-c3ccncc3)c2C1,<rdkit.Chem.rdchem.Mol object at 0x000002279289CB30>,31622.78,411.46500000000015,3.371220000000002,4,1,6,81.93,inactive,4.499999953328896
CHEMBL2069419,Cc1nn(CC(C)C)nc1C(=O)N[C@@H]1COc2cccc(-c3cccnc3)c2C1,<rdkit.Chem.rdchem.Mol object at 0x000002279289CBA0>,31622.78,391.47500000000014,3.0380200000000013,5,1,6,81.93,inactive,4.499999953328896
CHEMBL2069422,COc1ncc(-c2cccc3c2C[C@H](NC(=O)c2ccc(OCCC(F)(F)F)nc2)CO3)cn1,<rdkit.Chem.rdchem.Mol object at 0x000002279289CC10>,3981.07,474.4390000000002,3.611900000000001,7,1,7,95.46,active,5.40000018605658
CHEMBL2147216,Cc1ncc(-c2ccccc2CCNC(=O)c2ccc(COCC(F)(F)F)nc2)cn1,<rdkit.Chem.rdchem.Mol object at 0x000002279289CC80>,31622.78,430.4300000000001,3.8984200000000016,8,1,5,77.0,inactive,4.499999953328896
CHEMBL2147307,COc1cnc(-c2c(C)ccc(F)c2CCNC(=O)c2ccc(COCC(F)(F)F)nc2)cn1,<rdkit.Chem.rdchem.Mol object at 0x000002279289CCF0>,1000.0,478.44600000000014,4.046120000000003,9,1,6,86.23,active,6.0
CHEMBL2164359,O=C(NCc1ccc(OC(F)(F)F)cc1)c1c2ccccc2c(O)n1Cc1ccc(C(F)(F)F)cn1,<rdkit.Chem.rdchem.Mol object at 0x000002279289CD60>,4300.0,509.4060000000001,5.637600000000004,6,2,5,76.38,active,5.366531544420414
CHEMBL2409313,CCOc1cc2ncc(C(N)=O)c(Nc3ccc(F)cc3F)c2cc1N1CCN(C)C(=O)C1,<rdkit.Chem.rdchem.Mol object at 0x000002279289CDD0>,30000.0,455.46500000000026,3.0326000000000013,6,2,6,100.79,inactive,4.522878745280337
CHEMBL481205,COCCOc1cc2ncc(C(N)=O)c(Nc3ccc(C)cc3F)c2cc1N1CCN(C)CC1,<rdkit.Chem.rdchem.Mol object at 0x000002279289CE40>,30000.0,467.5450000000003,3.301820000000002,8,2,7,92.95,inactive,4.522878745280337
CHEMBL3085866,Nc1nc2c(s1)C[C@@H](NC(=O)c1cc3ccccc3[nH]1)CC2,<rdkit.Chem.rdchem.Mol object at 0x000002279289CEB0>,30000.0,312.3980000000001,2.493900000000001,2,3,4,83.79999999999998,inactive,4.522878745280337
CHEMBL3085876,CC(C)(C)OC(=O)N1CCCC1C(=O)NCC1CCc2nc(N)sc2C1,<rdkit.Chem.rdchem.Mol object at 0x000002279289CF20>,20000.0,380.5140000000001,2.3459000000000003,3,2,6,97.55,inactive,4.698970004336019
CHEMBL2105762,CS(=O)(=O)n1cc2c(n1)CN([C@H]1CO[C@H](c3cc(F)ccc3F)[C@@H](N)C1)C2,<rdkit.Chem.rdchem.Mol object at 0x000002279289CF90>,30000.0,398.4350000000001,1.1421,3,1,7,90.45,inactive,4.522878745280337
CHEMBL3322668,N#Cc1ccc(C(=O)N2CCC3(CC2)Nc2cc(OC(F)(F)F)ccc2-n2cccc23)cc1,<rdkit.Chem.rdchem.Mol object at 0x000002279289D000>,1452.0,452.436,4.804580000000003,2,1,5,70.28999999999999,active,5.838033383635925
CHEMBL3322764,COc1ccc2c(c1)NC1(CCN(Cc3cccc(C#N)c3)CC1)c1cccn1-2,<rdkit.Chem.rdchem.Mol object at 0x000002279289D070>,12875.0,384.4830000000001,4.274380000000003,3,1,5,53.22,inactive,4.890252762286772
CHEMBL3322773,COc1ccc2c(c1)NC1(CCN(C(=O)c3ccc(N(C)C)cc3)CC1)c1cccn1-2,<rdkit.Chem.rdchem.Mol object at 0x000002279289D0E0>,947.0,416.52500000000015,4.108900000000004,3,1,5,49.74,active,6.023650020996727
CHEMBL3337589,COc1ccc2c(c1)N[C@@]1(CCN(C(=O)c3ccc(OC)c(N(C)C)c3)C[C@@H]1C)c1cccn1-2,<rdkit.Chem.rdchem.Mol object at 0x000002279289D150>,519.0,460.5780000000002,4.363500000000004,4,1,6,58.97,active,6.284832642151542
CHEMBL3617065,CNS(=O)(=O)NC(=O)c1cc(Cl)c(Oc2cnc(OCC(C)C)c(Cl)c2)cc1F,<rdkit.Chem.rdchem.Mol object at 0x000002279289D1C0>,7200.0,466.3180000000002,3.548600000000002,8,2,6,106.62000000000002,inactive,5.142667503568732
CHEMBL3634324,O=C1CCc2c(cccc2C2CCN(CC(O)COc3ccccc3C(=O)c3ccccc3)CC2)N1,<rdkit.Chem.rdchem.Mol object at 0x000002279289D230>,18000.0,484.5960000000002,4.421600000000003,8,2,5,78.87,inactive,4.7447274948966935
CHEMBL3634330,O=C(NC1CCN(CC(O)COc2ccccc2C(=O)c2ccccc2)CC1)c1ccccc1,<rdkit.Chem.rdchem.Mol object at 0x000002279289D2A0>,4900.0,458.5580000000002,3.551700000000002,9,2,5,78.87,active,5.309803919971486
CHEMBL3634336,COc1ccc(OCC(O)CN2CCC(N3Cc4ccccc4C3=O)CC2)cc1,<rdkit.Chem.rdchem.Mol object at 0x000002279289D310>,13000.0,396.48700000000014,2.555300000000001,7,1,5,62.24,inactive,4.886056647693163
CHEMBL3634337,O=C1c2ccccc2CN1C1CCN(CC(O)COc2ccccc2C(F)(F)F)CC1,<rdkit.Chem.rdchem.Mol object at 0x000002279289D380>,7100.0,434.4580000000001,3.565500000000003,6,1,4,53.010000000000005,inactive,5.1487416512809245
CHEMBL3632698,COc1cc(C(F)(F)F)ccc1COCC(O)CN1CCC(C(=O)Nc2ccccc2)CC1,<rdkit.Chem.rdchem.Mol object at 0x000002279289D3F0>,16000.0,466.5000000000003,3.9422000000000015,9,2,5,71.03,inactive,4.795880017344075
CHEMBL3704425,Cn1cc(-c2cccc(OC(F)(F)F)c2)c2ccc(S(=O)(=O)Nc3ncns3)cc21,<rdkit.Chem.rdchem.Mol object at 0x000002279289D460>,10000.0,454.4550000000001,4.396200000000002,5,1,7,86.11,inactive,5.0
CHEMBL3683250,O=S(=O)(Nc1ncc(F)s1)N1CCc2c(cccc2-c2ccc(C(F)(F)F)cc2C2=CCNCC2)C1,<rdkit.Chem.rdchem.Mol object at 0x000002279289D4D0>,6680.0,538.5920000000001,5.059700000000004,5,2,5,74.33,inactive,5.175223537524454
CHEMBL3658002,O=C(NS(=O)(=O)N1CCC1)c1cc(C2CC2)c(OCC2(C(F)(F)F)CCCCC2)cc1F,<rdkit.Chem.rdchem.Mol object at 0x000002279289D540>,350.0,478.50800000000027,4.275000000000004,7,1,4,75.71000000000001,active,6.455931955649724
CHEMBL3657848,CC1(C)CCc2cc(OCc3cc(F)c(C(=O)NS(=O)(=O)N4CCC4)cc3Cl)ccc2O1,<rdkit.Chem.rdchem.Mol object at 0x000002279289D5B0>,653.0,482.9610000000002,3.8420000000000014,6,1,5,84.94,active,6.185086818724926
CHEMBL3704431,COc1ccc(-c2cn(C)c3cc(S(=O)(=O)Nc4ncns4)ccc23)c2ccccc12,<rdkit.Chem.rdchem.Mol object at 0x000002279289D620>,10000.0,450.5450000000001,4.659400000000003,5,1,7,86.11,inactive,5.0
CHEMBL3683220,O=S(=O)(Nc1ncns1)N1CCc2c(cccc2-c2ccc(C(F)(F)F)cc2N2CCOCC2)C1,<rdkit.Chem.rdchem.Mol object at 0x000002279289D690>,10000.0,525.5780000000002,3.775500000000004,5,1,7,87.66,inactive,5.0
CHEMBL3704442,Cn1cc(-c2ccncc2Cl)c2ccc(S(=O)(=O)Nc3ncns3)cc21,<rdkit.Chem.rdchem.Mol object at 0x000002279289D700>,10000.0,405.8920000000001,3.546000000000001,4,1,7,89.77,inactive,5.0
CHEMBL3683238,COc1cc(C(F)(F)F)ccc1-c1cccc2c1CN(S(=O)(=O)Nc1ncns1)CC2,<rdkit.Chem.rdchem.Mol object at 0x000002279289D770>,10000.0,470.4980000000002,3.9475000000000025,5,1,6,84.42,inactive,5.0
CHEMBL3704426,Cn1cc(-c2cccc(C#N)c2)c2ccc(S(=O)(=O)Nc3ncns3)cc21,<rdkit.Chem.rdchem.Mol object at 0x000002279289D7E0>,10000.0,395.4690000000001,3.3692800000000016,4,1,7,100.67,inactive,5.0
CHEMBL3657998,O=C(NS(=O)(=O)C1CC1)c1cc(C2CC2)c(OCC2CCC(F)(F)CC2)cc1F,<rdkit.Chem.rdchem.Mol object at 0x000002279289D850>,630.0,431.47600000000017,4.129400000000004,7,1,4,72.47,active,6.200659450546418
CHEMBL3704427,Cn1cc(-c2ccccc2)c2ccc(S(=O)(=O)Nc3ncns3)cc21,<rdkit.Chem.rdchem.Mol object at 0x000002279289D8C0>,10000.0,370.459,3.497600000000002,4,1,6,76.88,inactive,5.0
CHEMBL3683233,COc1ncccc1-c1cccc2c1CCN(S(=O)(=O)Nc1ncns1)C2,<rdkit.Chem.rdchem.Mol object at 0x000002279289D930>,10000.0,403.4890000000001,2.3237000000000005,5,1,7,97.31,inactive,5.0
CHEMBL3683210,Cc1cncc(-c2cc(C(F)(F)F)ccc2-c2cccc3c2CCN(S(=O)(=O)Nc2ncns2)C3)c1,<rdkit.Chem.rdchem.Mol object at 0x000002279289D9A0>,10000.0,531.5850000000002,5.309320000000005,5,1,6,88.08,inactive,5.0
CHEMBL3662095,COCCS(=O)(=O)NC(=O)c1cnc(OCC23CC4CC(CC(C4)C2)C3)c(C2CC2)c1,<rdkit.Chem.rdchem.Mol object at 0x000002279289DA10>,15300.0,448.5850000000004,3.260200000000002,9,1,6,94.59,inactive,4.815308569182401
CHEMBL3662094,O=C(NS(=O)(=O)N1CCC1)c1cnc(OCC23CC4CC(CC(C4)C2)C3)c(C2CC2)c1,<rdkit.Chem.rdchem.Mol object at 0x000002279289DA80>,7500.0,445.5850000000004,3.234500000000001,7,1,5,88.60000000000001,inactive,5.1249387366083
CHEMBL3704438,CN(C)c1cccc(-c2cn(C)c3cc(S(=O)(=O)Nc4ncns4)ccc23)c1,<rdkit.Chem.rdchem.Mol object at 0x000002279289DAF0>,10000.0,413.5280000000001,3.563600000000002,5,1,7,80.12,inactive,5.0
CHEMBL3704451,COc1ccc(-c2cn(C)c3cc(S(=O)(=O)Nc4ncns4)ccc23)cn1,<rdkit.Chem.rdchem.Mol object at 0x000002279289DB60>,10000.0,401.47300000000007,2.9012,5,1,8,99.0,inactive,5.0
CHEMBL3683239,O=S(=O)(Nc1ccncn1)N1CCc2c(cccc2-c2ccc(C(F)(F)F)cc2Br)C1,<rdkit.Chem.rdchem.Mol object at 0x000002279289DBD0>,10000.0,513.339,4.639900000000003,4,1,4,75.19,inactive,5.0
CHEMBL3683224,O=S(=O)(Nc1nccs1)N1CCc2c(cccc2-c2ccc(C(F)(F)F)cc2C2=CCNCC2)C1,<rdkit.Chem.rdchem.Mol object at 0x000002279289DC40>,10000.0,520.6020000000002,4.920600000000004,5,2,5,74.33,inactive,5.0
CHEMBL3704410,Cn1cc(-c2cc(-c3ccncc3)cc(C(F)(F)F)c2)c2ccc(S(=O)(=O)Nc3ncns3)cc21,<rdkit.Chem.rdchem.Mol object at 0x000002279289DCB0>,10000.0,515.5420000000001,5.578400000000003,5,1,7,89.77,inactive,5.0
CHEMBL3683215,COc1ccc(-c2cccc3c2CCN(S(=O)(=O)Nc2ncns2)C3)c(OC)c1,<rdkit.Chem.rdchem.Mol object at 0x000002279289DD20>,10000.0,432.5270000000001,2.9373000000000014,6,1,7,93.65,inactive,5.0
CHEMBL3657877,CS(=O)(=O)NC(=O)c1ccc(OCC23CC4CC(CC(C4)C2)C3)c(C2CC2)c1,<rdkit.Chem.rdchem.Mol object at 0x000002279289DD90>,700.0,403.54400000000027,3.848600000000003,6,1,4,72.47,active,6.154901959985743
CHEMBL3683195,O=S(=O)(Nc1ncns1)N1CCc2c(cccc2-c2ccc(C(F)(F)F)cc2-c2ccncc2)C1,<rdkit.Chem.rdchem.Mol object at 0x000002279289DE00>,10000.0,517.5580000000001,5.000900000000004,5,1,6,88.08,inactive,5.0
CHEMBL3683208,O=S(=O)(Nc1ncns1)N1CCc2c(cccc2-c2ccc(C(F)(F)F)cc2C2=CCOCC2)C1,<rdkit.Chem.rdchem.Mol object at 0x000002279289DE70>,10000.0,522.5740000000002,4.742600000000004,5,1,6,84.42,inactive,5.0
CHEMBL3704441,Cn1nccc1-c1cc(C(F)(F)F)ccc1-c1cn(C)c2cc(S(=O)(=O)Nc3nc(Br)ns3)ccc12,<rdkit.Chem.rdchem.Mol object at 0x000002279289DEE0>,10000.0,597.4420000000001,5.679400000000003,5,1,8,94.7,inactive,5.0
CHEMBL3798258,CC(C)(C)OC(=O)N1CCN(c2cccc3c2cnn3-c2ccccc2F)C1=O,<rdkit.Chem.rdchem.Mol object at 0x000002279289DF50>,5000.0,396.4220000000001,4.341700000000004,2,0,5,67.67,inactive,5.301029995663981
CHEMBL3799205,O=C(CN1CCN(c2cccc3c2cnn3-c2ccccc2F)C1=O)NC1CC1,<rdkit.Chem.rdchem.Mol object at 0x000002279289DFC0>,33000.0,393.42200000000014,2.685200000000001,5,1,4,70.47,inactive,4.481486060122113
CHEMBL3800069,O=C1C2CN(Cc3ccccc3)CC2CN1c1cccc2c1cnn2-c1ccccc1F,<rdkit.Chem.rdchem.Mol object at 0x000002279289E030>,2500.0,426.4950000000001,4.259400000000004,4,0,4,41.370000000000005,active,5.6020599913279625
CHEMBL3799939,CC(C)(O)CC(=O)N1CC[C@H]2CN(c3cccc4c3cnn4-c3ccccc3F)C(=O)C21,<rdkit.Chem.rdchem.Mol object at 0x000002279289E0A0>,16400.0,436.48700000000014,2.8893000000000013,4,1,5,78.67,inactive,4.785156151952302
CHEMBL3928500,COc1ccc(CCO[C@H]2CCCC[C@@H]2N2CC[C@H](O)C2)cc1OC,<rdkit.Chem.rdchem.Mol object at 0x000002279289E110>,37200.0,349.47100000000006,2.6407000000000007,7,1,5,51.16000000000001,inactive,4.429457060118103
CHEMBL3677853,O=S(=O)(Nc1ncns1)c1ccc2c(-c3ccc(F)cc3Cl)cccc2c1,<rdkit.Chem.rdchem.Mol object at 0x000002279289E180>,23800.0,419.89,4.951600000000002,4,1,5,71.95,inactive,4.623423042943488
CHEMBL3682641,COc1cc(Cl)ccc1-c1cccc2cc(S(=O)(=O)Nc3ncns3)ccc12,<rdkit.Chem.rdchem.Mol object at 0x000002279289E1F0>,19900.0,431.9260000000001,4.821100000000003,5,1,6,81.18,inactive,4.701146923590294
CHEMBL3682644,Cc1cc(Cl)ccc1-c1cccc2cc(S(=O)(=O)Nc3ncns3)ccc12,<rdkit.Chem.rdchem.Mol object at 0x000002279289E260>,9580.0,415.9270000000001,5.120920000000004,4,1,5,71.95,inactive,5.018634490921456
CHEMBL3682650,O=S(=O)(Nc1ncns1)c1ccc2c(-c3ccc(Cl)cc3C(F)(F)F)cccc2c1,<rdkit.Chem.rdchem.Mol object at 0x000002279289E2D0>,7770.0,469.8970000000001,5.831300000000002,4,1,5,71.95,inactive,5.1095789811990855
CHEMBL3682769,COc1cc(Cl)c(Cl)cc1-c1nccc2cc(S(=O)(=O)Nc3nccs3)ccc12,<rdkit.Chem.rdchem.Mol object at 0x000002279289E340>,30000.0,466.37100000000015,5.474500000000004,5,1,6,81.17999999999999,inactive,4.522878745280337
CHEMBL3682782,N#CCOc1cc(F)ccc1-c1nccc2cc(S(=O)(=O)Nc3nccs3)ccc12,<rdkit.Chem.rdchem.Mol object at 0x000002279289E3B0>,30000.0,440.4810000000001,4.200580000000002,6,1,7,104.97,inactive,4.522878745280337
CHEMBL3682816,COc1cc(C(F)(F)F)ccc1-c1ncc(O)c2cc(S(=O)(=O)Nc3nccs3)ccc12,<rdkit.Chem.rdchem.Mol object at 0x000002279289E420>,20400.0,481.47700000000015,4.892100000000003,5,2,7,101.41,inactive,4.690369832574101
CHEMBL3687594,COc1cc(C(F)(F)F)ccc1-c1ccnc2cc(S(=O)(=O)Nc3nccs3)c(F)cc12,<rdkit.Chem.rdchem.Mol object at 0x000002279289E490>,2790.0,483.4680000000002,5.325600000000002,5,1,6,81.17999999999999,active,5.554395796726403
CHEMBL3687613,COc1cc(-c2cccc(F)c2)c(C#N)cc1-c1nccc2cc(S(=O)(=O)Nc3ncns3)ccc12,<rdkit.Chem.rdchem.Mol object at 0x000002279289E500>,30000.0,517.5670000000001,5.240480000000003,6,1,8,117.86,inactive,4.522878745280337
CHEMBL3687633,COc1nc(-c2cccc(F)c2)ccc1-c1nccc2cc(S(=O)(=O)Nc3ccncn3)ccc12,<rdkit.Chem.rdchem.Mol object at 0x000002279289E570>,30000.0,487.5160000000001,4.702300000000003,6,1,7,106.96,inactive,4.522878745280337
CHEMBL3687640,COc1cc(-c2cc(F)cc(F)c2)ccc1-c1nccc2cc(S(=O)(=O)Nc3ccnc(C)n3)ccc12,<rdkit.Chem.rdchem.Mol object at 0x000002279289E5E0>,30000.0,518.5450000000002,5.754820000000005,6,1,6,94.07,inactive,4.522878745280337
CHEMBL3687652,COc1cc(F)ccc1-c1ncc(F)c2cc(S(=O)(=O)Nc3ncns3)ccc12,<rdkit.Chem.rdchem.Mol object at 0x000002279289E650>,30000.0,434.44900000000007,3.840900000000002,5,1,7,94.07,inactive,4.522878745280337
CHEMBL3687685,COc1cc(-c2cccc(F)c2F)ccc1-c1nccc2cc(S(=O)(=O)Nc3ccncn3)ccc12,<rdkit.Chem.rdchem.Mol object at 0x000002279289E6C0>,30000.0,504.51800000000014,5.446400000000004,6,1,6,94.07,inactive,4.522878745280337
CHEMBL3687688,COc1cc(-c2c(F)cccc2F)ccc1-c1nccc2cc(S(=O)(=O)Nc3ccncn3)ccc12,<rdkit.Chem.rdchem.Mol object at 0x000002279289E730>,30000.0,504.5180000000002,5.446400000000004,6,1,6,94.07,inactive,4.522878745280337
CHEMBL3687705,COc1ccc(-c2ccc(-c3nccc4cc(S(=O)(=O)Nc5ccncn5)ccc34)c(OC)c2)cc1,<rdkit.Chem.rdchem.Mol object at 0x000002279289E7A0>,30000.0,498.5640000000002,5.176800000000004,7,1,7,103.3,inactive,4.522878745280337
CHEMBL3687707,COc1cc(-c2cc(C)cc(C)c2)ccc1-c1nccc2cc(S(=O)(=O)Nc3ccncn3)ccc12,<rdkit.Chem.rdchem.Mol object at 0x000002279289E810>,30000.0,496.59200000000016,5.785040000000005,6,1,6,94.07,inactive,4.522878745280337
CHEMBL3687728,COc1cc(-c2ccc(Cl)c(C)c2)ccc1-c1nccc2cc(S(=O)(=O)Nc3ccncn3)ccc12,<rdkit.Chem.rdchem.Mol object at 0x000002279289E880>,30000.0,517.0100000000001,6.130020000000005,6,1,6,94.07,inactive,4.522878745280337
CHEMBL3687740,COc1cc(C(F)F)c(F)cc1-c1ncnc2cc(S(=O)(=O)Nc3cscn3)ccc12,<rdkit.Chem.rdchem.Mol object at 0x000002279289E8F0>,30000.0,466.4660000000001,4.639400000000003,6,1,7,94.07,inactive,4.522878745280337
CHEMBL3687748,COc1cc(Cl)ccc1-c1ncnc2cc(S(=O)(=O)Nc3ncns3)ccc12,<rdkit.Chem.rdchem.Mol object at 0x000002279289E960>,30000.0,433.9020000000001,3.611100000000001,5,1,8,106.96,inactive,4.522878745280337
CHEMBL3935302,COc1cc(-c2cc(F)cc(F)c2)c(C)cc1-n1c(=O)ccc2cc(S(=O)(=O)Nc3ccon3)ccc21,<rdkit.Chem.rdchem.Mol object at 0x000002279289E9D0>,30000.0,523.5170000000002,5.041720000000003,6,1,7,103.43,inactive,4.522878745280337
CHEMBL3960217,Cc1nsc(NS(=O)(=O)c2ccc3c(c2)OCCN3c2ccc(C(F)(F)F)cc2Cl)n1,<rdkit.Chem.rdchem.Mol object at 0x000002279289EA40>,10000.0,490.9160000000001,4.850020000000002,4,1,7,84.42,inactive,5.0
CHEMBL3959065,Nc1cc(-c2cc(C(F)(F)F)ccc2N2CCOc3cc(S(=O)(=O)Nc4ncns4)ccc32)ccn1,<rdkit.Chem.rdchem.Mol object at 0x000002279289EAB0>,634.0,534.5450000000001,4.532400000000002,5,2,9,123.33,active,6.1979107421182675
CHEMBL3913179,COCCOc1ccc(N2CCOc3cc(S(=O)(=O)Nc4ncns4)ccc32)cc1,<rdkit.Chem.rdchem.Mol object at 0x000002279289EB20>,10000.0,448.52600000000007,2.8946000000000005,8,1,9,102.88,inactive,5.0
CHEMBL3961669,O=S(=O)(Nc1nccs1)c1ccc2c(c1)OCCN2c1ccccc1Cl,<rdkit.Chem.rdchem.Mol object at 0x000002279289EB90>,10000.0,407.9040000000001,4.127800000000002,4,1,6,71.53,inactive,5.0
CHEMBL3985774,O=S(=O)(Nc1nccs1)c1ccc2c(c1)OCCN2c1ccc2nccnc2c1,<rdkit.Chem.rdchem.Mol object at 0x000002279289EC00>,4440.0,425.4950000000002,3.417600000000002,4,1,8,97.31,active,5.35261702988538
CHEMBL3912549,O=S(=O)(Nc1nccs1)c1ccc2c(c1)OCCN2c1ccc2scnc2c1,<rdkit.Chem.rdchem.Mol object at 0x000002279289EC70>,10000.0,430.5360000000002,4.084100000000003,4,1,8,84.42,inactive,5.0
CHEMBL3956199,Cc1ccc(F)cc1N1CCOc2cc(S(=O)(=O)Nc3nccs3)ccc21,<rdkit.Chem.rdchem.Mol object at 0x000002279289ECE0>,10000.0,405.47600000000006,3.9219200000000023,4,1,6,71.53,inactive,5.0
CHEMBL3904727,C[C@H]1CN(c2ccc(C(F)(F)F)cc2C#N)c2ccc(S(=O)(=O)Nc3nccs3)cc2O1,<rdkit.Chem.rdchem.Mol object at 0x000002279289ED50>,724.0,480.4930000000001,4.753380000000003,4,1,7,95.32,active,6.140261433802853
CHEMBL4115193,C[C@@H]1COc2cc(S(=O)(=O)Nc3nccs3)ccc2N1c1ccc(C(F)(F)F)cc1C#N,<rdkit.Chem.rdchem.Mol object at 0x000002279289EDC0>,851.0,480.49300000000017,4.753380000000004,4,1,7,95.32,active,6.070070439915412
CHEMBL3897290,C[C@H]1COc2cc(S(=O)(=O)Nc3nccs3)ccc2N1c1ccc(C(F)(F)F)cc1C#N,<rdkit.Chem.rdchem.Mol object at 0x000002279289EE30>,10000.0,480.49300000000017,4.753380000000004,4,1,7,95.32,inactive,5.0
CHEMBL3903688,COc1cc(C#N)ccc1N1C[C@H](C)Oc2cc(S(=O)(=O)Nc3nccs3)ccc21,<rdkit.Chem.rdchem.Mol object at 0x000002279289EEA0>,10000.0,442.5220000000001,3.7431800000000015,5,1,8,104.55,inactive,5.0
CHEMBL3912701,Cc1cc(F)cnc1N1CCOc2cc(S(=O)(=O)Nc3nccs3)ccc21,<rdkit.Chem.rdchem.Mol object at 0x000002279289EF10>,10000.0,406.46400000000006,3.316920000000001,4,1,7,84.42,inactive,5.0
CHEMBL3895556,COc1ccc(F)cc1N1CCOc2cc(S(=O)(=O)Nc3nccs3)ccc21,<rdkit.Chem.rdchem.Mol object at 0x000002279289EF80>,10000.0,421.4750000000001,3.6221000000000014,5,1,7,80.76,inactive,5.0
CHEMBL3915316,O=S(=O)(Nc1nccs1)c1ccc2c(c1)OCCN2c1ccccc1C(F)(F)F,<rdkit.Chem.rdchem.Mol object at 0x000002279289EFF0>,10000.0,441.4560000000001,4.4932000000000025,4,1,6,71.53,inactive,5.0
CHEMBL3939862,COc1cnccc1N1CCOc2cc(S(=O)(=O)Nc3nccs3)ccc21,<rdkit.Chem.rdchem.Mol object at 0x000002279289F060>,10000.0,404.473,2.878000000000001,5,1,8,93.65,inactive,5.0
CHEMBL3948715,O=S(=O)(Nc1nccs1)c1ccc2c(c1)OCCN2c1ccccc1,<rdkit.Chem.rdchem.Mol object at 0x000002279289F0D0>,10000.0,373.4590000000001,3.474400000000002,4,1,6,71.53,inactive,5.0
CHEMBL3937896,O=S(=O)(Nc1nccs1)c1ccc2c(c1)OCCN2c1cccc(C(F)(F)F)c1,<rdkit.Chem.rdchem.Mol object at 0x000002279289F140>,10000.0,441.4560000000001,4.4932000000000025,4,1,6,71.53,inactive,5.0
CHEMBL3933849,COc1ccc(C#N)c(N2CCOc3cc(S(=O)(=O)Nc4nccs4)ccc32)c1,<rdkit.Chem.rdchem.Mol object at 0x000002279289F1B0>,7590.0,428.49500000000006,3.354680000000002,5,1,8,104.55,inactive,5.11975822410452
CHEMBL3948159,O=S(=O)(Nc1nccs1)c1ccc2c(c1)OCCN2c1ccc(Cl)cc1OC(F)F,<rdkit.Chem.rdchem.Mol object at 0x000002279289F220>,1560.0,473.91000000000014,4.729200000000002,6,1,7,80.76,active,5.806875401645538
CHEMBL3944229,O=S(=O)(Nc1nccs1)c1ccc2c(c1)OCCN2c1ccc(C(F)(F)F)cc1CC(O)CO,<rdkit.Chem.rdchem.Mol object at 0x000002279289F290>,3110.0,515.5350000000003,3.3889000000000027,7,3,8,111.99,active,5.507239610973162
CHEMBL4068919,C[C@]1(C(=O)O)CC[C@@](C)(c2nc(-c3ccc(C(=O)Nc4cc(C(F)(F)F)ccn4)cc3)c3c(N)nccn23)C1,<rdkit.Chem.rdchem.Mol object at 0x000002279289F300>,30000.0,538.5300000000001,5.177100000000003,5,3,7,135.49999999999997,inactive,4.522878745280337
CHEMBL4074920,Cc1noc(-c2cccc(CN3CCN(C(=O)c4ccc(C[C@@H]5CC[C@H]([C@H](O)c6ccccc6)N5)cc4)CC3)n2)n1,<rdkit.Chem.rdchem.Mol object at 0x000002279289F370>,30000.0,552.6790000000001,3.7947200000000025,8,2,8,107.62,inactive,4.522878745280337
CHEMBL4087670,O=C(c1ccc(C[C@@H]2CC[C@H]([C@H](O)c3ccccc3)N2)cc1)N1CCN(Cc2ncn(CC(F)F)n2)CC1,<rdkit.Chem.rdchem.Mol object at 0x000002279289F3E0>,30000.0,524.6160000000002,2.8979000000000017,9,2,7,86.52,inactive,4.522878745280337
CHEMBL4066314,O=C(c1ccc(C[C@@H]2CC[C@H]([C@H](O)c3ccccc3)N2)cc1)N1CCN(Cc2ncn(CC(F)(F)F)n2)CC1,<rdkit.Chem.rdchem.Mol object at 0x000002279289F450>,30000.0,542.6060000000001,3.195100000000002,8,2,7,86.52,inactive,4.522878745280337
CHEMBL4076627,N[C@H]1CC[C@@H](CNc2cc(F)c(S(=O)(=O)Nc3ncns3)cc2Cl)CC1,<rdkit.Chem.rdchem.Mol object at 0x000002279289F4C0>,2600.0,419.9350000000002,3.0608000000000004,6,3,7,110.0,active,5.585026652029182
CHEMBL4097237,N[C@H]1CC[C@H](CNc2cc(F)c(S(=O)(=O)Nc3nccs3)cc2Cl)CC1,<rdkit.Chem.rdchem.Mol object at 0x000002279289F530>,30000.0,418.9470000000001,3.6658000000000017,6,3,6,97.11,inactive,4.522878745280337
CHEMBL4104224,COc1cc(-c2cc(F)cnc2OC)c(F)cc1-c1nccc2cc(S(=O)(=O)Nc3ccon3)ccc12,<rdkit.Chem.rdchem.Mol object at 0x000002279289F5A0>,10000.0,524.5050000000002,5.048000000000004,7,1,8,116.44,inactive,5.0
CHEMBL4080907,COc1cc(-c2cccc(Cl)c2)c(F)cc1-c1nccc2cc(S(=O)(=O)Nc3ccon3)ccc12,<rdkit.Chem.rdchem.Mol object at 0x000002279289F610>,10000.0,509.94600000000014,6.158700000000004,6,1,6,94.32,inactive,5.0
CHEMBL4068143,COc1cc(-c2cccc(F)c2)c(Cl)cc1-c1[nH]c(=O)cc2cc(S(=O)(=O)Nc3ccon3)ccc12,<rdkit.Chem.rdchem.Mol object at 0x000002279289F680>,820.0,525.9450000000002,5.452000000000003,6,2,6,114.29,active,6.086186147616283
CHEMBL4097970,COc1cc(-c2cccc(F)c2)c(Cl)cc1-c1nn(C)c(=O)c2cc(S(=O)(=O)Nc3ccon3)ccc12,<rdkit.Chem.rdchem.Mol object at 0x000002279289F6F0>,10000.0,540.9600000000002,4.857400000000003,6,1,8,116.32,inactive,5.0
CHEMBL4064700,Cc1nc(NS(=O)(=O)c2cc(Cl)c(NCC34CCCN3CCC4)cc2F)sc1F,<rdkit.Chem.rdchem.Mol object at 0x000002279289F760>,30000.0,462.9750000000003,4.224220000000003,6,2,6,74.33,inactive,4.522878745280337
CHEMBL4062780,CC1(C)CN2CCC[C@]2(CNc2cc(F)c(S(=O)(=O)Nc3nccs3)cc2Cl)C1,<rdkit.Chem.rdchem.Mol object at 0x000002279289F7D0>,30000.0,459.01200000000017,4.412800000000003,6,2,6,74.33000000000001,inactive,4.522878745280337
CHEMBL2324411,Cn1nccc1-c1cc(Cl)ccc1Oc1ccc(S(=O)(=O)Nc2ncns2)cc1F,<rdkit.Chem.rdchem.Mol object at 0x000002279289F840>,15060.0,465.9190000000001,4.324200000000002,6,1,8,99.0,inactive,4.822175028135319
CHEMBL2324391,Cn1nccc1-c1cc(Cl)ccc1Oc1cc(F)c(S(=O)(=O)Nc2ccncn2)cc1Cl,<rdkit.Chem.rdchem.Mol object at 0x000002279289F8B0>,10000.0,494.33500000000015,4.916100000000003,6,1,7,99.0,inactive,5.0
CHEMBL2325330,N#Cc1cc(S(=O)(=O)Nc2ncns2)ccc1Oc1ccc(Cl)cc1-c1cn[nH]c1,<rdkit.Chem.rdchem.Mol object at 0x000002279289F920>,17060.0,458.9120000000002,4.046380000000002,6,2,8,133.65,inactive,4.768020973168496
CHEMBL2325021,N#Cc1cc(S(=O)(=O)Nc2ncns2)ccc1Oc1ccc(C(F)(F)F)cc1-c1ccnnc1,<rdkit.Chem.rdchem.Mol object at 0x000002279289F990>,35118.0,504.4750000000002,4.478680000000002,6,1,9,130.75,inactive,4.454470225502176
CHEMBL4102233,O=S(=O)(Nc1nccs1)c1cc(Cl)c(NC[C@H]2CCCO[C@@H]2c2ccccc2)cc1F,<rdkit.Chem.rdchem.Mol object at 0x000002279289FA00>,77.0,482.0020000000002,5.316200000000003,7,2,6,80.32000000000001,active,7.113509274827518
CHEMBL4092683,O=C(Nc1cccc(C(F)(F)F)c1-c1ccncc1)c1cccc(-c2ncccc2C(F)(F)F)c1,<rdkit.Chem.rdchem.Mol object at 0x000002279289FA70>,13000.0,487.4030000000001,7.100500000000006,4,1,3,54.88,inactive,4.886056647693163
CHEMBL4064479,O=C(Nc1cccc(C(F)(F)F)c1-c1ncccc1F)c1cccc(-c2ncccc2C(F)(F)F)c1,<rdkit.Chem.rdchem.Mol object at 0x000002279289FAE0>,1200.0,505.3930000000001,7.239600000000005,4,1,3,54.88,active,5.920818753952375
CHEMBL4127331,CC(C)COc1ncc(-c2cc(F)c(-c3n[nH]c(S(=O)(=O)C4CCC4)n3)cc2F)cc1Cl,<rdkit.Chem.rdchem.Mol object at 0x000002279289FB50>,1800.0,482.94000000000017,4.826300000000004,7,1,6,97.83,active,5.7447274948966935
CHEMBL4128079,C[C@]12CCC(F)(F)C[C@H]1C[C@@H](N1CCC[C@@H](N)C1)[C@@H]2Oc1ccc(C#N)cc1,<rdkit.Chem.rdchem.Mol object at 0x000002279289FBC0>,27000.0,389.4900000000001,3.9427800000000026,3,1,4,62.28,inactive,4.568636235841013
CHEMBL4126435,CN(C)C(=O)/C=C1\CC[C@@]2(C)[C@@H](C1)C[C@@H](N1CCC[C@@H](N)C1)[C@@H]2Oc1ccc(C#N)cc1,<rdkit.Chem.rdchem.Mol object at 0x000002279289FC30>,100000.0,436.6000000000002,3.322080000000001,4,1,5,82.59,inactive,4.0
CHEMBL4215835,CC(CC(=O)O)c1cccc(-n2c(C(N)=O)cc3ccc(OC(F)(F)F)cc32)n1,<rdkit.Chem.rdchem.Mol object at 0x000002279289FCA0>,33000.0,407.348,3.6012000000000013,6,2,5,107.44,inactive,4.481486060122113
CHEMBL4279870,N#Cc1ccc(C(C(=O)NCc2ccccc2)N2CCN(C(=O)c3cc(F)cc(F)c3)CC2)cc1,<rdkit.Chem.rdchem.Mol object at 0x000002279289FD10>,6500.0,474.51100000000025,3.6519800000000022,6,1,4,76.44,inactive,5.187086643357144
CHEMBL4291730,N#Cc1ccc(C(C(=O)NCC2CC2)N2CC3CCC(C2)N3C(=O)c2cc(F)cc(F)c2)cc1,<rdkit.Chem.rdchem.Mol object at 0x000002279289FD80>,42000.0,464.5160000000001,3.392780000000002,6,1,4,76.44,inactive,4.376750709602099
CHEMBL4283876,N#Cc1ccc(C(C(=O)NCC2CC2)N2CC3CCC(C2)N3C(=O)c2cc(F)ccc2F)cc1,<rdkit.Chem.rdchem.Mol object at 0x000002279289FDF0>,42000.0,464.5160000000001,3.392780000000002,6,1,4,76.44,inactive,4.376750709602099
CHEMBL4435025,Cc1cn(C2CCCCC2)c2ccc(C(=O)NS(=O)(=O)C3CC3)cc12,<rdkit.Chem.rdchem.Mol object at 0x000002279289FE60>,13000.0,360.47900000000016,3.676920000000002,4,1,4,68.17,inactive,4.886056647693163
CHEMBL4464186,Cn1cc(C2(C)CCCCO2)c2ccc(C(=O)NS(=O)(=O)C3CC3)cc21,<rdkit.Chem.rdchem.Mol object at 0x000002279289FED0>,30000.0,376.4780000000002,2.8160000000000007,4,1,5,77.4,inactive,4.522878745280337
CHEMBL4472095,C[C@@H]1CC[C@@H](c2cn(C)c3cc(C(=O)NS(=O)(=O)C4CC4)ccc23)C1,<rdkit.Chem.rdchem.Mol object at 0x000002279289FF40>,30000.0,360.47900000000016,3.3039000000000023,4,1,4,68.17,inactive,4.522878745280337
CHEMBL4459790,CN(C)S(=O)(=O)NC(=O)c1ccc2c(-c3ccc(C(F)(F)F)cc3)cn(C)c2c1,<rdkit.Chem.rdchem.Mol object at 0x0000022792894040>,19000.0,425.4320000000001,3.4003000000000023,4,1,4,71.41,inactive,4.721246399047171
CHEMBL4555930,Cn1cc(-c2ccc(C(F)(F)F)cc2)c2ccc(C(=O)NS(=O)(=O)c3cccs3)cc21,<rdkit.Chem.rdchem.Mol object at 0x00000227928940B0>,3900.0,464.4900000000001,5.044300000000003,4,1,5,68.17,active,5.4089353929735005
CHEMBL4475017,CC(C)COc1ncc(-c2cn(C)c3cc(C(=O)NS(C)(=O)=O)c(F)cc23)cc1Cl,<rdkit.Chem.rdchem.Mol object at 0x0000022792894120>,7200.0,453.9230000000001,3.7570000000000014,6,1,6,90.29,inactive,5.142667503568732
CHEMBL4435148,CC(C)COc1ncc(-c2cn(C(C)C)c3cc(C(=O)NS(C)(=O)=O)ccc23)cc1Cl,<rdkit.Chem.rdchem.Mol object at 0x0000022792894190>,1700.0,463.9870000000001,4.661800000000004,7,1,6,90.29,active,5.769551078621726
CHEMBL4462738,CC(C)COc1ncc(Oc2nccc3cc(C(=O)NS(C)(=O)=O)ccc23)cc1Cl,<rdkit.Chem.rdchem.Mol object at 0x0000022792894200>,8700.0,449.91600000000017,3.7997000000000014,7,1,7,107.48,inactive,5.060480747381382
CHEMBL4467379,CC(C)COc1ncc(-c2ccc(C(=O)NS(C)(=O)=O)cc2C#N)cc1Cl,<rdkit.Chem.rdchem.Mol object at 0x0000022792894270>,24000.0,407.8790000000001,2.997880000000001,6,1,6,109.14999999999998,inactive,4.619788758288394
CHEMBL4448552,COc1cc(C(=O)NS(C)(=O)=O)ccc1-c1cnc(N2CCC[C@H]2C(C)C)c(Cl)c1,<rdkit.Chem.rdchem.Mol object at 0x00000227928942E0>,2500.0,451.9760000000002,3.7248000000000023,6,1,6,88.6,active,5.6020599913279625
CHEMBL4532519,COc1cc(C(=O)NS(C)(=O)=O)ccc1-c1cnc(Oc2cc(Cl)cc(Cl)c2)c(C(F)F)c1,<rdkit.Chem.rdchem.Mol object at 0x0000022792894350>,18800.0,517.3370000000002,5.483300000000003,7,1,6,94.59,inactive,4.72584215073632
CHEMBL4459021,COc1cc(C(=O)NS(C)(=O)=O)c(F)cc1-c1cnc(OCC2(C)CC2)c(Cl)c1,<rdkit.Chem.rdchem.Mol object at 0x00000227928943C0>,11000.0,442.8960000000003,3.418000000000002,7,1,6,94.59,inactive,4.958607314841775
CHEMBL4634421,O=S(=O)(Nc1nccs1)c1ccc2c(c1)OCC[C@@H]2c1ccc(C(F)(F)F)cc1-c1ccc(F)nc1,<rdkit.Chem.rdchem.Mol object at 0x0000022792894430>,154.0,535.5440000000002,6.078200000000003,5,1,6,81.18,active,6.812479279163537
CHEMBL4635396,O=S(=O)(Nc1ccncn1)c1ccc2c(c1)OCC[C@@H]2c1ccc(C(F)(F)F)cc1-c1ccc(F)cn1,<rdkit.Chem.rdchem.Mol object at 0x00000227928944A0>,2516.0,530.5030000000002,5.411700000000003,5,1,6,94.07,active,5.599289363226768
CHEMBL4636838,O=S(=O)(Nc1nccs1)c1ccc2c(c1)OCC[C@@H]2c1ccc(C(F)(F)F)cc1-c1ccc(F)cc1,<rdkit.Chem.rdchem.Mol object at 0x0000022792894510>,124.0,534.5560000000003,6.683200000000004,5,1,5,68.29,active,6.906578314837765
CHEMBL4852785,C[C@H](N)[C@@H]1CCN(c2c(F)cc3cc(C(=O)O)c(=O)n4c3c2OC[C@@H]4C)C1,<rdkit.Chem.rdchem.Mol object at 0x0000022792894580>,500000.0,375.4000000000002,1.9657000000000004,3,2,6,97.79,inactive,3.3010299956639813
CHEMBL4867251,O=S(=O)(Nc1ncns1)c1cc(F)c(O[C@H]2CCN(CC(F)(F)F)C[C@@H]2c2ccccc2)cc1F,<rdkit.Chem.rdchem.Mol object at 0x00000227928945F0>,7830.0,534.5320000000003,4.416300000000003,7,1,7,84.42,inactive,5.106238237942057
CHEMBL4877705,O=S(=O)(Nc1ncccn1)c1cc(F)c(O[C@H]2CCN(CC(F)(F)F)C[C@@H]2c2ccccc2)cc1F,<rdkit.Chem.rdchem.Mol object at 0x0000022792894660>,7140.0,528.5030000000003,4.3548000000000044,7,1,6,84.42,inactive,5.146301788223826
CHEMBL5082739,O=C(NS(=O)(=O)C1COC1)c1cc(C2CC2)c(OCC23CC4CC(CC(C4)C2)C3)cc1F,<rdkit.Chem.rdchem.Mol object at 0x00000227928946D0>,750.0,463.5710000000003,3.756700000000003,7,1,5,81.7,active,6.1249387366083
CHEMBL5191783,C[C@H]1C[C@@H](N2C(=O)C[C@@](C)(c3cccc(Nc4ccc(C5CC5)nc4)c3Cl)N=C2N)CCO1,<rdkit.Chem.rdchem.Mol object at 0x0000022792894740>,5000.0,468.0010000000004,4.685700000000003,5,2,6,92.84,inactive,5.301029995663981
CHEMBL5196079,CNCC[C@@](O)(c1cccc2ccccc12)[C@H](c1ccccc1)c1ccc(-c2ccc(Cl)cc2)nc1OC,<rdkit.Chem.rdchem.Mol object at 0x00000227928947B0>,10000.0,523.0760000000001,7.193000000000008,9,2,4,54.38,inactive,5.0
CHEMBL3971533,O=C(c1ccc2cc(Oc3ccc(C(F)(F)F)cn3)ccc2n1)N1CCN(CC(F)(F)F)CC1,<rdkit.Chem.rdchem.Mol object at 0x0000022792894820>,33000.0,484.4000000000002,4.761000000000004,4,0,5,58.56,inactive,4.481486060122113
CHEMBL3929432,O=C(N[C@H]1C[C@@H](O)C1)c1ccc2cc(Oc3ccc(C(F)(F)F)cn3)ccc2n1,<rdkit.Chem.rdchem.Mol object at 0x0000022792894890>,33000.0,403.36,3.6940000000000017,4,2,5,84.34,inactive,4.481486060122113
CHEMBL3939162,CS(=O)(=O)CCNC(=O)c1ccc2cc(Oc3ccc(C(F)(F)F)cn3)ccc2n1,<rdkit.Chem.rdchem.Mol object at 0x0000022792894900>,33000.0,439.4150000000001,3.215300000000001,6,1,6,98.25,inactive,4.481486060122113
CHEMBL3934019,O=C(c1ccc2cc(Oc3ccc(C(F)(F)F)cn3)ccc2n1)N1CC(F)(F)C1,<rdkit.Chem.rdchem.Mol object at 0x0000022792894970>,10200.0,409.3140000000001,4.532000000000003,3,0,4,55.32,inactive,4.991399828238082
CHEMBL5178575,FC(F)(F)c1c(Cl)ccc(-n2ccnn2)c1Cl,<rdkit.Chem.rdchem.Mol object at 0x00000227928949E0>,30000.0,282.052,3.592900000000001,1,0,3,30.71,inactive,4.522878745280337
CHEMBL4636881,CC(=O)Nc1c(F)cc(C(=O)N[C@H]2CC[C@H](O)CC2)cc1O[C@@H](C)c1ccccc1,<rdkit.Chem.rdchem.Mol object at 0x0000022792894A50>,100000.0,414.47700000000015,3.9574000000000034,6,3,4,87.66000000000001,inactive,4.0
CHEMBL4549658,C[C@H]1CCN1c1nc(N2C[C@@H]3[C@@H](CC(=O)O)[C@@H]3C2)cc(C(F)(F)F)n1,<rdkit.Chem.rdchem.Mol object at 0x0000022792894AC0>,30000.0,356.348,2.250900000000001,4,1,5,69.56,inactive,4.522878745280337
CHEMBL5396961,C[C@@]1(N2CCC(c3cc4cc(NC(=O)C5CC56CC6)ncc4cc3Cl)CC2)COC[C@@H]1O,<rdkit.Chem.rdchem.Mol object at 0x0000022792894B30>,28000.0,455.98600000000016,3.956000000000004,4,2,5,74.69000000000001,inactive,4.552841968657781
CHEMBL2093896,CSc1ccc([C@H]2N=C(OCc3ccc(NS(C)(=O)=O)cc3)N(C)Cc3ccccc32)cc1,<rdkit.Chem.rdchem.Mol object at 0x0000022792894BA0>,30000.0,481.6430000000002,4.887600000000004,6,1,6,70.99999999999999,inactive,4.522878745280337
CHEMBL1788304,CN1Cc2ccccc2[C@H](c2ccc(F)cc2F)N=C1CCc1ccc(NS(C)(=O)=O)cc1,<rdkit.Chem.rdchem.Mol object at 0x0000022792894C10>,100000.0,469.5570000000002,4.902400000000005,6,1,4,61.77,inactive,4.0
CHEMBL110352,N=C(NCCCCc1ccccc1)NC(=O)c1c(Cl)cccc1Cl,<rdkit.Chem.rdchem.Mol object at 0x0000022792894C80>,5400.0,364.27600000000007,4.270470000000003,6,3,2,64.98,inactive,5.267606240177032
CHEMBL106351,Cc1ccc(C(=O)N=C(N)Nc2ccc(OC(C)C)cc2)cc1,<rdkit.Chem.rdchem.Mol object at 0x0000022792894CF0>,5750.0,311.38500000000005,3.3492200000000025,4,2,2,76.71000000000001,inactive,5.2403321553103694
CHEMBL320314,COc1cccc2[nH]cc(CCN=C(N)NC(=O)c3ccc(C)cc3)c12,<rdkit.Chem.rdchem.Mol object at 0x0000022792894D60>,3920.0,350.4220000000001,2.772120000000001,5,3,3,92.5,active,5.406713932979542
CHEMBL106356,Cc1ccc(C(=O)N=C(N)NCCOc2ccccc2)cc1,<rdkit.Chem.rdchem.Mol object at 0x0000022792894DD0>,14200.0,297.358,2.11852,5,2,2,76.71000000000001,inactive,4.847711655616943
CHEMBL486495,CC(C)(C)c1ccc(-c2ccc(C(=O)N3CCN(C4CCCCC4)CC3)o2)cc1,<rdkit.Chem.rdchem.Mol object at 0x0000022792894E40>,100.0,394.5590000000003,5.334600000000006,3,0,3,36.690000000000005,active,7.0
CHEMBL523565,O=C(N[C@H]1C[C@@H]1c1ccccc1)N1CCC2(CC1)CC(O)c1ncccc1O2,<rdkit.Chem.rdchem.Mol object at 0x0000022792894EB0>,10000.0,379.46,2.9978000000000016,2,2,4,74.69000000000001,inactive,5.0
CHEMBL522211,O=C(N[C@H]1C[C@@H]1c1ccccc1)N1CCC2(CCc3ncccc3O2)CC1,<rdkit.Chem.rdchem.Mol object at 0x0000022792894F20>,10000.0,363.46100000000007,3.5069000000000026,2,1,3,54.46000000000001,inactive,5.0
CHEMBL556487,O=C(NC1CC1c1ccccc1)N1CCC(c2nc(-c3ccncc3)no2)CC1,<rdkit.Chem.rdchem.Mol object at 0x0000022792894F90>,10000.0,389.4590000000001,3.5767000000000024,4,1,5,84.15,inactive,5.0
CHEMBL552338,O=C(c1ccccc1C(F)(F)F)N(CC1CCC1)[C@H]1CCNC1,<rdkit.Chem.rdchem.Mol object at 0x0000022792895000>,26000.0,326.362,3.309600000000001,4,1,2,32.34,inactive,4.585026652029182
CHEMBL1078755,N#CCCC1(c2ccccc2)CCCN(C(=O)Nc2ccc(Cl)cc2)C1,<rdkit.Chem.rdchem.Mol object at 0x0000022792895070>,10000.0,367.88,5.2094800000000046,4,1,2,56.13,inactive,5.0
CHEMBL1078336,O=C(O)CCC1(c2ccncc2)CCCN(C(=O)Nc2ccc(Cl)cc2)C1,<rdkit.Chem.rdchem.Mol object at 0x00000227928950E0>,10000.0,387.8670000000001,4.165500000000003,5,2,3,82.53,inactive,5.0
CHEMBL1270208,O=C(NCc1cccnc1OCC(F)(F)F)c1cncc(-c2ccc(Cl)cc2)c1,<rdkit.Chem.rdchem.Mol object at 0x0000022792895150>,4700.0,421.806,4.668100000000004,6,1,4,64.11,active,5.327902142064283
CHEMBL1797407,Cc1cccc(C)c1-c1noc(C)c1NC(=O)NCc1ccc(-n2cccn2)cc1,<rdkit.Chem.rdchem.Mol object at 0x00000227928951C0>,33113.11,401.47000000000014,4.774260000000004,5,2,5,84.98,inactive,4.480000028175458
CHEMBL1797403,Cc1onc(-c2ccccc2Cl)c1N(C)C(=O)NCc1ccc(OC2CCOCC2)nc1,<rdkit.Chem.rdchem.Mol object at 0x0000022792895230>,33113.11,456.9300000000003,4.602220000000003,6,1,6,89.72000000000001,inactive,4.480000028175458
CHEMBL1797396,COCc1onc(-c2c(Cl)cccc2Cl)c1NC(=O)OCc1ccccc1Cl,<rdkit.Chem.rdchem.Mol object at 0x00000227928952A0>,28183.83,441.6980000000002,6.196900000000003,6,1,5,73.59000000000002,inactive,4.549999989408299
CHEMBL1813042,CC(=O)Nc1cccc(Nc2ncnc(N3CCC(OCc4ccc(C(F)(F)F)cc4)CC3)n2)c1C,<rdkit.Chem.rdchem.Mol object at 0x0000022792895310>,6800.0,500.5250000000002,5.086420000000004,7,2,7,92.27,inactive,5.167491087293763
CHEMBL1313991,CC(C)(C)c1ccc(CSc2nc(=O)cc(N)[nH]2)cc1,<rdkit.Chem.rdchem.Mol object at 0x0000022792895380>,300.0,289.404,2.9419000000000004,3,2,4,71.77000000000001,active,6.522878745280337
CHEMBL2012027,Nc1ccnc(Nc2ccc(Oc3ccccc3Cl)cc2)n1,<rdkit.Chem.rdchem.Mol object at 0x00000227928953F0>,360.0,312.76000000000005,4.248100000000002,4,2,5,73.06,active,6.443697499232712
CHEMBL2012028,Nc1ccnc(Nc2ccc(Oc3ccc(F)cc3)cc2)n1,<rdkit.Chem.rdchem.Mol object at 0x0000022792895460>,780.0,296.305,3.733800000000001,4,2,5,73.06,active,6.107905397309519
CHEMBL2012029,Cc1ccc(Oc2ccc(Nc3nccc(N)n3)cc2)cc1,<rdkit.Chem.rdchem.Mol object at 0x00000227928954D0>,590.0,292.34200000000004,3.90312,4,2,5,73.06,active,6.229147988357855
CHEMBL2012249,CC1(C)CN(Cc2ccccc2)c2ncnc(OC3CCN(Cc4cscn4)CC3)c21,<rdkit.Chem.rdchem.Mol object at 0x0000022792895540>,250.0,435.59700000000026,4.274300000000004,6,0,7,54.38,active,6.6020599913279625
CHEMBL2012259,Fc1ccccc1Cn1ccc2c(OC3CCN(Cc4cscn4)CC3)ncnc21,<rdkit.Chem.rdchem.Mol object at 0x00000227928955B0>,20.0,423.51700000000017,4.1186000000000025,6,0,7,56.07,active,7.698970004336019
CHEMBL2012294,Fc1cccc(CN2CCC(Oc3ncnc4c3ccn4Cc3ccccc3)CC2)n1,<rdkit.Chem.rdchem.Mol object at 0x0000022792895620>,550.0,417.48800000000017,4.057100000000003,6,0,6,56.07,active,6.259637310505756
CHEMBL2069415,Cc1cc(-c2cccc3c2C[C@H](NC(=O)c2ccc(OCCOCC(F)(F)F)nc2)CO3)cnc1CO,<rdkit.Chem.rdchem.Mol object at 0x0000022792895690>,5011.87,517.5040000000004,3.635520000000001,9,2,7,102.8,inactive,5.300000202445418
CHEMBL2147218,Cc1ncc(-c2ccccc2CCNC(=O)c2cnc(OCCOCC(F)(F)F)c(C)c2)cn1,<rdkit.Chem.rdchem.Mol object at 0x0000022792895700>,31622.78,474.4830000000002,4.085640000000003,10,1,6,86.23,inactive,4.499999953328896
CHEMBL2147220,Cc1ncc(-c2ccccc2CCNC(=O)c2ccc(CNCCC(F)(F)F)nc2)cn1,<rdkit.Chem.rdchem.Mol object at 0x0000022792895770>,31622.78,443.4730000000001,3.8615200000000014,9,2,5,79.8,inactive,4.499999953328896
CHEMBL2147222,COc1ncc(-c2cccc(F)c2CCNC(=O)c2ccc(OCCC(F)(F)F)nc2)cn1,<rdkit.Chem.rdchem.Mol object at 0x00000227928957E0>,3162.28,464.4190000000001,3.990000000000003,9,1,6,86.23,active,5.499999678657065
CHEMBL2147226,COc1ncc(-c2cccc(C#N)c2CCNC(=O)c2ccc(OCCC(F)(F)F)nc2)cn1,<rdkit.Chem.rdchem.Mol object at 0x0000022792895850>,31622.78,471.43900000000014,3.7225800000000016,9,1,7,110.02,inactive,4.499999953328896
CHEMBL2147317,COc1cnc(-c2cccc(F)c2C(F)(F)CNC(=O)c2ccc(COCC(F)(F)F)nc2)cn1,<rdkit.Chem.rdchem.Mol object at 0x00000227928958C0>,10000.0,500.39900000000017,4.287000000000004,9,1,6,86.23,inactive,5.0
CHEMBL2164045,O=C(NCc1ccc(OC(F)(F)F)cc1)c1c2cccc(O)c2c(O)n1CCc1ncc(F)cn1,<rdkit.Chem.rdchem.Mol object at 0x0000022792895930>,10000.0,490.4130000000002,4.052900000000003,7,3,7,109.5,inactive,5.0
CHEMBL2164044,O=C(NCc1ccc(F)c(C(F)(F)F)c1)c1c2ccccc2c(O)n1CCc1ncc(F)cn1,<rdkit.Chem.rdchem.Mol object at 0x00000227928959A0>,25000.0,476.40500000000014,4.606600000000003,6,2,5,80.04,inactive,4.6020599913279625
CHEMBL2164037,COc1cccc2c(O)n(CCc3ccccn3)c(C(=O)NCc3ccc(OC(F)(F)F)cc3)c12,<rdkit.Chem.rdchem.Mol object at 0x0000022792895A10>,16000.0,485.46200000000016,4.821800000000005,8,2,6,85.61,inactive,4.795880017344075
CHEMBL2164364,O=C(NCc1ccc(OC(F)(F)F)cc1)c1c2ccccc2c(O)n1CCc1ncccn1,<rdkit.Chem.rdchem.Mol object at 0x0000022792895A80>,8300.0,456.42400000000015,4.208200000000003,7,2,6,89.27,inactive,5.080921907623926
CHEMBL2164362,CC(C)(Cn1c(O)c2ccccc2c1C(=O)NCc1ccc(OC(F)(F)F)cc1)c1ccccn1,<rdkit.Chem.rdchem.Mol object at 0x0000022792895AF0>,25000.0,483.4900000000001,5.548300000000005,7,2,5,76.38000000000001,inactive,4.6020599913279625
CHEMBL2164382,O=C(NCc1ccc(OC(F)(F)F)cc1)c1c2ccccc2c(O)n1CCc1cccnc1,<rdkit.Chem.rdchem.Mol object at 0x0000022792895B60>,2600.0,455.43600000000015,4.813200000000004,7,2,5,76.38,active,5.585026652029182
CHEMBL2164379,O=C(NCc1ccc(OC(F)(F)F)cc1)c1c2ccccc2c(O)n1CCOCC(F)(F)F,<rdkit.Chem.rdchem.Mol object at 0x0000022792895BD0>,33000.0,476.37300000000016,4.754400000000003,8,2,5,72.72,inactive,4.481486060122113
CHEMBL2164376,O=C(NCc1ccc(OC(F)(F)F)cc1)c1c2ccccc2c(O)n1C1CC(F)(F)C1,<rdkit.Chem.rdchem.Mol object at 0x0000022792895C40>,12000.0,440.3680000000001,5.145700000000003,5,2,4,63.49,inactive,4.920818753952375
CHEMBL2164375,CC(C)(C)OC(=O)N1CC(n2c(O)c3ccccc3c2C(=O)NCc2ccc(OC(F)(F)F)cc2)C1,<rdkit.Chem.rdchem.Mol object at 0x0000022792895CB0>,4400.0,505.4930000000003,4.967300000000004,5,2,6,93.03000000000002,active,5.356547323513812
CHEMBL520431,CCOc1cc2ncc(C(N)=O)c(Nc3ccc(F)cc3F)c2cc1N1CCCN(C)CC1,<rdkit.Chem.rdchem.Mol object at 0x0000022792895D20>,30000.0,455.5090000000003,3.8961000000000015,6,2,6,83.72,inactive,4.522878745280337
CHEMBL2409310,CCOc1cc2ncc(C(N)=O)c(Nc3cccc(Cl)c3Cl)c2cc1C1CCN(C)CC1,<rdkit.Chem.rdchem.Mol object at 0x0000022792895D90>,30000.0,473.40400000000034,5.592000000000005,6,2,5,80.48,inactive,4.522878745280337
CHEMBL3322672,N#Cc1ccc(C(=O)N2CCC3(CC2)Nc2ccc(Cl)cc2-n2cccc23)cc1,<rdkit.Chem.rdchem.Mol object at 0x0000022792895E00>,8144.0,402.8850000000001,4.559380000000003,1,1,4,61.06,inactive,5.089162235007317
CHEMBL3322763,COc1ccc2c(c1)NC1(CCN(Cc3ccc(C#N)cc3)CC1)c1cccn1-2,<rdkit.Chem.rdchem.Mol object at 0x0000022792895E70>,4577.0,384.48300000000006,4.274380000000003,3,1,5,53.22,active,5.339419087572701
CHEMBL3311308,COc1ccc(S(=O)(=O)Nc2c(C)cc(C)cc2C)cc1,<rdkit.Chem.rdchem.Mol object at 0x0000022792895EE0>,100000.0,305.39900000000006,3.421260000000002,4,1,3,55.400000000000006,inactive,4.0
CHEMBL3314362,Cc1cc2c(cc1CN(C)C)CCN(C(=O)c1cc3cc(Cl)ccc3n1C)C2,<rdkit.Chem.rdchem.Mol object at 0x0000022792895F50>,33000.0,395.93400000000014,4.400220000000004,3,0,3,28.48,inactive,4.481486060122113
CHEMBL3325522,O=S(=O)(Nc1ncns1)c1cc(F)c(OC[C@@H]2CNCC[C@H]2c2ccccc2)cc1F,<rdkit.Chem.rdchem.Mol object at 0x0000022792895FC0>,10000.0,466.5350000000002,3.3892000000000024,7,2,7,93.21,inactive,5.0
CHEMBL3325532,O=S(=O)(Nc1ncns1)c1cc(F)c(OC[C@@H]2CCNC[C@H]2c2ccc(F)cc2)cc1F,<rdkit.Chem.rdchem.Mol object at 0x0000022792896030>,5900.0,484.5250000000002,3.5283000000000024,7,2,7,93.21,inactive,5.229147988357856
CHEMBL3325540,O=S(=O)(Nc1ncns1)c1cc(F)c(OC[C@@H]2CN(CC(F)(F)F)CC[C@H]2c2ccc(Cl)cc2)cc1F,<rdkit.Chem.rdchem.Mol object at 0x00000227928960A0>,2600.0,583.0040000000002,5.317300000000004,8,1,7,84.42,active,5.585026652029182
CHEMBL3325549,O=S(=O)(Nc1ncccn1)c1cc(F)c(OC[C@@H]2CNCC[C@H]2c2ccc(Cl)cc2)cc1F,<rdkit.Chem.rdchem.Mol object at 0x0000022792896110>,10000.0,494.95100000000025,3.981100000000003,7,2,6,93.21,inactive,5.0
CHEMBL3337587,COc1cc2c(cc1F)-n1cccc1C1(CCN(C(=O)c3ccc(OC)c(N(C)C)c3)CC1)N2,<rdkit.Chem.rdchem.Mol object at 0x0000022792896180>,358.0,464.5410000000002,4.256600000000002,4,1,6,58.970000000000006,active,6.446116973356125
CHEMBL3337596,CCCCc1nc2cc(C(=O)N3CCC4(CC3)Nc3cc(OC)ccc3-n3cccc34)ccc2o1,<rdkit.Chem.rdchem.Mol object at 0x00000227928961F0>,1186.0,470.57300000000015,5.526700000000005,5,1,6,72.53,active,5.925915310971756
CHEMBL17157,CC(C)(C)c1ccc(C(O)CCCN2CCC(C(O)(c3ccccc3)c3ccccc3)CC2)cc1,<rdkit.Chem.rdchem.Mol object at 0x0000022792896260>,971.0,471.6850000000001,6.445800000000008,8,2,3,43.7,active,6.012780770091995
CHEMBL3634325,O=C(c1ccccc1)c1ccccc1OCC(O)CN1CCN(c2cccc3[nH]c(=O)oc23)CC1,<rdkit.Chem.rdchem.Mol object at 0x00000227928962D0>,33000.0,473.5290000000003,2.9140000000000006,8,2,7,99.01,inactive,4.481486060122113
CHEMBL3634333,O=C1c2ccccc2CN1C1CCN(CC(O)COc2ccccc2)CC1,<rdkit.Chem.rdchem.Mol object at 0x0000022792896340>,38000.0,366.46100000000007,2.5467000000000004,6,1,4,53.010000000000005,inactive,4.42021640338319
CHEMBL3632692,O=C1c2ccccc2CN1C1CCN(CC(O)COc2ccc(C(F)(F)F)cc2)CC1,<rdkit.Chem.rdchem.Mol object at 0x00000227928963B0>,2800.0,434.4580000000001,3.565500000000003,6,1,4,53.010000000000005,active,5.552841968657781
CHEMBL3704454,Cn1cc(-c2ccc(C(F)(F)F)cc2C2=CCNCC2)c2ccc(S(=O)(=O)Nc3nccs3)cc21,<rdkit.Chem.rdchem.Mol object at 0x0000022792896420>,10000.0,518.5860000000001,5.498100000000004,5,2,6,76.02000000000001,inactive,5.0
CHEMBL3704419,CC(=O)n1cc(-c2ccc(C(F)(F)F)cc2-c2ccnn2C)c2ccc(S(=O)(=O)Nc3ncns3)nc21,<rdkit.Chem.rdchem.Mol object at 0x0000022792896490>,10000.0,547.544,4.435000000000003,5,1,10,124.66,inactive,5.0
CHEMBL3662229,O=C(NS(=O)(=O)C1CC1)c1cc(C2CC2)c(OCC2(C(F)(F)F)CCCCC2)cc1F,<rdkit.Chem.rdchem.Mol object at 0x0000022792896500>,160.0,463.4930000000002,4.816700000000004,7,1,4,72.47,active,6.795880017344075
CHEMBL3704405,Cn1cc(-c2cc(F)ccc2F)c2ccc(S(=O)(=O)Nc3ncns3)cc21,<rdkit.Chem.rdchem.Mol object at 0x0000022792896570>,10000.0,406.4390000000001,3.775800000000002,4,1,6,76.88,inactive,5.0
CHEMBL3683234,O=S(=O)(Nc1ncns1)N1CCc2c(cccc2-c2cccc3[nH]ncc23)C1,<rdkit.Chem.rdchem.Mol object at 0x00000227928965E0>,10000.0,412.5000000000001,2.796400000000001,4,2,6,103.87,inactive,5.0
CHEMBL3683216,COc1ccc(OC)c(-c2cccc3c2CCN(S(=O)(=O)Nc2ncns2)C3)c1,<rdkit.Chem.rdchem.Mol object at 0x0000022792896650>,10000.0,432.5270000000001,2.9373000000000005,6,1,7,93.65,inactive,5.0
CHEMBL3683230,COc1cc(C2CC2)ccc1-c1nccc2c1CCN(S(=O)(=O)Nc1ncns1)C2,<rdkit.Chem.rdchem.Mol object at 0x00000227928966C0>,10000.0,443.5540000000001,3.201100000000001,6,1,7,97.31,inactive,5.0
CHEMBL3657950,CS(=O)(=O)NC(=O)c1cc(C2CC2)c(OCC2CCC(F)(F)CC2)cc1F,<rdkit.Chem.rdchem.Mol object at 0x0000022792896730>,5230.0,405.43800000000016,3.5968000000000027,6,1,4,72.47,inactive,5.281498311132726
CHEMBL3704406,Cn1nccc1-c1cc(C(F)(F)F)ccc1-c1cn(C)c2cc(S(=O)(=O)Nc3nccs3)ccc12,<rdkit.Chem.rdchem.Mol object at 0x00000227928967A0>,10000.0,517.5580000000001,5.521900000000003,5,1,7,81.81,inactive,5.0
CHEMBL3704436,Cc1cnc(N)c(-c2cn(C)c3cc(S(=O)(=O)Nc4ncns4)ccc23)c1,<rdkit.Chem.rdchem.Mol object at 0x0000022792896810>,10000.0,400.489,2.78322,4,2,8,115.79,inactive,5.0
CHEMBL3704453,Cn1nccc1-c1cc(C(F)(F)F)ccc1-n1cnc2cc(S(=O)(=O)Nc3ncns3)ccc21,<rdkit.Chem.rdchem.Mol object at 0x0000022792896880>,10000.0,505.5070000000001,4.097100000000002,5,1,9,107.59,inactive,5.0
CHEMBL2409208,CC(=O)n1cc(-c2ccc(C(F)(F)F)cc2-c2ccnn2C)c2ccc(S(=O)(=O)Nc3ncns3)cc21,<rdkit.Chem.rdchem.Mol object at 0x00000227928968F0>,10000.0,546.556,5.040000000000004,5,1,9,111.77,inactive,5.0
CHEMBL3704447,Cn1cc(-c2ccc(C(F)(F)F)cc2)c2ccc(S(=O)(=O)Nc3ncns3)cc21,<rdkit.Chem.rdchem.Mol object at 0x0000022792896960>,10000.0,438.4560000000001,4.516400000000003,4,1,6,76.88,inactive,5.0
CHEMBL3683217,COc1cccc(OC)c1-c1cccc2c1CCN(S(=O)(=O)Nc1ncns1)C2,<rdkit.Chem.rdchem.Mol object at 0x00000227928969D0>,10000.0,432.5270000000001,2.9373000000000005,6,1,7,93.65,inactive,5.0
CHEMBL3704420,COc1cc(F)ccc1-c1cn(C)c2cc(S(=O)(=O)Nc3ncns3)ccc12,<rdkit.Chem.rdchem.Mol object at 0x0000022792896A40>,10000.0,418.4750000000001,3.6453000000000015,5,1,7,86.11,inactive,5.0
CHEMBL3658000,O=C(NS(=O)(=O)N1CCC1)c1cc(C2CC2)c(OCC23CC4(F)CC(F)(CC(F)(C4)C2)C3)cc1F,<rdkit.Chem.rdchem.Mol object at 0x0000022792896AB0>,950.0,516.5570000000004,4.254900000000004,7,1,4,75.71000000000001,active,6.022276394711152
CHEMBL3683200,O=S(=O)(Nc1ncns1)N1CCc2c(cccc2-c2ccc(Cl)cc2F)C1,<rdkit.Chem.rdchem.Mol object at 0x0000022792896B20>,10000.0,424.9100000000001,3.712600000000003,4,1,5,75.19,inactive,5.0
CHEMBL3683244,COc1cc(-c2ccc(F)c(F)c2)ccc1-c1cccc2c1CCN(S(=O)(=O)Nc1nncs1)C2,<rdkit.Chem.rdchem.Mol object at 0x0000022792896B90>,10000.0,514.5790000000002,4.873900000000004,6,1,6,84.42,inactive,5.0
CHEMBL3683255,Cc1cncn1-c1cc(C(F)(F)F)ccc1-c1cccc2c1CCN(S(=O)(=O)Nc1ncc(F)s1)C2,<rdkit.Chem.rdchem.Mol object at 0x0000022792896C00>,10000.0,537.5640000000001,5.177120000000004,5,1,6,80.12,inactive,5.0
CHEMBL3683219,COc1cc(F)ccc1-c1cccc2c1CCN(S(=O)(=O)Nc1ncns1)C2,<rdkit.Chem.rdchem.Mol object at 0x0000022792896C70>,10000.0,420.4910000000001,3.067800000000001,5,1,6,84.42,inactive,5.0
CHEMBL3683252,CN1CC=C(c2ccc(C(F)(F)F)cc2-c2cccc3c2CCN(S(=O)(=O)Nc2ncc(F)s2)C3)CC1,<rdkit.Chem.rdchem.Mol object at 0x0000022792896CE0>,10000.0,552.619,5.401900000000005,5,1,5,65.54,inactive,5.0
CHEMBL3704433,Cc1noc(C)c1-c1cn(C)c2cc(S(=O)(=O)Nc3ncns3)ccc12,<rdkit.Chem.rdchem.Mol object at 0x0000022792896D50>,10000.0,389.4620000000001,3.1024400000000014,4,1,8,102.91,inactive,5.0
CHEMBL3683198,O=S(=O)(Nc1ncns1)N1CCc2c(cccc2-c2ccc(C(F)(F)F)cc2Cl)C1,<rdkit.Chem.rdchem.Mol object at 0x0000022792896DC0>,10000.0,474.91700000000014,4.5923000000000025,4,1,5,75.19,inactive,5.0
CHEMBL3764774,O=C(Cn1cnc2ccccc2c1=O)Nc1ccc(C[C@@H]2CC[C@H]([C@H](O)c3ccccc3)N2)cc1,<rdkit.Chem.rdchem.Mol object at 0x0000022792896E30>,30000.0,468.5570000000002,3.431900000000001,7,3,6,96.25,inactive,4.522878745280337
CHEMBL3764950,O=C(Cn1cnccc1=O)Nc1ccc(C[C@@H]2CC[C@H]([C@H](O)c3ccccc3)N2)cc1,<rdkit.Chem.rdchem.Mol object at 0x0000022792896EA0>,30000.0,418.497,2.2787000000000006,7,3,6,96.25,inactive,4.522878745280337
CHEMBL3798393,NC(=O)CN1CCN(c2cccc3c2cnn3-c2ccccc2F)C1=O,<rdkit.Chem.rdchem.Mol object at 0x0000022792896F10>,19000.0,353.3570000000001,1.8919,4,1,4,84.46000000000001,inactive,4.721246399047171
CHEMBL3798320,CC(C)(O)CC(=O)N1CC2C(=O)N(c3cccc4c3cnn4-c3ccccc3F)C[C@@H]2C1,<rdkit.Chem.rdchem.Mol object at 0x0000022792896F80>,33000.0,436.48700000000014,2.746800000000001,4,1,5,78.67,inactive,4.481486060122113
CHEMBL3805973,O=c1[nH]c2ccc(-c3cc(Cl)ccc3Oc3cc(F)c(S(=O)(=O)Nc4ncns4)cc3F)cc2[nH]1,<rdkit.Chem.rdchem.Mol object at 0x0000022792896FF0>,10000.0,535.9410000000001,4.899400000000001,6,3,7,129.83,inactive,5.0
CHEMBL3688197,N#Cc1cc(S(=O)(=O)Nc2ccc(F)cn2)ccc1Oc1ccc(CO)c(Cl)c1,<rdkit.Chem.rdchem.Mol object at 0x0000022792897060>,30000.0,433.8480000000002,3.8311800000000016,6,2,6,112.31,inactive,4.522878745280337
CHEMBL3924161,O=S(=O)(Nc1ccc(C(F)(F)F)nc1)c1ccccc1C(F)(F)F,<rdkit.Chem.rdchem.Mol object at 0x00000227928970D0>,100000.0,370.274,3.920000000000001,3,1,3,59.06,inactive,4.0
CHEMBL2325007,N#Cc1cc(S(=O)(=O)Nc2ncns2)ccc1Oc1ccc(C(F)(F)F)cc1-c1cn[nH]c1,<rdkit.Chem.rdchem.Mol object at 0x0000022792897140>,30000.0,492.46400000000017,4.411780000000002,6,2,8,133.65,inactive,4.522878745280337
CHEMBL3677850,O=S(=O)(Nc1ncns1)c1ccc2c(-c3ccc(C(F)(F)F)cc3-c3ccncc3)cccc2c1,<rdkit.Chem.rdchem.Mol object at 0x00000227928971B0>,30000.0,512.5380000000001,6.239900000000004,5,1,6,84.84,inactive,4.522878745280337
CHEMBL3677852,O=S(=O)(Nc1ncns1)c1ccc2c(-c3ccc(OC(F)(F)F)cc3Cl)cccc2c1,<rdkit.Chem.rdchem.Mol object at 0x0000022792897220>,10900.0,485.8960000000001,5.711100000000002,5,1,6,81.18,inactive,4.962573502059376
CHEMBL3682626,CC1(c2ccccc2)CN(c2cccc3cc(S(=O)(=O)Nc4ncns4)ccc23)CCO1,<rdkit.Chem.rdchem.Mol object at 0x0000022792897290>,1290.0,466.5880000000002,4.244100000000003,5,1,7,84.42,active,5.889410289700751
CHEMBL3682645,O=S(=O)(Nc1ncns1)c1ccc2c(-c3ccc(Cl)cc3)cccc2c1,<rdkit.Chem.rdchem.Mol object at 0x0000022792897300>,5960.0,401.9,4.812500000000003,4,1,5,71.95,inactive,5.2247537402597635
CHEMBL3682767,COc1cc(C)ccc1-c1nccc2cc(S(=O)(=O)Nc3nccs3)ccc12,<rdkit.Chem.rdchem.Mol object at 0x0000022792897370>,30000.0,411.5080000000001,4.4761200000000025,5,1,6,81.17999999999999,inactive,4.522878745280337
CHEMBL3687548,COc1cc(F)ccc1-c1ncnc2cc(S(=O)(=O)Nc3nccs3)ccc12,<rdkit.Chem.rdchem.Mol object at 0x00000227928973E0>,30000.0,416.4590000000001,3.701800000000002,5,1,7,94.07,inactive,4.522878745280337
CHEMBL3687596,COc1ccc(-c2cccc(F)c2)cc1-c1ccnc2cc(S(=O)(=O)Nc3ccncn3)ccc12,<rdkit.Chem.rdchem.Mol object at 0x0000022792897450>,30000.0,486.5280000000001,5.307300000000004,6,1,6,94.07,inactive,4.522878745280337
CHEMBL3687599,COc1ccccc1-c1c(C#N)cnc2cc(S(=O)(=O)Nc3nccs3)ccc12,<rdkit.Chem.rdchem.Mol object at 0x00000227928974C0>,30000.0,422.4910000000001,4.039380000000002,5,1,7,104.97,inactive,4.522878745280337
CHEMBL3687601,COc1cc(C(F)(F)F)ccc1-c1ccnc2cc(S(=O)(=O)Nc3nccs3)c(C)cc12,<rdkit.Chem.rdchem.Mol object at 0x0000022792897530>,2500.0,479.5050000000002,5.494920000000003,5,1,6,81.17999999999999,active,5.6020599913279625
CHEMBL3687615,COc1cc(-c2cccc(F)c2)c(C#N)cc1-c1nccc2cc(S(=O)(=O)Nc3ccon3)ccc12,<rdkit.Chem.rdchem.Mol object at 0x00000227928975A0>,30000.0,500.51100000000014,5.376980000000003,6,1,7,118.11,inactive,4.522878745280337
CHEMBL3687620,COc1ccc(-c2cccc(F)c2)cc1-c1nccc2cc(S(=O)(=O)Nc3ncns3)ccc12,<rdkit.Chem.rdchem.Mol object at 0x0000022792897610>,30000.0,492.5570000000001,5.368800000000004,6,1,7,94.07,inactive,4.522878745280337
CHEMBL3687634,COc1cc(-c2cc(F)cc(F)c2)c(F)cc1-c1nccc2cc(S(=O)(=O)Nc3nncs3)ccc12,<rdkit.Chem.rdchem.Mol object at 0x0000022792897680>,30000.0,528.5370000000001,5.647000000000004,6,1,7,94.07,inactive,4.522878745280337
CHEMBL3687687,COc1cc(-c2cc(F)ccc2F)ccc1-c1nccc2cc(S(=O)(=O)Nc3ccncn3)ccc12,<rdkit.Chem.rdchem.Mol object at 0x00000227928976F0>,30000.0,504.5180000000002,5.446400000000004,6,1,6,94.07,inactive,4.522878745280337
CHEMBL3687701,COc1cc(Oc2cccc(F)c2)ccc1-c1nccc2cc(S(=O)(=O)Nc3ccncn3)ccc12,<rdkit.Chem.rdchem.Mol object at 0x0000022792897760>,30000.0,502.52700000000016,5.432600000000004,7,1,7,103.3,inactive,4.522878745280337
CHEMBL3687709,COc1cc(-c2cc(C)cc(F)c2)ccc1-c1nccc2cc(S(=O)(=O)Nc3ccncn3)ccc12,<rdkit.Chem.rdchem.Mol object at 0x00000227928977D0>,30000.0,500.5550000000002,5.615720000000005,6,1,6,94.07,inactive,4.522878745280337
CHEMBL3687724,COc1cc(-c2ccc(F)c(C)c2)ccc1-c1nccc2cc(S(=O)(=O)Nc3ccncn3)ccc12,<rdkit.Chem.rdchem.Mol object at 0x0000022792897840>,30000.0,500.5550000000002,5.615720000000005,6,1,6,94.07,inactive,4.522878745280337
CHEMBL3687725,COc1cc(-c2ccc(F)c(Cl)c2)ccc1-c1nccc2cc(S(=O)(=O)Nc3ccncn3)ccc12,<rdkit.Chem.rdchem.Mol object at 0x00000227928978B0>,30000.0,520.9730000000002,5.9607000000000046,6,1,6,94.07,inactive,4.522878745280337
CHEMBL3692162,COc1nc(-c2cccc(F)c2)c(Cl)cc1-c1nccc2cc(S(=O)(=O)Nc3nncs3)ccc12,<rdkit.Chem.rdchem.Mol object at 0x0000022792897920>,30000.0,527.9900000000001,5.417200000000004,6,1,8,106.96,inactive,4.522878745280337
CHEMBL3687738,COc1nc(-c2ccc(C(F)(F)F)cc2OC)c2ccc(S(=O)(=O)Nc3nccs3)cc2n1,<rdkit.Chem.rdchem.Mol object at 0x0000022792897990>,30000.0,496.4920000000001,4.590100000000002,6,1,8,103.3,inactive,4.522878745280337
CHEMBL3687746,COc1cc(-c2cccc(F)c2)c(Cl)cc1-c1ncnc2cc(S(=O)(=O)Nc3nncs3)ccc12,<rdkit.Chem.rdchem.Mol object at 0x0000022792897A00>,30000.0,527.9900000000001,5.417200000000003,6,1,8,106.96,inactive,4.522878745280337
CHEMBL3692164,COc1cc(-c2cccc(F)c2)ccc1-c1ncnc2cc(S(=O)(=O)Nc3ncns3)ccc12,<rdkit.Chem.rdchem.Mol object at 0x0000022792897A70>,30000.0,493.5450000000001,4.7638000000000025,6,1,8,106.96,inactive,4.522878745280337
CHEMBL3939521,COc1cc(-c2cc(F)cnc2OC)ccc1-n1c(=O)ccc2cc(S(=O)(=O)Nc3ccon3)ccc21,<rdkit.Chem.rdchem.Mol object at 0x0000022792897AE0>,10000.0,522.5140000000002,3.9978000000000025,7,1,9,125.55,inactive,5.0
CHEMBL3919513,Cn1nccc1-c1cc(C(F)(F)F)ccc1N1CCOc2cc(S(=O)(=O)Nc3ncns3)ccc21,<rdkit.Chem.rdchem.Mol object at 0x0000022792897B50>,1870.0,522.5340000000001,4.288700000000002,5,1,9,102.24,active,5.728158393463501
CHEMBL3889642,O=S(=O)(Nc1ccon1)c1ccc2c(c1)OCCN2c1ccc(C(F)(F)F)cc1Cl,<rdkit.Chem.rdchem.Mol object at 0x0000022792897BC0>,10000.0,459.8330000000001,4.678100000000002,4,1,6,84.67,inactive,5.0
CHEMBL3966404,O=S(=O)(Nc1ccc(F)cn1)c1ccc2c(c1)OCCN2c1ccc(C(F)(F)F)cc1Cl,<rdkit.Chem.rdchem.Mol object at 0x0000022792897C30>,10000.0,487.8620000000002,5.224200000000003,4,1,5,71.53,inactive,5.0
CHEMBL3891509,O=S(=O)(Nc1ncns1)c1ccc2c(c1)NCCN2c1ccc(C(F)(F)F)cc1Cl,<rdkit.Chem.rdchem.Mol object at 0x0000022792897CA0>,10000.0,475.9050000000002,4.574700000000002,4,2,7,87.22,inactive,5.0
CHEMBL3954108,CN1CCN(c2ccc(C(F)(F)F)cc2Cl)c2ccc(S(=O)(=O)Nc3ncns3)cc21,<rdkit.Chem.rdchem.Mol object at 0x0000022792897D10>,10000.0,489.9320000000001,4.599000000000003,4,1,7,78.43,inactive,5.0
CHEMBL3929582,O=S(=O)(Nc1nccs1)c1ccc2c(c1)OCCN2c1ccc(C(F)(F)F)cc1C1=CCNCC1,<rdkit.Chem.rdchem.Mol object at 0x0000022792897D80>,254.0,522.5740000000002,4.869900000000004,5,2,7,83.56,active,6.5951662833800615
CHEMBL3948444,O=S(=O)(Nc1nccs1)c1ccc2c(c1)OCCN2c1ccc(C(F)(F)F)cc1-c1cncnc1,<rdkit.Chem.rdchem.Mol object at 0x0000022792897DF0>,731.0,519.5300000000002,4.950200000000003,5,1,8,97.31,active,6.13608262304214
CHEMBL3918953,O=S(=O)(Nc1ccno1)c1ccc2c(c1)OCCN2c1ccc(C(F)(F)F)cc1Cl,<rdkit.Chem.rdchem.Mol object at 0x0000022792897E60>,10000.0,459.8330000000001,4.678100000000002,4,1,6,84.67,inactive,5.0
CHEMBL3927450,O=S(=O)(Nc1cscn1)c1ccc2c(c1)OCCN2c1ccc(C(F)(F)F)cc1C1=CCNCC1,<rdkit.Chem.rdchem.Mol object at 0x0000022792897ED0>,2670.0,522.5740000000002,4.869900000000004,5,2,7,83.56,active,5.573488738635425
CHEMBL3969238,O=S(=O)(Nc1ncccn1)c1ccc2c(c1)OCCN2c1ccc(C(F)(F)F)cc1C1=CCNCC1,<rdkit.Chem.rdchem.Mol object at 0x0000022792897F40>,2260.0,517.5330000000002,4.203400000000003,5,2,7,96.45,active,5.645891560852599
CHEMBL3955748,N#Cc1cc(C(F)(F)F)ccc1N1CCOc2cc(S(=O)(=O)Nc3ncco3)ccc21,<rdkit.Chem.rdchem.Mol object at 0x0000022792890040>,10000.0,450.39800000000014,3.8963800000000015,4,1,7,108.46,inactive,5.0
CHEMBL3950422,O=C1COc2cc(S(=O)(=O)Nc3nncs3)ccc2N1c1cccc(Cl)c1,<rdkit.Chem.rdchem.Mol object at 0x00000227928900B0>,10000.0,422.8750000000001,3.049400000000001,4,1,7,101.49,inactive,5.0
CHEMBL3913715,CC1CN(c2ccc(C(F)(F)F)cc2C#N)c2ccc(S(=O)(=O)Nc3nccs3)cc2O1,<rdkit.Chem.rdchem.Mol object at 0x0000022792890120>,1840.0,480.4930000000001,4.753380000000003,4,1,7,95.32,active,5.735182176990463
CHEMBL4109289,C[C@@H]1CN(c2ccc(C(F)(F)F)cc2C#N)c2ccc(S(=O)(=O)Nc3nccs3)cc2O1,<rdkit.Chem.rdchem.Mol object at 0x0000022792890190>,6670.0,480.4930000000001,4.753380000000003,4,1,7,95.32,inactive,5.175874166083451
CHEMBL3890100,COc1ncc(Cl)cc1N1CCOc2cc(S(=O)(=O)Nc3nccs3)ccc21,<rdkit.Chem.rdchem.Mol object at 0x0000022792890200>,3030.0,438.91800000000006,3.5314000000000023,5,1,8,93.65,active,5.518557371497695
CHEMBL3927048,Cc1cncc(C)c1N1CCOc2cc(S(=O)(=O)Nc3nccs3)ccc21,<rdkit.Chem.rdchem.Mol object at 0x0000022792890270>,10000.0,402.501,3.4862400000000022,4,1,7,84.42,inactive,5.0
CHEMBL3981707,COc1ccc(OC)c(N2CCOc3cc(S(=O)(=O)Nc4nccs4)ccc32)c1,<rdkit.Chem.rdchem.Mol object at 0x00000227928902E0>,7040.0,433.5110000000001,3.491600000000002,6,1,8,89.99,inactive,5.152427340857888
CHEMBL3921636,Cc1cc(OC(F)(F)F)ccc1N1CCOc2cc(S(=O)(=O)Nc3nccs3)ccc21,<rdkit.Chem.rdchem.Mol object at 0x0000022792890350>,6600.0,471.48200000000014,4.681420000000002,5,1,7,80.76,inactive,5.180456064458132
CHEMBL3958187,N#Cc1cccc(Cl)c1N1CCOc2cc(S(=O)(=O)Nc3nccs3)ccc21,<rdkit.Chem.rdchem.Mol object at 0x00000227928903C0>,10000.0,432.914,3.999480000000002,4,1,7,95.32,inactive,5.0
CHEMBL3972706,COc1cnc(N2CCOc3cc(S(=O)(=O)Nc4nccs4)ccc32)c(OC)c1,<rdkit.Chem.rdchem.Mol object at 0x0000022792890430>,10000.0,434.49900000000014,2.8866000000000014,6,1,9,102.88,inactive,5.0
CHEMBL3908279,COc1ncc(C(F)(F)F)cc1N1CCOc2cc(S(=O)(=O)Nc3nccs3)ccc21,<rdkit.Chem.rdchem.Mol object at 0x00000227928904A0>,7380.0,472.4700000000001,3.8968000000000025,5,1,8,93.65,inactive,5.131943638176958
CHEMBL3932638,COc1ccc(N2CCOc3cc(S(=O)(=O)Nc4nccs4)ccc32)c(C#N)c1,<rdkit.Chem.rdchem.Mol object at 0x0000022792890510>,10000.0,428.4950000000001,3.354680000000002,5,1,8,104.55,inactive,5.0
CHEMBL3909582,N#Cc1ccc(N2CCOc3cc(S(=O)(=O)Nc4nccs4)ccc32)cc1OC(F)(F)F,<rdkit.Chem.rdchem.Mol object at 0x0000022792890580>,10000.0,482.46500000000015,4.2446800000000025,5,1,8,104.55,inactive,5.0
CHEMBL3906799,O=S(=O)(Nc1nccs1)c1ccc2c(c1)OCCN2c1ccccc1OC(F)F,<rdkit.Chem.rdchem.Mol object at 0x00000227928905F0>,5640.0,439.46500000000015,4.075800000000002,6,1,7,80.76,inactive,5.248720896016658
CHEMBL3933266,COc1cc(C#N)ccc1CN1CCOc2cc(S(=O)(=O)Nc3nccs3)ccc21,<rdkit.Chem.rdchem.Mol object at 0x0000022792890660>,10000.0,442.5220000000001,3.223180000000001,6,1,8,104.55,inactive,5.0
CHEMBL4105252,CC(C)C[C@@H](N)Cc1nc(-c2ccc(Cl)cc2)c[nH]1,<rdkit.Chem.rdchem.Mol object at 0x00000227928906D0>,13000.0,277.799,3.6460000000000017,5,2,2,54.7,inactive,4.886056647693163
CHEMBL4074833,C[C@]1(C(=O)O)CCC[C@@](C)(c2nc(-c3ccc(C(=O)Nc4cc(C(F)(F)F)ccn4)cc3)c3c(N)nccn23)C1,<rdkit.Chem.rdchem.Mol object at 0x0000022792890740>,30000.0,552.557,5.567200000000004,5,3,7,135.49999999999997,inactive,4.522878745280337
CHEMBL4103954,C[C@H]1CC[C@@H](c2nc(-c3ccc(C(=O)Nc4cc(C(F)(F)F)ccn4)cc3F)c3c(N)nccn23)CN1C(=O)C1CC1,<rdkit.Chem.rdchem.Mol object at 0x00000227928907B0>,30000.0,581.574,5.288200000000004,5,2,7,118.51,inactive,4.522878745280337
CHEMBL4103112,O=C(c1ccc(C[C@@H]2CC[C@H]([C@H](O)c3ccccc3)N2)cc1)N1CCN(Cc2nnn(CC(F)F)n2)CC1,<rdkit.Chem.rdchem.Mol object at 0x0000022792890820>,30000.0,525.6040000000003,2.2929000000000004,9,2,8,99.41,inactive,4.522878745280337
CHEMBL4098912,N[C@H]1CC[C@](CCOc2cc(F)c(S(=O)(=O)Nc3ncns3)cc2Cl)(c2ccccc2)CC1,<rdkit.Chem.rdchem.Mol object at 0x0000022792890890>,30000.0,511.04400000000015,4.739600000000004,8,2,7,107.2,inactive,4.522878745280337
CHEMBL4098978,N[C@H]1CC[C@@](CCOc2cc(F)c(S(=O)(=O)Nc3ncns3)cc2Cl)(c2ccccc2)CC1,<rdkit.Chem.rdchem.Mol object at 0x0000022792890900>,30000.0,511.04400000000015,4.739600000000004,8,2,7,107.2,inactive,4.522878745280337
CHEMBL4093720,C[C@]1(CCOc2cc(F)c(S(=O)(=O)Nc3ncns3)cc2F)CC[C@@H](N)CC1,<rdkit.Chem.rdchem.Mol object at 0x0000022792890970>,30000.0,432.51800000000026,3.2936000000000014,7,2,7,107.2,inactive,4.522878745280337
CHEMBL4071551,O=S(=O)(Nc1nccs1)c1cc(Cl)c(NCC2CNC2)cc1F,<rdkit.Chem.rdchem.Mol object at 0x00000227928909E0>,30000.0,376.8660000000001,2.3677,6,3,6,83.12,inactive,4.522878745280337
CHEMBL4092078,O=S(=O)(Nc1nccs1)c1cc(Cl)c(NCC2(CN3CCCC3)CC2)cc1F,<rdkit.Chem.rdchem.Mol object at 0x0000022792890A50>,5100.0,444.9850000000004,4.024300000000003,8,2,6,74.33,inactive,5.292429823902063
CHEMBL4071034,COc1cc(-c2cccc(C)c2)c(F)cc1-c1nccc2cc(S(=O)(=O)Nc3ccon3)ccc12,<rdkit.Chem.rdchem.Mol object at 0x0000022792890AC0>,10000.0,489.5280000000001,5.813720000000004,6,1,6,94.32,inactive,5.0
CHEMBL4089326,COc1cc(-c2cccc(F)c2)c(Cl)cc1-c1ncc(O)c2cc(S(=O)(=O)Nc3ccon3)ccc12,<rdkit.Chem.rdchem.Mol object at 0x0000022792890B30>,10000.0,525.9450000000002,5.8643000000000045,6,2,7,114.55,inactive,5.0
CHEMBL4070867,COc1cc(-c2cccc(F)c2)c(Cl)cc1-c1ncnc2cc(S(=O)(=O)Nc3ccon3)ccc12,<rdkit.Chem.rdchem.Mol object at 0x0000022792890BA0>,10000.0,510.93400000000014,5.553700000000003,6,1,7,107.21,inactive,5.0
CHEMBL4102586,O=S(=O)(Nc1cccc(F)n1)c1cc(Cl)c(NCC23CCCN2CCC3)cc1F,<rdkit.Chem.rdchem.Mol object at 0x0000022792890C10>,19000.0,442.9190000000003,3.854300000000003,6,2,5,74.33,inactive,4.721246399047171
CHEMBL2325317,CN1CC(n2nccc2-c2cc(Cl)ccc2Oc2cc(F)c(S(=O)(=O)Nc3cscn3)cc2F)C1,<rdkit.Chem.rdchem.Mol object at 0x0000022792890C80>,30000.0,538.0010000000001,5.017800000000003,7,1,8,89.35000000000001,inactive,4.522878745280337
CHEMBL4073933,O=S(=O)(Nc1nccs1)c1cc(Cl)c(NC[C@H]2CCCO[C@H]2c2ccccc2)cc1F,<rdkit.Chem.rdchem.Mol object at 0x0000022792890CF0>,1300.0,482.0020000000002,5.316200000000003,7,2,6,80.32000000000001,active,5.886056647693163
CHEMBL4071739,O=S1(=O)CCC(Nc2cc(F)c(S(=O)(=O)Nc3nccs3)cc2Cl)CC1,<rdkit.Chem.rdchem.Mol object at 0x0000022792890D60>,6400.0,439.9430000000001,2.725500000000001,5,2,7,105.23,inactive,5.1938200260161125
CHEMBL4082252,O=S1(=O)CCC(CNc2cc(F)c(S(=O)(=O)Nc3nccs3)cc2Cl)C1,<rdkit.Chem.rdchem.Mol object at 0x0000022792890DD0>,266.0,439.9430000000001,2.583,6,2,7,105.23,active,6.575118363368933
CHEMBL4100413,O=C(Nc1cccc(C(F)(F)F)c1-c1cccnc1)c1cccc(-c2ncccc2OC(F)F)c1,<rdkit.Chem.rdchem.Mol object at 0x0000022792890E40>,220.0,485.4120000000001,6.683100000000006,6,1,4,64.11,active,6.657577319177793
CHEMBL4079509,O=C(Nc1cccc(C(F)(F)F)c1-c1ccccn1)c1cccc(-c2ncccc2OC(F)F)c1,<rdkit.Chem.rdchem.Mol object at 0x0000022792890EB0>,18.0,485.4120000000001,6.683100000000006,6,1,4,64.11,active,7.7447274948966935
CHEMBL4127190,C[C@]12CCCC[C@H]1C[C@@H](N1CCC[C@@H](N)C1)[C@@H]2Oc1ccc(C#N)cc1,<rdkit.Chem.rdchem.Mol object at 0x0000022792890F20>,18000.0,353.51000000000005,3.697580000000002,3,1,4,62.28,inactive,4.7447274948966935
CHEMBL4129913,C[C@]12CC[C@H](O)C[C@H]1C[C@@H](N1CCC[C@@H](N)C1)[C@@H]2Oc1ccc(C#N)cc1,<rdkit.Chem.rdchem.Mol object at 0x0000022792890F90>,100000.0,369.50900000000007,2.668380000000001,3,2,5,82.50999999999999,inactive,4.0
CHEMBL4129002,C[C@]12CC[C@H](C(F)F)C[C@H]1C[C@@H](N1CCC[C@@H](N)C1)[C@@H]2Oc1ccc(C#N)cc1,<rdkit.Chem.rdchem.Mol object at 0x0000022792891000>,29000.0,403.51700000000017,4.188780000000003,4,1,4,62.28,inactive,4.5376020021010435
CHEMBL4210866,N[C@@H]1CCC=C(c2ccc(F)cc2)[C@H]1CNc1cc(F)c(S(=O)(=O)Nc2cscn2)cc1Cl,<rdkit.Chem.rdchem.Mol object at 0x0000022792891070>,4020.0,511.0190000000001,5.108300000000003,7,3,6,97.11,active,5.39577394691553
CHEMBL45816,COCC(=O)O[C@]1(CCN(C)CCCc2nc3ccccc3[nH]2)CCc2cc(F)ccc2[C@@H]1C(C)C,<rdkit.Chem.rdchem.Mol object at 0x00000227928910E0>,500.0,495.6390000000002,5.270900000000005,11,1,5,67.45,active,6.301029995663981
CHEMBL841,CN(C)C(=O)C(CCN1CCC(O)(c2ccc(Cl)cc2)CC1)(c1ccccc1)c1ccccc1,<rdkit.Chem.rdchem.Mol object at 0x0000022792891150>,239.0,477.0480000000002,5.088000000000005,7,1,3,43.78,active,6.621602099051862
CHEMBL4295027,N#Cc1cc(F)cc(C(=O)N2CCN(C(C(=O)NCc3ccccc3)c3ccccc3)CC2)c1,<rdkit.Chem.rdchem.Mol object at 0x00000227928911C0>,3100.0,456.5210000000002,3.5128800000000027,6,1,4,76.44,active,5.508638306165727
CHEMBL4284381,N#Cc1cc(OC(F)(F)F)cc(C(=O)N2CCN(C(C(=O)NCc3ccccc3)c3ccccc3)CC2)c1,<rdkit.Chem.rdchem.Mol object at 0x0000022792891230>,400.0,522.5270000000003,4.272380000000003,7,1,5,85.67,active,6.3979400086720375
CHEMBL4291187,O=C(NCc1ccc(C(F)(F)F)nc1)C(c1ccccc1)N1CCN(C(=O)c2cc(F)cc(F)c2)CC1,<rdkit.Chem.rdchem.Mol object at 0x00000227928912A0>,7900.0,518.4860000000002,4.194100000000003,6,1,4,65.54,inactive,5.102372908709558
CHEMBL4280006,O=C(NCc1ccccc1)C(c1ccccc1)N1CC2CC(C1)N2C(=O)c1cc(F)ccc1Cl,<rdkit.Chem.rdchem.Mol object at 0x0000022792891310>,2400.0,477.9670000000002,4.435500000000004,6,1,3,52.650000000000006,active,5.619788758288394
CHEMBL4289161,N#Cc1cc(F)cc(C(=O)N2CCN(C(C(=O)NCC(F)(F)C3CC3)c3ccccc3)CC2)c1,<rdkit.Chem.rdchem.Mol object at 0x0000022792891380>,14000.0,470.4950000000002,3.357980000000002,7,1,4,76.44,inactive,4.853871964321762
CHEMBL4279238,CS(=O)(=O)Nc1nnc2cc(OCC34CC5CC(CC(C5)C3)C4)c(C3CC3)cn12,<rdkit.Chem.rdchem.Mol object at 0x00000227928913F0>,265.0,416.54700000000025,3.573400000000002,6,1,6,85.59,active,6.576754126063192
CHEMBL4293085,O=C(NCc1ccc(OC(F)(F)F)c(Cl)c1)c1ccc(S(=O)(=O)Nc2ncns2)c(F)c1,<rdkit.Chem.rdchem.Mol object at 0x0000022792891460>,4870.0,510.8780000000001,3.9600000000000017,7,2,7,110.28,active,5.3124710387853655
CHEMBL4289325,O=C(O)c1ccc(N2CC3(CCN(Cc4cc(C(F)(F)F)ccc4C4CC4)CC3)OC2=O)cc1,<rdkit.Chem.rdchem.Mol object at 0x00000227928914D0>,10000.0,474.4790000000002,5.272400000000005,5,1,4,70.08000000000001,inactive,5.0
CHEMBL4284867,CC1(C)CCOc2c(Cl)cc(CN3CCC4(CC3)CC(=O)N(c3ccc(C(=O)O)cc3)C4)cc21,<rdkit.Chem.rdchem.Mol object at 0x0000022792891540>,10000.0,483.00800000000027,5.117400000000004,4,1,4,70.08,inactive,5.0
CHEMBL3901713,CNC(=O)c1c(-c2ccc(F)cc2)oc2cc(N(C)S(C)(=O)=O)c(-c3ccc4ccn5c6cccc(F)c6cc5c4n3)cc12,<rdkit.Chem.rdchem.Mol object at 0x00000227928915B0>,30000.0,610.642,6.754500000000005,5,1,6,96.92,inactive,4.522878745280337
CHEMBL4576876,Cn1ccc2ccc(C(=O)NS(=O)(=O)C3CC3)cc21,<rdkit.Chem.rdchem.Mol object at 0x0000022792891620>,30000.0,278.333,1.4003,3,1,4,68.17,inactive,4.522878745280337
CHEMBL4524830,Cn1cc(C2CCCCC2)c2cc(F)c(C(=O)NS(=O)(=O)C3CC3)cc21,<rdkit.Chem.rdchem.Mol object at 0x0000022792891690>,10000.0,378.46900000000016,3.587100000000002,4,1,4,68.17,inactive,5.0
CHEMBL4468426,Cn1cc(C2CCNCC2)c2ccc(C(=O)NS(=O)(=O)C3CC3)cc21,<rdkit.Chem.rdchem.Mol object at 0x0000022792891700>,30000.0,361.46700000000016,1.8673,4,2,5,80.2,inactive,4.522878745280337
CHEMBL4576709,Cn1cc(C2=CCN(C(=O)OC(C)(C)C)CC2)c2ccc(C(=O)NS(=O)(=O)C3CC3)cc21,<rdkit.Chem.rdchem.Mol object at 0x0000022792891770>,30000.0,459.56800000000015,3.424500000000002,4,1,6,97.71,inactive,4.522878745280337
CHEMBL4471339,NC[C@H](Oc1noc2ncc(-c3ccccc3Cl)cc12)c1ccccc1,<rdkit.Chem.rdchem.Mol object at 0x00000227928917E0>,24000.0,365.8200000000001,4.6220000000000026,5,1,5,74.17,inactive,4.619788758288394
CHEMBL4473435,Cn1cc(-c2cccc(F)c2F)c2ccc(C(=O)NS(C)(=O)=O)cc21,<rdkit.Chem.rdchem.Mol object at 0x0000022792891850>,30000.0,364.3730000000001,2.812900000000001,3,1,4,68.17,inactive,4.522878745280337
CHEMBL4462085,Cn1cc(-c2ccc(C(F)(F)F)cc2)c2ccc(C(=O)NS(=O)(=O)C(F)(F)F)cc21,<rdkit.Chem.rdchem.Mol object at 0x00000227928918C0>,7500.0,450.36000000000007,4.443500000000003,3,1,4,68.17,inactive,5.1249387366083
CHEMBL4449475,CC(C)COc1ccc(-c2cn(C)c3cc(C(=O)NS(C)(=O)=O)ccc23)cn1,<rdkit.Chem.rdchem.Mol object at 0x0000022792891930>,30000.0,401.48800000000006,2.964500000000001,6,1,6,90.29,inactive,4.522878745280337
CHEMBL4453046,Cn1cc(-c2cnc(OCC(F)(F)F)c(Cl)c2)c2ccc(C(=O)NS(C)(=O)=O)cc21,<rdkit.Chem.rdchem.Mol object at 0x00000227928919A0>,12000.0,461.84900000000016,3.5242000000000013,5,1,6,90.29,inactive,4.920818753952375
CHEMBL4451584,Cn1nc(-c2ccc(C(F)(F)F)cc2)c2cc(F)c(C(=O)NS(C)(=O)=O)cc21,<rdkit.Chem.rdchem.Mol object at 0x0000022792891A10>,30000.0,415.3680000000001,3.087600000000001,3,1,5,81.06,inactive,4.522878745280337
CHEMBL4563459,Cc1cc(-c2ccc(C(=O)C3CCCCC3C(=O)Nc3cnn(C)c3C(=O)NOC(C)(C)C)cc2)[nH]n1,<rdkit.Chem.rdchem.Mol object at 0x0000022792891A80>,33000.0,506.6070000000002,4.206320000000002,7,3,7,131.0,inactive,4.481486060122113
CHEMBL4579742,CS(=O)(=O)NC(=O)c1ccc2c(Oc3ccc(Cl)c(C(F)(F)F)c3)nccc2c1,<rdkit.Chem.rdchem.Mol object at 0x0000022792891AF0>,14400.0,444.818,4.388700000000003,4,1,5,85.36,inactive,4.841637507904751
CHEMBL4460250,CC(C)COc1ncc(-c2ccc(C(=O)NS(C)(=O)=O)c(F)c2)cc1Cl,<rdkit.Chem.rdchem.Mol object at 0x0000022792891B60>,18000.0,400.85900000000015,3.2653000000000016,6,1,5,85.35999999999999,inactive,4.7447274948966935
CHEMBL4443414,CC(C)COc1ncc(-c2ccc(C(=O)NS(C)(=O)=O)cc2F)cc1Cl,<rdkit.Chem.rdchem.Mol object at 0x0000022792891BD0>,23000.0,400.85900000000015,3.2653000000000016,6,1,5,85.35999999999999,inactive,4.638272163982407
CHEMBL4444511,CC(C)COc1ncc(-c2ccc(C(=O)NS(C)(=O)=O)cc2Cl)cc1Cl,<rdkit.Chem.rdchem.Mol object at 0x0000022792891C40>,9500.0,417.3140000000002,3.779600000000003,6,1,5,85.35999999999999,inactive,5.022276394711152
CHEMBL4459478,CC(C)COc1ncc(-c2ccc(C(=O)NS(C)(=O)=O)cc2C(F)(F)F)cc1Cl,<rdkit.Chem.rdchem.Mol object at 0x0000022792891CB0>,3100.0,450.8660000000001,4.145000000000003,6,1,5,85.35999999999999,active,5.508638306165727
CHEMBL4648959,O=S(=O)(Nc1ncccn1)c1ccc2c(c1)OCC[C@@H]2c1ccc(C(F)(F)F)cc1-c1ccc(F)cc1,<rdkit.Chem.rdchem.Mol object at 0x0000022792891D20>,1069.0,529.5150000000002,6.016700000000004,5,1,5,81.18,active,5.971022294791222
CHEMBL3913475,CC1=C(N2CCC3(CCN(C[C@H](O)c4ccc5c(c4C)COC5=O)CC3)C2=O)COC1=O,<rdkit.Chem.rdchem.Mol object at 0x0000022792891D90>,30000.0,440.4960000000004,1.84412,4,1,7,96.38,inactive,4.522878745280337
CHEMBL5082711,CCN=C(N)NC(=O)Nc1c(CC)cccc1CC,<rdkit.Chem.rdchem.Mol object at 0x0000022792891E00>,3750.0,262.357,2.2675,4,3,2,79.50999999999999,active,5.425968732272281
CHEMBL5079176,C[C@H](c1cc(Cl)cc(Cl)c1)N1CCC(COc2cc(F)c(C(=O)NS(C)(=O)=O)cc2C2CC2)CC1,<rdkit.Chem.rdchem.Mol object at 0x0000022792891E70>,1800.0,543.488,5.551300000000006,8,1,5,75.71000000000001,active,5.7447274948966935
CHEMBL5180874,C[C@]1(CN2Cc3nc(-c4ccc(F)cc4)sc3C2)CN=C(N)O1,<rdkit.Chem.rdchem.Mol object at 0x0000022792891EE0>,13300.0,332.40400000000017,2.3684,3,1,6,63.74000000000001,inactive,4.876148359032914
CHEMBL3946117,O=C(c1ccc2cc(Oc3ccc(C(F)(F)F)cn3)ccc2n1)N1CCNC(C(F)(F)F)C1,<rdkit.Chem.rdchem.Mol object at 0x0000022792891F50>,33000.0,470.3730000000001,4.417200000000003,3,1,5,67.35,inactive,4.481486060122113
CHEMBL5190568,Cc1ccc(S(=O)(=O)Nc2cc(C(=O)NCc3ccc(C)nc3)ccc2C)cc1,<rdkit.Chem.rdchem.Mol object at 0x0000022792891FC0>,30000.0,409.51100000000014,3.737660000000002,6,2,4,88.16,inactive,4.522878745280337
CHEMBL5275826,CC(C)(C)NC(=O)OC(Cc1ccccc1)C(=O)Nc1cnc2ccccc2c1,<rdkit.Chem.rdchem.Mol object at 0x0000022792892030>,100000.0,391.47100000000006,4.309300000000003,5,2,4,80.32,inactive,4.0
CHEMBL110572,N=C(NCCCCc1ccccc1)NC(=O)c1cccc2ccccc12,<rdkit.Chem.rdchem.Mol object at 0x00000227928920A0>,4100.0,345.4460000000001,4.116870000000003,6,3,2,64.98,active,5.3872161432802645
CHEMBL488817,CC1(C)C[C@@H](CN2CCC(F)(CNC(=O)c3cc(Cl)cc(Cl)c3)CC2)CCO1,<rdkit.Chem.rdchem.Mol object at 0x0000022792892110>,84000.0,431.37900000000025,4.732500000000004,5,1,3,41.57000000000001,inactive,4.075720713938118
CHEMBL447085,O=C(CCc1ccccc1)N1CCC2(CCc3cc(F)ccc3O2)CC1,<rdkit.Chem.rdchem.Mol object at 0x0000022792892180>,10000.0,353.43700000000007,4.144700000000004,3,0,2,29.540000000000003,inactive,5.0
CHEMBL495792,Cn1nccc1-c1ccc2c(c1)C(=O)CC1(CCN(C(=O)N[C@H]3C[C@@H]3c3ccccc3)CC1)O2,<rdkit.Chem.rdchem.Mol object at 0x00000227928921F0>,10000.0,456.54600000000016,4.152600000000003,3,1,5,76.46000000000001,inactive,5.0
CHEMBL495794,CS(=O)(=O)c1ccc2c(c1)C(=O)CC1(CCN(C(=O)N[C@H]3C[C@@H]3c3ccccc3)CC1)O2,<rdkit.Chem.rdchem.Mol object at 0x0000022792892260>,10000.0,454.5480000000002,3.155600000000001,3,1,5,92.78000000000002,inactive,5.0
CHEMBL483876,O=C(N[C@H]1C[C@@H]1c1ccccc1)N1CCC2(CCc3cc(F)ccc3O2)CC1,<rdkit.Chem.rdchem.Mol object at 0x00000227928922D0>,10000.0,380.4630000000001,4.251000000000004,2,1,2,41.57000000000001,inactive,5.0
CHEMBL524992,O=C(c1ccc(C(F)(F)F)cc1)N1CCC2(CCc3ccccc3O2)CC1,<rdkit.Chem.rdchem.Mol object at 0x0000022792892340>,10000.0,375.3900000000001,4.7054000000000045,1,0,2,29.540000000000003,inactive,5.0
CHEMBL562822,O=C(N[C@@H]1C[C@H]1c1ccccc1)N1CCC(c2nc(-c3ccccn3)no2)CC1,<rdkit.Chem.rdchem.Mol object at 0x00000227928923B0>,10000.0,389.4590000000001,3.5767000000000024,4,1,5,84.15,inactive,5.0
CHEMBL540930,O=C(CC1CCN(Cc2ccn(-c3ccc(C(F)(F)F)cc3)c2)CC1)NC(c1ccc(F)cc1)c1c[nH]c(=O)c(Cl)c1,<rdkit.Chem.rdchem.Mol object at 0x0000022792892420>,31600.0,601.0440000000002,6.484800000000006,8,2,4,70.13,inactive,4.5003129173815966
CHEMBL1271309,Cc1cc(C)cc(NC(=O)c2cncc(-c3ccc(C#N)cc3)c2)c1,<rdkit.Chem.rdchem.Mol object at 0x0000022792892490>,30000.0,327.38700000000006,4.489420000000003,3,1,3,65.78,inactive,4.522878745280337
CHEMBL1797406,Cc1onc(-c2c(Cl)cccc2Cl)c1NC(=O)NCc1ccc(-n2cccn2)cc1,<rdkit.Chem.rdchem.Mol object at 0x0000022792892500>,33113.11,442.30600000000015,5.464220000000003,5,2,5,84.98,inactive,4.480000028175458
CHEMBL1797394,Cc1onc(-c2c(Cl)cccc2Cl)c1N(C)C(=O)OCc1c(F)cccc1Cl,<rdkit.Chem.rdchem.Mol object at 0x0000022792892570>,33113.11,443.6890000000002,6.522320000000002,4,0,4,55.57000000000001,inactive,4.480000028175458
CHEMBL1797389,Cc1onc(-c2c(Cl)cccc2Cl)c1NC(=O)OCc1cc(Cl)ccc1Cl,<rdkit.Chem.rdchem.Mol object at 0x00000227928925E0>,2630.27,446.1170000000002,7.012320000000002,4,1,4,64.36,active,5.579999668433626
CHEMBL1813049,CC(=O)Nc1cccc(Nc2ncnc(N3CCC(Oc4ccc(C(F)(F)F)cc4)CC3)n2)c1C,<rdkit.Chem.rdchem.Mol object at 0x0000022792892650>,500.0,486.49800000000016,4.948620000000004,6,2,7,92.27,active,6.301029995663981
CHEMBL1958461,CCCCCCC[C@](O)(C(N)=O)c1cccc(Cl)c1,<rdkit.Chem.rdchem.Mol object at 0x00000227928926C0>,7430.0,283.799,3.373400000000002,8,2,2,63.32,inactive,5.129011186239425
CHEMBL2012025,Cc1cc(Nc2nccc(N)n2)ccc1Oc1ccc(Cl)cc1,<rdkit.Chem.rdchem.Mol object at 0x0000022792892730>,2270.0,326.78700000000003,4.556520000000003,4,2,5,73.06,active,5.6439741428068775
CHEMBL2012032,N#Cc1ccc(Oc2ccc(Nc3nccc(N)n3)cc2)cc1,<rdkit.Chem.rdchem.Mol object at 0x00000227928927A0>,1200.0,303.325,3.46638,4,2,6,96.85,active,5.920818753952375
CHEMBL2012040,Nc1cncc(Nc2ccc(Oc3ccc(F)cc3)cc2)n1,<rdkit.Chem.rdchem.Mol object at 0x0000022792892810>,470.0,296.305,3.733800000000001,4,2,5,73.06,active,6.327902142064283
CHEMBL2012244,c1ccc(Cn2ccc3c(OC4CCN(Cc5cscn5)CC4)ncnc32)cc1,<rdkit.Chem.rdchem.Mol object at 0x0000022792892880>,200.0,405.5270000000001,3.9795000000000034,6,0,7,56.07,active,6.698970004336019
CHEMBL2012263,Clc1cccc(Cn2ccc3c(OC4CCN(Cc5cscn5)CC4)ncnc32)c1,<rdkit.Chem.rdchem.Mol object at 0x00000227928928F0>,300.0,439.9720000000002,4.632900000000003,6,0,7,56.07,active,6.522878745280337
CHEMBL2012272,Fc1c(Cl)cccc1Cn1ccc2c(OC3CCN(Cc4cscn4)CC3)ncnc21,<rdkit.Chem.rdchem.Mol object at 0x0000022792892960>,50.0,457.9620000000002,4.772000000000004,6,0,7,56.07,active,7.301029995663981
CHEMBL2012296,Fc1cccnc1CN1CCC(Oc2ncnc3c2ccn3Cc2ccccc2)CC1,<rdkit.Chem.rdchem.Mol object at 0x00000227928929D0>,90.0,417.4880000000002,4.057100000000003,6,0,6,56.07,active,7.045757490560675
CHEMBL2069404,Cc1ccc(-n2nc(C)c(C(=O)N[C@@H]3COc4cccc(N5CCN(C)CC5)c4C3)n2)c(C)c1,<rdkit.Chem.rdchem.Mol object at 0x0000022792892A40>,2511.89,460.5820000000004,2.677860000000001,4,1,7,75.52000000000001,active,5.59999938302362
CHEMBL2069409,O=C(N[C@@H]1COc2cccc(-c3ccncc3)c2C1)c1ccc(OCC(F)(F)F)nc1,<rdkit.Chem.rdchem.Mol object at 0x0000022792892AB0>,3162.28,429.39800000000014,3.8182000000000023,5,1,5,73.34,active,5.499999678657065
CHEMBL2069411,O=C(N[C@@H]1COc2cccc(-c3ccc(CO)nc3)c2C1)c1ccc(OCC(F)(F)F)nc1,<rdkit.Chem.rdchem.Mol object at 0x0000022792892B20>,6309.57,459.4240000000002,3.310500000000002,6,2,6,93.57,inactive,5.200000237109354
CHEMBL2069417,COCCn1nc(C)c(C(=O)N[C@@H]2COc3cccc(-c4ccncc4)c3C2)n1,<rdkit.Chem.rdchem.Mol object at 0x0000022792892B90>,31622.78,393.4470000000001,2.02842,6,1,7,91.16,inactive,4.499999953328896
CHEMBL2069423,COc1ncc(-c2cccc3c2C[C@H](NC(=O)c2ccc(COCC(F)(F)F)nc2)CO3)cn1,<rdkit.Chem.rdchem.Mol object at 0x0000022792892C00>,10000.0,474.4390000000002,3.3596000000000013,7,1,7,95.46,inactive,5.0
CHEMBL2147225,COc1ccc(CCNC(=O)c2ccc(OCCC(F)(F)F)nc2)c(-c2cnc(OC)nc2)c1,<rdkit.Chem.rdchem.Mol object at 0x0000022792892C70>,19952.62,476.4550000000001,3.8595000000000015,10,1,7,95.46,inactive,4.70000006855703
CHEMBL2147303,COc1ncc(-c2ccccc2C(F)(F)CNC(=O)c2ccc(COCC(F)(F)F)nc2)cn1,<rdkit.Chem.rdchem.Mol object at 0x0000022792892CE0>,19952.62,482.40900000000016,4.147900000000003,9,1,6,86.23,inactive,4.70000006855703
CHEMBL2147316,COc1cnc(-c2ccccc2C(F)(F)CNC(=O)c2ccc(COCC(F)(F)F)nc2)cn1,<rdkit.Chem.rdchem.Mol object at 0x0000022792892D50>,31622.78,482.40900000000016,4.147900000000003,9,1,6,86.23,inactive,4.499999953328896
CHEMBL2164365,O=C(NCc1ccc(OC(F)(F)F)cc1)c1c2ccccc2c(O)n1CCc1cnccn1,<rdkit.Chem.rdchem.Mol object at 0x0000022792892DC0>,12000.0,456.42400000000015,4.208200000000003,7,2,6,89.27,inactive,4.920818753952375
CHEMBL2164381,N#CCCn1c(O)c2ccccc2c1C(=O)NCc1ccc(OC(F)(F)F)cc1,<rdkit.Chem.rdchem.Mol object at 0x0000022792892E30>,26000.0,403.36,4.0891800000000025,6,2,5,87.28000000000002,inactive,4.585026652029182
CHEMBL2164394,O=C(NCc1ccc(OC(F)F)nc1)c1c2ccccc2c(O)n1CCc1ccccn1,<rdkit.Chem.rdchem.Mol object at 0x0000022792892EA0>,33000.0,438.4340000000002,3.911000000000002,8,2,6,89.27,inactive,4.481486060122113
CHEMBL2164385,O=C(NCc1cccc(Br)c1)c1c2ccccc2c(O)n1CCc1ccccn1,<rdkit.Chem.rdchem.Mol object at 0x0000022792892F10>,12000.0,450.3360000000002,4.677100000000003,6,2,4,67.15,inactive,4.920818753952375
CHEMBL2409406,COc1cc2nnc(C(N)=O)c(Nc3ccc(C)cc3F)c2cc1N1CCN(S(C)(=O)=O)CC1,<rdkit.Chem.rdchem.Mol object at 0x0000022792892F80>,30000.0,488.5450000000003,2.01002,6,2,8,130.74999999999997,inactive,4.522878745280337
CHEMBL2409403,COc1cc2nnc(C(N)=O)c(Nc3ccc(C)cc3F)c2cc1N1CCOCC1,<rdkit.Chem.rdchem.Mol object at 0x0000022792892FF0>,30000.0,411.4370000000002,2.7650200000000016,5,2,7,102.6,inactive,4.522878745280337
CHEMBL2409311,COCCOc1cc2ncc(C(N)=O)c(Nc3ccc(C)cc3F)c2cc1N1CCOCC1,<rdkit.Chem.rdchem.Mol object at 0x0000022792893060>,30000.0,454.5020000000003,3.3866200000000024,8,2,7,98.94,inactive,4.522878745280337
CHEMBL2409399,COc1cc2nnc(C(N)=O)c(Nc3ccc(C)cc3F)c2cc1N1C[C@@H](C)N[C@@H](C)C1,<rdkit.Chem.rdchem.Mol object at 0x00000227928930D0>,14000.0,438.5070000000002,3.115020000000001,5,3,7,105.4,inactive,4.853871964321762
CHEMBL2409397,COc1cc2nnc(C(N)=O)c(Nc3ccc(C)cc3F)c2cc1N1CCN(C(C)C)CC1,<rdkit.Chem.rdchem.Mol object at 0x0000022792893140>,4000.0,452.5340000000003,3.458820000000002,6,2,7,96.61,active,5.3979400086720375
CHEMBL2418806,Cc1ccc(Nc2nc(C(=O)N3CCCC(C)C3C)cs2)cc1,<rdkit.Chem.rdchem.Mol object at 0x00000227928931B0>,50000.0,329.469,4.455720000000003,3,1,4,45.23,inactive,4.301029995663981
CHEMBL2441437,O=C1OCc2cc(CCN3CCN(C(=O)Cc4ccc(-n5cnnn5)cc4)CC3)ccc21,<rdkit.Chem.rdchem.Mol object at 0x0000022792893220>,30000.0,432.4840000000001,1.2620999999999991,6,0,8,93.45,inactive,4.522878745280337
CHEMBL3085870,Nc1nc2c(s1)C[C@@H](NC(=O)c1ccco1)CC2,<rdkit.Chem.rdchem.Mol object at 0x0000022792893290>,30000.0,263.322,1.6056,2,2,5,81.14999999999999,inactive,4.522878745280337
CHEMBL3085874,Nc1nc2c(s1)CC(CNC(=O)c1cc(Br)c(Br)[nH]1)CC2,<rdkit.Chem.rdchem.Mol object at 0x0000022792893300>,30000.0,434.1570000000001,3.1133000000000006,3,3,4,83.79999999999998,inactive,4.522878745280337
CHEMBL3085873,Nc1nc2c(s1)CC(CNC(=O)c1cc(Br)c[nH]1)CC2,<rdkit.Chem.rdchem.Mol object at 0x0000022792893370>,30000.0,355.2610000000001,2.3508000000000004,3,3,4,83.79999999999998,inactive,4.522878745280337
CHEMBL3318957,CCOC[C@@H](CC(C)C)NC(=O)C1CNCC(C(=O)N(c2ccc(C(C)C)cn2)C2CC2)[C@@H]1O,<rdkit.Chem.rdchem.Mol object at 0x00000227928933E0>,30000.0,474.6460000000002,2.464300000000003,11,3,6,103.79,inactive,4.522878745280337
CHEMBL3322768,COc1ccc2c(c1)NC1(CCN(C(=O)c3ccccc3Br)CC1)c1cccn1-2,<rdkit.Chem.rdchem.Mol object at 0x0000022792893450>,7601.0,452.3520000000001,4.805400000000005,2,1,4,46.5,inactive,5.119129267467576
CHEMBL3322760,COc1ccc2c(c1)NC1(CCN(C(=O)c3cccc(C#N)c3)CC1)c1cccn1-2,<rdkit.Chem.rdchem.Mol object at 0x00000227928934C0>,9716.0,398.4660000000001,3.9145800000000026,2,1,5,70.28999999999999,inactive,5.0125124938669074
CHEMBL3325531,O=C1C[C@@H](c2ccc(F)cc2)[C@H](COc2cc(F)c(S(=O)(=O)Nc3ncns3)cc2F)CN1,<rdkit.Chem.rdchem.Mol object at 0x0000022792893530>,10000.0,498.50800000000015,3.054900000000001,7,2,7,110.28,inactive,5.0
CHEMBL3325534,O=S(=O)(Nc1ncns1)c1cc(F)c(OC[C@@H]2CCCC[C@H]2c2ccc(Cl)cc2)cc1F,<rdkit.Chem.rdchem.Mol object at 0x00000227928935A0>,24700.0,499.9920000000003,5.623300000000004,7,1,6,81.18,inactive,4.607303046740334
CHEMBL3325537,CN1CC[C@H](c2ccc(Cl)cc2)[C@@H](COc2cc(F)c(S(=O)(=O)Nc3ncns3)cc2F)C1,<rdkit.Chem.rdchem.Mol object at 0x0000022792893610>,10000.0,515.0070000000001,4.384800000000004,7,1,7,84.42,inactive,5.0
CHEMBL3325542,O=S(=O)(Nc1nncs1)c1cc(F)c(OC[C@@H]2CNCC[C@H]2c2ccc(Cl)cc2)cc1F,<rdkit.Chem.rdchem.Mol object at 0x0000022792893680>,10000.0,500.98000000000025,4.042600000000003,7,2,7,93.21,inactive,5.0
CHEMBL3325546,O=S(=O)(Nc1ccc(F)cn1)c1cc(F)c(OC[C@@H]2CNCC[C@H]2c2ccc(Cl)cc2)cc1F,<rdkit.Chem.rdchem.Mol object at 0x00000227928936F0>,10000.0,511.9530000000002,4.725200000000004,7,2,5,80.32000000000001,inactive,5.0
CHEMBL3325550,O=S(=O)(Nc1ncc(F)cn1)c1cc(F)c(OC[C@@H]2CNCC[C@H]2c2ccc(Cl)cc2)cc1F,<rdkit.Chem.rdchem.Mol object at 0x0000022792893760>,10000.0,512.9410000000003,4.120200000000003,7,2,6,93.21,inactive,5.0
CHEMBL3358006,C[C@@H]1CN(c2nc(C(F)(F)F)no2)CCN1c1ncc(OCc2ccc(CS(C)(=O)=O)cc2F)cn1,<rdkit.Chem.rdchem.Mol object at 0x00000227928937D0>,30000.0,530.5040000000002,2.856200000000001,7,0,10,114.55,inactive,4.522878745280337
CHEMBL3337583,COc1ccc(C(=O)N2CCC3(CC2)Nc2cc(OC(F)(F)F)ccc2-n2cccc23)cc1N(C)C,<rdkit.Chem.rdchem.Mol object at 0x0000022792893840>,181.0,500.5210000000001,5.007500000000004,4,1,6,58.97,active,6.7423214251308154
CHEMBL3337590,COc1ccc2c(c1)NC1(CN(C(=O)c3ccc4ncccc4c3)C1)c1cccn1-2,<rdkit.Chem.rdchem.Mol object at 0x00000227928938B0>,30000.0,396.4500000000001,3.810900000000002,2,1,5,59.39,inactive,4.522878745280337
CHEMBL3337601,COc1ccc2c(c1)NC1(CCN(C(=O)c3ccc4c(ccn4C)c3)CC1)c1cccn1-2,<rdkit.Chem.rdchem.Mol object at 0x0000022792893920>,1653.0,426.52000000000015,4.534600000000004,2,1,5,51.43,active,5.781727146428553
CHEMBL716,OCCOCCN1CCN(C2=Nc3ccccc3Sc3ccccc32)CC1,<rdkit.Chem.rdchem.Mol object at 0x0000022792893990>,16900.0,383.51700000000017,2.8560000000000016,5,1,6,48.3,inactive,4.772113295386326
CHEMBL3582472,Fc1cncc(-c2nc3cc(F)c(F)cc3n2C2CC2)c1,<rdkit.Chem.rdchem.Mol object at 0x0000022792893A00>,30000.0,289.26000000000005,3.850500000000002,2,0,3,30.71,inactive,4.522878745280337
CHEMBL2324355,Cc1nocc1C(=O)Nc1ccc(-c2ccccc2OC(F)(F)F)c(N)n1,<rdkit.Chem.rdchem.Mol object at 0x0000022792893A70>,12000.0,378.31000000000006,3.778120000000001,4,2,6,103.27,inactive,4.920818753952375
CHEMBL3622446,Cc1nnc2n1-c1ccc(-c3cncc([C@@](C)(O)C(F)(F)F)c3)cc1CC2,<rdkit.Chem.rdchem.Mol object at 0x0000022792893AE0>,30000.0,374.3660000000001,3.506120000000002,2,1,5,63.83,inactive,4.522878745280337
CHEMBL3634321,O=C1COc2c(cccc2N2CCN(CC(O)COc3ccccc3C(=O)c3ccccc3)CC2)N1,<rdkit.Chem.rdchem.Mol object at 0x0000022792893B50>,20000.0,487.5560000000002,2.8104000000000005,8,2,7,91.34,inactive,4.698970004336019
CHEMBL3632641,O=C(c1ccccc1)c1ccc(OCC(O)CN2CCC(N3Cc4ccccc4C3=O)CC2)cc1,<rdkit.Chem.rdchem.Mol object at 0x0000022792893BC0>,1200.0,470.5690000000003,3.777700000000003,8,1,5,70.08000000000001,active,5.920818753952375
CHEMBL3683212,O=S(=O)(Nc1ncns1)N1CCc2c(cccc2-c2ccc(C(F)(F)F)cc2-c2cncnc2)C1,<rdkit.Chem.rdchem.Mol object at 0x0000022792893C30>,10000.0,518.546,4.395900000000004,5,1,7,100.97,inactive,5.0
CHEMBL3704408,Cn1nccc1-c1cc(C(F)(F)F)ccc1-c1cn(C)c2cc(S(=O)(=O)Nc3nncs3)ccc12,<rdkit.Chem.rdchem.Mol object at 0x0000022792893CA0>,10000.0,518.5460000000002,4.916900000000004,5,1,8,94.7,inactive,5.0
CHEMBL3704434,Cn1cc(-c2ccc(Br)cc2C(F)(F)F)c2ccc(S(=O)(=O)Nc3ncns3)cc21,<rdkit.Chem.rdchem.Mol object at 0x0000022792893D10>,10000.0,517.3520000000001,5.278900000000002,4,1,6,76.88,inactive,5.0
CHEMBL3704417,Cn1nccc1-c1cc(C(F)(F)F)ccc1-c1c[nH]c2nc(S(=O)(=O)Nc3ncns3)ccc12,<rdkit.Chem.rdchem.Mol object at 0x0000022792893D80>,8550.0,505.5070000000001,4.301500000000002,5,2,8,118.45,inactive,5.068033885271827
CHEMBL3704422,Cn1cc(-c2ccc(F)c(C#N)c2)c2ccc(S(=O)(=O)Nc3ncns3)cc21,<rdkit.Chem.rdchem.Mol object at 0x0000022792893DF0>,7630.0,413.4590000000001,3.5083800000000016,4,1,7,100.67,inactive,5.117475462045119
CHEMBL3654182,CC1(C)[C@H]2CC[C@H](COc3cc(F)c(C(=O)NS(C)(=O)=O)cc3Cl)[C@@H]1C2,<rdkit.Chem.rdchem.Mol object at 0x0000022792893E60>,1070.0,403.9030000000001,3.619600000000003,5,1,4,72.47,active,5.97061622231479
CHEMBL3704423,Cn1cc(-c2ccc(C#N)c(F)c2)c2ccc(S(=O)(=O)Nc3ncns3)cc21,<rdkit.Chem.rdchem.Mol object at 0x0000022792893ED0>,10000.0,413.45900000000006,3.5083800000000016,4,1,7,100.67,inactive,5.0
CHEMBL3704421,COc1cc(OC)cc(-c2cn(C)c3cc(S(=O)(=O)Nc4ncns4)ccc23)c1,<rdkit.Chem.rdchem.Mol object at 0x0000022792893F40>,10000.0,430.5110000000001,3.514800000000002,6,1,8,95.34,inactive,5.0
CHEMBL3683201,O=S(=O)(Nc1ncns1)N1CCc2c(cccc2-c2ccc(Cl)cc2Cl)C1,<rdkit.Chem.rdchem.Mol object at 0x00000227928E8040>,10000.0,441.3650000000001,4.226900000000002,4,1,5,75.19,inactive,5.0
CHEMBL3683248,COc1cc(C(F)(F)F)ccc1-c1ncnc2c1CCN(S(=O)(=O)Nc1nccs1)C2,<rdkit.Chem.rdchem.Mol object at 0x00000227928E80B0>,10000.0,471.4860000000002,3.342500000000002,5,1,7,97.31000000000002,inactive,5.0
CHEMBL3683231,COc1cc(C(F)(F)F)ccc1-c1cccc2c1C(C)CN(S(=O)(=O)Nc1ncns1)C2,<rdkit.Chem.rdchem.Mol object at 0x00000227928E8120>,10000.0,484.5250000000002,4.508500000000004,5,1,6,84.42,inactive,5.0
CHEMBL3704455,Cn1cc(-c2ccc(C(F)(F)F)cc2C2=CCNCC2)c2ccc(S(=O)(=O)Nc3cscn3)cc21,<rdkit.Chem.rdchem.Mol object at 0x00000227928E8190>,10000.0,518.5860000000001,5.498100000000004,5,2,6,76.02000000000001,inactive,5.0
CHEMBL3704403,Cn1nccc1-c1cc(C(F)(F)F)ccc1-c1cn(S(C)(=O)=O)c2cc(S(=O)(=O)Nc3ncns3)ccc12,<rdkit.Chem.rdchem.Mol object at 0x00000227928E8200>,10000.0,582.6110000000001,4.187600000000003,6,1,10,128.84,inactive,5.0
CHEMBL3683196,O=S(=O)(Nc1ncns1)N1CCc2c(cccc2-c2ccc(C(F)(F)F)cc2Br)C1,<rdkit.Chem.rdchem.Mol object at 0x00000227928E8270>,10000.0,519.368,4.701400000000003,4,1,5,75.19,inactive,5.0
CHEMBL2409213,Cn1cc(-c2ccc(C(F)(F)F)cc2C2=CCNCC2)c2ccc(S(=O)(=O)Nc3ncns3)cc21,<rdkit.Chem.rdchem.Mol object at 0x00000227928E82E0>,10000.0,519.5740000000002,4.893100000000003,5,2,7,88.91000000000001,inactive,5.0
CHEMBL3704411,Cn1cc(-c2ccc(C(F)(F)F)cc2C#N)c2ccc(S(=O)(=O)Nc3ncns3)cc21,<rdkit.Chem.rdchem.Mol object at 0x00000227928E8350>,10000.0,463.46600000000007,4.388080000000003,4,1,7,100.67,inactive,5.0
CHEMBL3704418,Cn1nccc1-c1cc(C(F)(F)F)ccc1-c1cn(C)c2nc(S(=O)(=O)Nc3ncns3)ccc12,<rdkit.Chem.rdchem.Mol object at 0x00000227928E83C0>,10000.0,519.5340000000001,4.311900000000002,5,1,9,107.59,inactive,5.0
CHEMBL3704430,Cn1cc(-c2cccc(S(C)(=O)=O)c2)c2ccc(S(=O)(=O)Nc3ncns3)cc21,<rdkit.Chem.rdchem.Mol object at 0x00000227928E8430>,10000.0,448.5510000000001,2.9011000000000013,5,1,8,111.02,inactive,5.0
CHEMBL3704446,COc1cc(-c2cn(C)c3cc(S(=O)(=O)Nc4ncns4)ccc23)c(F)cn1,<rdkit.Chem.rdchem.Mol object at 0x00000227928E84A0>,10000.0,419.4630000000001,3.040300000000001,5,1,8,99.0,inactive,5.0
CHEMBL3683235,O=S(=O)(Nc1ncns1)N1CCc2c(cccc2-c2ccnc3cc(Cl)ccc23)C1,<rdkit.Chem.rdchem.Mol object at 0x00000227928E8510>,10000.0,457.9680000000001,4.121700000000003,4,1,6,88.08,inactive,5.0
CHEMBL3683209,COc1cncc(-c2cc(C(F)(F)F)ccc2-c2cccc3c2CCN(S(=O)(=O)Nc2ncns2)C3)c1,<rdkit.Chem.rdchem.Mol object at 0x00000227928E8580>,10000.0,547.5840000000001,5.0095000000000045,6,1,7,97.31,inactive,5.0
CHEMBL3764088,O=C(Cn1ncccc1=O)Nc1ccc(C[C@@H]2CC[C@H]([C@H](O)c3ccccc3)N2)cc1,<rdkit.Chem.rdchem.Mol object at 0x00000227928E85F0>,30000.0,418.497,2.2787000000000006,7,3,6,96.25,inactive,4.522878745280337
CHEMBL3765335,CC(C(=O)Nc1ccc(C[C@@H]2CC[C@H]([C@H](O)c3ccccc3)N2)cc1)n1ncccc1=O,<rdkit.Chem.rdchem.Mol object at 0x00000227928E8660>,30000.0,432.52400000000006,2.839700000000001,7,3,6,96.25,inactive,4.522878745280337
CHEMBL3763934,O=C(Nc1ccc(C[C@@H]2CC[C@H]([C@H](O)c3ccccc3)N2)cc1)C1CCc2cccc(=O)n21,<rdkit.Chem.rdchem.Mol object at 0x00000227928E86D0>,30000.0,443.54700000000014,3.371000000000002,6,3,5,83.36000000000001,inactive,4.522878745280337
CHEMBL2107826,O=C(Nc1ccc(C[C@@H]2CC[C@H]([C@H](O)c3ccccc3)N2)cc1)C1CCc2nccc(=O)n21,<rdkit.Chem.rdchem.Mol object at 0x00000227928E8740>,30000.0,444.53500000000014,2.766000000000001,6,3,6,96.25,inactive,4.522878745280337
CHEMBL3798363,O=C1NCCN1CCOc1nn(-c2ccccc2F)c2ccc(F)cc12,<rdkit.Chem.rdchem.Mol object at 0x00000227928E87B0>,2800.0,358.3480000000001,2.7077,5,1,4,59.39000000000001,active,5.552841968657781
CHEMBL3798493,O=C(COc1nn(-c2ccccc2F)c2ccc(F)cc12)N1CCOCC1,<rdkit.Chem.rdchem.Mol object at 0x00000227928E8820>,1000.0,373.35900000000026,2.541300000000001,4,0,5,56.59,active,6.0
CHEMBL3798228,O=C(CN1CCN(c2cccc3c2cnn3-c2ccccc2F)C1=O)N1CC[C@H](F)C1,<rdkit.Chem.rdchem.Mol object at 0x00000227928E8890>,33000.0,425.4390000000002,2.977000000000001,4,0,4,61.68000000000001,inactive,4.481486060122113
CHEMBL3799551,CC(C)CC(=O)CN1CCN(c2cccc3c2cnn3-c2ccccc2F)C1=O,<rdkit.Chem.rdchem.Mol object at 0x00000227928E8900>,15000.0,394.4500000000001,4.021800000000003,6,0,4,58.440000000000005,inactive,4.823908740944319
CHEMBL3805897,Nc1[nH]nc2ccc(-c3cc(Cl)ccc3Oc3cc(F)c(S(=O)(=O)Nc4ncns4)cc3F)cc12,<rdkit.Chem.rdchem.Mol object at 0x00000227928E8970>,10000.0,534.9570000000001,5.188300000000001,6,3,8,135.88,inactive,5.0
CHEMBL3692148,COc1cc(C(F)(F)F)ccc1-c1nccc2cc(S(=O)(=O)Nc3nccs3)cnc12,<rdkit.Chem.rdchem.Mol object at 0x00000227928E89E0>,30000.0,466.4660000000002,4.581500000000002,5,1,7,94.07,inactive,4.522878745280337
CHEMBL3682786,COc1cc(C(F)(F)F)ccc1-c1nccc2cc(S(=O)(=O)Nc3nccs3)ccc12,<rdkit.Chem.rdchem.Mol object at 0x00000227928E8A50>,30000.0,465.4780000000002,5.186500000000002,5,1,6,81.17999999999999,inactive,4.522878745280337
CHEMBL3682653,COc1cc(C(F)(F)F)ccc1-c1cccc2cc(S(=O)(=O)Nc3ccncn3)ccc12,<rdkit.Chem.rdchem.Mol object at 0x00000227928E8AC0>,30000.0,459.4490000000002,5.125000000000004,5,1,5,81.18,inactive,4.522878745280337
CHEMBL3707392,O=C1c2cc(-c3ccc(OC(F)(F)F)cc3)ccc2OCCN1Cc1ncccn1,<rdkit.Chem.rdchem.Mol object at 0x00000227928E8B30>,52000.0,415.3710000000002,4.077000000000004,4,0,5,64.55000000000001,inactive,4.2839966563652006
CHEMBL3692136,O=S(=O)(Nc1ncns1)c1ccc2c(-c3ccc(C(F)(F)F)cc3-c3ccncc3)nccc2c1,<rdkit.Chem.rdchem.Mol object at 0x00000227928E8BA0>,30000.0,513.5260000000002,5.6349000000000045,5,1,7,97.73,inactive,4.522878745280337
CHEMBL3682657,Cn1nccc1-c1cc(C(F)(F)F)ccc1-c1cccc2cc(S(=O)(=O)Nc3nccs3)ccc12,<rdkit.Chem.rdchem.Mol object at 0x00000227928E8C10>,5820.0,514.5540000000001,6.183400000000004,5,1,6,76.88,inactive,5.235077015350112
CHEMBL3692134,O=S(=O)(Nc1ncns1)c1ccc2c(-c3ccc(C(F)(F)F)cc3Br)nccc2c1,<rdkit.Chem.rdchem.Mol object at 0x00000227928E8C80>,30000.0,515.3360000000001,5.335400000000003,4,1,6,84.84,inactive,4.522878745280337
CHEMBL3682643,NC(=O)c1cc(C(F)(F)F)ccc1-c1cccc2cc(S(=O)(=O)Nc3ncns3)ccc12,<rdkit.Chem.rdchem.Mol object at 0x00000227928E8CF0>,30000.0,478.47700000000015,4.2768000000000015,5,2,6,115.04,inactive,4.522878745280337
CHEMBL3687549,COc1ccccc1-c1ncnc2cc(S(=O)(=O)Nc3nccs3)ccc12,<rdkit.Chem.rdchem.Mol object at 0x00000227928E8D60>,30000.0,398.4690000000001,3.562700000000002,5,1,7,94.07,inactive,4.522878745280337
CHEMBL3687610,COc1cc(Cl)c(C#N)cc1-c1nccc2cc(S(=O)(=O)Nc3nncs3)ccc12,<rdkit.Chem.rdchem.Mol object at 0x00000227928E8DD0>,30000.0,457.9240000000001,4.087780000000002,5,1,8,117.86,inactive,4.522878745280337
CHEMBL3687621,COc1ccc(-c2cccc(F)c2)cc1-c1nccc2cc(S(=O)(=O)Nc3ccncn3)ccc12,<rdkit.Chem.rdchem.Mol object at 0x00000227928E8E40>,30000.0,486.5280000000001,5.307300000000004,6,1,6,94.07,inactive,4.522878745280337
CHEMBL3687629,Cc1cc(-c2cccc(F)c2)ccc1-c1nccc2cc(S(=O)(=O)Nc3ccncn3)ccc12,<rdkit.Chem.rdchem.Mol object at 0x00000227928E8EB0>,30000.0,470.5290000000001,5.6071200000000045,5,1,5,84.84,inactive,4.522878745280337
CHEMBL3687639,COc1cc(-c2cccc(F)c2)ccc1-c1nccc2cc(S(=O)(=O)Nc3ncns3)ccc12,<rdkit.Chem.rdchem.Mol object at 0x00000227928E8F20>,30000.0,492.5570000000001,5.368800000000003,6,1,7,94.07,inactive,4.522878745280337
CHEMBL3692152,N#CCOc1cc(Cl)ccc1-c1nccc2cc(S(=O)(=O)N(OC(=O)C(F)(F)F)c3nccs3)ccc12,<rdkit.Chem.rdchem.Mol object at 0x00000227928E8F90>,30000.0,568.9420000000001,5.129880000000003,7,0,9,122.48,inactive,4.522878745280337
CHEMBL3692154,N#CCOc1ccccc1-c1nccc2cc(S(=O)(=O)N(OC(=O)C(F)(F)F)c3nccs3)ccc12,<rdkit.Chem.rdchem.Mol object at 0x00000227928E9000>,30000.0,534.4970000000002,4.476480000000003,7,0,9,122.48,inactive,4.522878745280337
CHEMBL3687651,COc1ccccc1-c1ncc(F)c2cc(S(=O)(=O)Nc3ncns3)ccc12,<rdkit.Chem.rdchem.Mol object at 0x00000227928E9070>,30000.0,416.45900000000006,3.701800000000002,5,1,7,94.07,inactive,4.522878745280337
CHEMBL3687692,COc1cc(C(F)F)c(OC)cc1-c1nccc2cc(S(=O)(=O)Nc3nccs3)ccc12,<rdkit.Chem.rdchem.Mol object at 0x00000227928E90E0>,30000.0,477.5140000000001,5.113900000000003,7,1,7,90.41,inactive,4.522878745280337
CHEMBL3687729,COc1cc(-c2ccc(C)c(Cl)c2)ccc1-c1nccc2cc(S(=O)(=O)Nc3ccncn3)ccc12,<rdkit.Chem.rdchem.Mol object at 0x00000227928E9150>,30000.0,517.0100000000001,6.130020000000005,6,1,6,94.07,inactive,4.522878745280337
CHEMBL3687737,COc1cc(C(F)(F)F)ccc1-c1nc(C)nc2cc(S(=O)(=O)Nc3nccs3)ccc12,<rdkit.Chem.rdchem.Mol object at 0x00000227928E91C0>,30000.0,480.49300000000017,4.889920000000003,5,1,7,94.07,inactive,4.522878745280337
CHEMBL3687747,COc1cc(-c2cccc(F)c2)c(Cl)cc1-c1ncnc2cc(S(=O)(=O)Nc3ccncn3)ccc12,<rdkit.Chem.rdchem.Mol object at 0x00000227928E9230>,6590.0,521.9610000000001,5.355700000000003,6,1,7,106.96,inactive,5.18111458540599
CHEMBL3687752,COc1cc(-c2cc(F)cc(F)c2)ccc1-c1ncnc2cc(S(=O)(=O)Nc3nncs3)ccc12,<rdkit.Chem.rdchem.Mol object at 0x00000227928E92A0>,30000.0,511.5350000000002,4.902900000000003,6,1,8,106.96,inactive,4.522878745280337
CHEMBL3961261,O=S(=O)(Nc1cscn1)c1ccc2c(c1)OCCN2c1ccc(C(F)(F)F)cc1Cl,<rdkit.Chem.rdchem.Mol object at 0x00000227928E9310>,10000.0,475.9010000000002,5.146600000000003,4,1,6,71.53,inactive,5.0
CHEMBL3928707,O=S(=O)(Nc1ncns1)c1ccc2c(c1)OCCN2c1ccc(C(F)(F)F)cc1C1=CCOCC1,<rdkit.Chem.rdchem.Mol object at 0x00000227928E9380>,214.0,524.5460000000003,4.691900000000003,5,1,8,93.65,active,6.669586226650809
CHEMBL3944754,O=S(=O)(Nc1ncns1)c1ccc2c(c1)OCCN2c1cccc2ccccc12,<rdkit.Chem.rdchem.Mol object at 0x00000227928E93F0>,10000.0,424.5070000000002,4.022600000000002,4,1,7,84.42,inactive,5.0
CHEMBL3983923,Cn1nccc1-c1cc(C(F)(F)F)ccc1N1CCOc2cc(S(=O)(=O)Nc3nccs3)ccc21,<rdkit.Chem.rdchem.Mol object at 0x00000227928E9460>,10000.0,521.5460000000002,4.893700000000003,5,1,8,89.35000000000001,inactive,5.0
CHEMBL3928011,CN1CC=C(c2cc(C(F)(F)F)ccc2N2CCOc3cc(S(=O)(=O)Nc4nccs4)ccc32)CC1,<rdkit.Chem.rdchem.Mol object at 0x00000227928E94D0>,3590.0,536.601,5.212100000000004,5,1,7,74.77000000000001,active,5.444905551421681
CHEMBL3943116,COCCNc1cc(C(F)(F)F)ccc1N1CCOc2cc(S(=O)(=O)Nc3ccncn3)ccc21,<rdkit.Chem.rdchem.Mol object at 0x00000227928E9540>,10000.0,509.51000000000016,3.8850000000000025,8,2,8,105.68,inactive,5.0
CHEMBL3900428,CN1CCN(c2cc(C(F)(F)F)ccc2N2CCOc3cc(S(=O)(=O)Nc4nccs4)ccc32)CC1,<rdkit.Chem.rdchem.Mol object at 0x00000227928E95B0>,957.0,539.605,4.245000000000004,5,1,8,78.01,active,6.019088062223156
CHEMBL3909534,O=S(=O)(Nc1nccs1)c1ccc2c(c1)OCCN2c1ccc(C(F)(F)F)cc1-c1ccncc1,<rdkit.Chem.rdchem.Mol object at 0x00000227928E9620>,554.0,518.5420000000003,5.555200000000004,5,1,7,84.42,active,6.2564902352715706
CHEMBL3982796,O=S(=O)(Nc1nccs1)c1ccc2c(c1)OCCN2c1ccccc1N1CCNCC1,<rdkit.Chem.rdchem.Mol object at 0x00000227928E9690>,5570.0,457.5810000000003,2.8840000000000003,5,2,8,86.8,inactive,5.254144804826271
CHEMBL3902690,O=S(=O)(Nc1nccs1)c1ccc2c(c1)OCCN2c1cccc2ccncc12,<rdkit.Chem.rdchem.Mol object at 0x00000227928E9700>,4830.0,424.5070000000002,4.022600000000002,4,1,7,84.42,active,5.316052869248487
CHEMBL3967311,COc1cccc(N2CCOc3cc(S(=O)(=O)Nc4nccs4)ccc32)c1,<rdkit.Chem.rdchem.Mol object at 0x00000227928E9770>,10000.0,403.485,3.4830000000000023,5,1,7,80.76,inactive,5.0
CHEMBL3943018,O=S(=O)(Nc1nccs1)c1ccc2c(c1)OCCN2c1ccc(F)c(F)c1,<rdkit.Chem.rdchem.Mol object at 0x00000227928E97E0>,3810.0,409.43900000000014,3.752600000000002,4,1,6,71.53,active,5.419075024324381
CHEMBL3919882,COc1cc(Cl)cnc1N1CC(C)Oc2cc(S(=O)(=O)Nc3nccs3)ccc21,<rdkit.Chem.rdchem.Mol object at 0x00000227928E9850>,9590.0,452.9450000000001,3.919900000000003,5,1,8,93.65,inactive,5.018181392829336
CHEMBL3902642,O=S(=O)(Nc1nccs1)c1ccc2c(c1)OCCN2c1ccc(OCC(F)(F)F)cc1,<rdkit.Chem.rdchem.Mol object at 0x00000227928E98C0>,3370.0,471.4820000000002,4.415500000000002,6,1,7,80.76,active,5.4723700991286615
CHEMBL3927096,COc1ccc(C(F)(F)F)cc1N1CCOc2cc(S(=O)(=O)Nc3nccs3)ccc21,<rdkit.Chem.rdchem.Mol object at 0x00000227928E9930>,5060.0,471.4820000000001,4.501800000000002,5,1,7,80.76,inactive,5.295849483160201
CHEMBL3900718,O=S(=O)(Nc1nccs1)c1ccc2c(c1)OCCN2c1ccc(C(F)(F)F)c(Cl)c1,<rdkit.Chem.rdchem.Mol object at 0x00000227928E99A0>,10000.0,475.9010000000002,5.146600000000003,4,1,6,71.53,inactive,5.0
CHEMBL3946933,O=S(=O)(Nc1nccs1)c1ccc2c(c1)OCCN2c1ccccc1C1CCOCC1,<rdkit.Chem.rdchem.Mol object at 0x00000227928E9A10>,10000.0,457.57700000000034,4.368400000000004,5,1,7,80.76,inactive,5.0
CHEMBL3973123,O=S(=O)(Nc1nccs1)c1ccc2c(c1)OCCN2c1ccc(Cl)c(F)c1,<rdkit.Chem.rdchem.Mol object at 0x00000227928E9A80>,10000.0,425.8940000000001,4.266900000000002,4,1,6,71.53,inactive,5.0
CHEMBL3928200,Cc1c(Cl)cccc1N1CCOc2cc(S(=O)(=O)Nc3nccs3)ccc21,<rdkit.Chem.rdchem.Mol object at 0x00000227928E9AF0>,10000.0,421.931,4.436220000000002,4,1,6,71.53,inactive,5.0
CHEMBL3948619,O=S(=O)(Nc1nccs1)c1ccc2c(c1)OCCN2c1cccc(OC(F)(F)F)c1,<rdkit.Chem.rdchem.Mol object at 0x00000227928E9B60>,7620.0,457.45500000000015,4.373000000000002,5,1,7,80.76,inactive,5.1180450286604
CHEMBL3963974,COc1ccncc1N1CCOc2cc(S(=O)(=O)Nc3nccs3)ccc21,<rdkit.Chem.rdchem.Mol object at 0x00000227928E9BD0>,10000.0,404.47300000000007,2.878000000000001,5,1,8,93.65,inactive,5.0
CHEMBL3916594,COc1cc(-c2cccc(F)c2)ccc1N1CCOc2cc(S(=O)(=O)Nc3nccs3)ccc21,<rdkit.Chem.rdchem.Mol object at 0x00000227928E9C40>,4830.0,497.57300000000015,5.289100000000003,6,1,7,80.76,active,5.316052869248487
CHEMBL3932071,O=S(=O)(Nc1nccs1)c1ccc2c(c1)OCCN2c1ccc(C(F)(F)F)cc1C(O)CO,<rdkit.Chem.rdchem.Mol object at 0x00000227928E9CB0>,637.0,501.5080000000002,3.5189000000000026,6,3,8,111.99,active,6.195860567664649
CHEMBL3946486,O=S(=O)(Nc1nccs1)c1ccc2c(c1)OCCN2c1ccc(C(F)(F)F)cc1CCO,<rdkit.Chem.rdchem.Mol object at 0x00000227928E9D20>,471.0,485.5090000000002,4.028000000000004,6,2,7,91.76,active,6.326979092871103
CHEMBL3920827,COc1cc(C#N)ccc1N1CCOc2cc(S(=O)(=O)Nc3nccs3)c(F)cc21,<rdkit.Chem.rdchem.Mol object at 0x00000227928E9D90>,1310.0,446.48500000000007,3.493780000000002,5,1,8,104.55,active,5.882728704344236
CHEMBL4066348,CC(C)C[C@@H](N)Cc1nc(-c2ccc(Cl)cc2)no1,<rdkit.Chem.rdchem.Mol object at 0x00000227928E9E00>,3200.0,279.771,3.305900000000001,5,1,4,64.94,active,5.494850021680094
CHEMBL4081007,CC(C)C[C@H](N)Cc1nc(-c2ccc(Cl)cc2)no1,<rdkit.Chem.rdchem.Mol object at 0x00000227928E9E70>,1600.0,279.771,3.305900000000001,5,1,4,64.94,active,5.795880017344075
CHEMBL4096468,NC1(Cc2nc(-c3ccc(OC(F)(F)F)cc3)c[nH]2)COC1,<rdkit.Chem.rdchem.Mol object at 0x00000227928E9EE0>,36000.0,313.27900000000005,2.2455,4,2,4,73.16,inactive,4.443697499232712
CHEMBL4092912,O=C(c1ccc(C[C@@H]2CC[C@H]([C@H](O)c3ccccc3)N2)cc1)N1CCN(Cc2nnn(CC3CC3)n2)CC1,<rdkit.Chem.rdchem.Mol object at 0x00000227928E9F50>,30000.0,515.6620000000004,2.4378,9,2,8,99.41,inactive,4.522878745280337
CHEMBL4101437,N[C@H]1CC[C@](CCNc2cc(F)c(S(=O)(=O)Nc3nccs3)cc2Cl)(c2ccccc2)CC1,<rdkit.Chem.rdchem.Mol object at 0x00000227928E9FC0>,30000.0,509.0720000000002,5.377700000000004,8,3,6,97.11,inactive,4.522878745280337
CHEMBL3687604,COc1cc(-c2cccc(F)c2)c(Cl)cc1-c1nccc2cc(S(=O)(=O)Nc3ncns3)ccc12,<rdkit.Chem.rdchem.Mol object at 0x00000227928EA030>,1500.0,527.0020000000001,6.022200000000003,6,1,7,94.07,active,5.823908740944319
CHEMBL3692139,COc1cc(C(F)(F)F)ccc1-c1nccc2cc(S(=O)(=O)Nc3ccncn3)ccc12,<rdkit.Chem.rdchem.Mol object at 0x00000227928EA0A0>,30000.0,460.4370000000002,4.520000000000003,5,1,6,94.07,inactive,4.522878745280337
CHEMBL4065741,O=S(=O)(Nc1nccs1)c1cc(Cl)c(NCC23CCCCN2CCCC3)cc1F,<rdkit.Chem.rdchem.Mol object at 0x00000227928EA110>,30000.0,459.0120000000004,4.556900000000003,6,2,6,74.33,inactive,4.522878745280337
CHEMBL4100911,O=S(=O)(Nc1nccs1)c1cc(Cl)c(NC[C@@]23CCCN2C[C@H](F)C3)cc1F,<rdkit.Chem.rdchem.Mol object at 0x00000227928EA180>,30000.0,448.94800000000026,3.724700000000002,6,2,6,74.33,inactive,4.522878745280337
CHEMBL4082170,O=c1oc2cc(S(=O)(=O)Nc3ncns3)ccc2n1Cc1ccccc1,<rdkit.Chem.rdchem.Mol object at 0x00000227928EA1F0>,30000.0,388.4300000000001,2.2951000000000006,5,1,8,107.09,inactive,4.522878745280337
CHEMBL4062193,Fc1ccc(Nc2[nH]nc3cc(OC(F)(F)F)cnc23)cc1F,<rdkit.Chem.rdchem.Mol object at 0x00000227928EA260>,18200.0,330.216,3.8783,3,2,4,62.83,inactive,4.739928612014925
CHEMBL2324755,Cn1nccc1-c1cc(Cl)ccc1Oc1cc(F)c(S(=O)(=O)Nc2nncs2)cc1Cl,<rdkit.Chem.rdchem.Mol object at 0x00000227928EA2D0>,30000.0,500.36400000000015,4.9776000000000025,6,1,8,99.0,inactive,4.522878745280337
CHEMBL2324776,O=S(=O)(Nc1nncs1)c1cc(Cl)c(Oc2ccc(C(F)(F)F)cc2-c2ccnnc2)cc1F,<rdkit.Chem.rdchem.Mol object at 0x00000227928EA340>,30000.0,531.9000000000002,5.399500000000002,6,1,8,106.96,inactive,4.522878745280337
CHEMBL2325627,Nc1[nH]ncc1-c1cc(C(F)(F)F)ccc1Oc1cc(F)c(S(=O)(=O)Nc2nncs2)cc1Cl,<rdkit.Chem.rdchem.Mol object at 0x00000227928EA3B0>,14413.0,534.9040000000001,4.914800000000001,6,3,8,135.88,inactive,4.841245613367712
CHEMBL4071906,Nc1cccnc1-c1cccc(C(=O)Nc2cccc(C(F)(F)F)c2-c2cccnc2)c1,<rdkit.Chem.rdchem.Mol object at 0x00000227928EA420>,3900.0,434.4210000000001,5.663900000000004,4,2,4,80.89999999999999,active,5.4089353929735005
CHEMBL4063274,O=C(Nc1cccc(C(F)(F)F)c1-c1ccccn1)c1cccc(-c2ncccc2C(F)(F)F)c1,<rdkit.Chem.rdchem.Mol object at 0x00000227928EA490>,480.0,487.4030000000001,7.100500000000006,4,1,3,54.88,active,6.318758762624412
CHEMBL4126938,CC1(O)CC[C@@]2(C)[C@H](C[C@@H](N3CCC[C@@H](N)C3)[C@@H]2Oc2ccc(C#N)cc2)C1,<rdkit.Chem.rdchem.Mol object at 0x00000227928EA500>,100000.0,383.5360000000001,3.058480000000001,3,2,5,82.50999999999999,inactive,4.0
CHEMBL4130214,N#Cc1ccc(O[C@@H]2[C@@H]3CC(=O)C3C[C@H]2N2CCC[C@@H](N)C2)cc1,<rdkit.Chem.rdchem.Mol object at 0x00000227928EA570>,100000.0,325.41200000000003,1.7062799999999998,3,1,5,79.35,inactive,4.0
CHEMBL4209955,CC1(C)CN[C@@H](c2cc(Cl)cc(Cl)c2)[C@H](Oc2cc(F)c(S(=O)(=O)Nc3ncns3)cc2F)O1,<rdkit.Chem.rdchem.Mol object at 0x00000227928EA5E0>,4400.0,551.4240000000002,4.768500000000003,6,2,8,102.44,active,5.356547323513812
CHEMBL4278898,O=C(Nc1ccc(OCC(F)(F)F)nc1)C(c1ccccc1)N1CCN(C(=O)c2cc(F)cc(F)c2)CC1,<rdkit.Chem.rdchem.Mol object at 0x00000227928EA650>,3000.0,534.4850000000001,4.438700000000003,7,1,5,74.77000000000001,active,5.522878745280337
CHEMBL4290645,O=C(NCc1ccccc1)C(c1ccccc1)N1CC2CCC(C1)N2C(=O)c1cc(F)ccc1Cl,<rdkit.Chem.rdchem.Mol object at 0x00000227928EA6C0>,4200.0,491.99400000000026,4.825600000000005,6,1,3,52.650000000000006,active,5.376750709602099
CHEMBL4295171,O=C(Nc1ccc(OCC(F)(F)F)nc1)C(c1ccccc1)N1CCN(C(=O)c2cc(F)cnc2Cl)CC1,<rdkit.Chem.rdchem.Mol object at 0x00000227928EA730>,11000.0,551.9280000000001,4.348000000000003,7,1,6,87.66000000000001,inactive,4.958607314841775
CHEMBL4276864,Cn1cc(-c2ccc(C(F)F)cc2)c2cc(F)c(C(=O)NS(=O)(=O)C3CC3)cc21,<rdkit.Chem.rdchem.Mol object at 0x00000227928EA7A0>,9666.0,422.42800000000017,4.144000000000003,5,1,4,68.17,inactive,5.0147532091971385
CHEMBL4285790,CS(=O)(=O)Nc1nnc2cc(COc3cc(Cl)cc(Cl)c3)c(C3CC3)cn12,<rdkit.Chem.rdchem.Mol object at 0x00000227928EA810>,1313.0,427.3130000000002,3.8640000000000017,6,1,6,85.59,active,5.881735273910521
CHEMBL4297317,CC(C(N)=O)[C@H](N)c1nc2cc(C(C)(C)C)ccc2[nH]1,<rdkit.Chem.rdchem.Mol object at 0x00000227928EA880>,30000.0,274.368,1.9816,3,3,3,97.79,inactive,4.522878745280337
CHEMBL4476747,Cn1cc(C2=CCNCC2)c2ccc(C(=O)NS(=O)(=O)C3CC3)cc21,<rdkit.Chem.rdchem.Mol object at 0x00000227928EA8F0>,30000.0,359.45100000000014,1.777,4,2,5,80.2,inactive,4.522878745280337
CHEMBL4513354,C[C@H]1CC[C@@H](c2cn(C)c3cc(C(=O)NS(=O)(=O)C4CC4)ccc23)C1,<rdkit.Chem.rdchem.Mol object at 0x00000227928EA960>,5400.0,360.47900000000016,3.3039000000000023,4,1,4,68.17,inactive,5.267606240177032
CHEMBL4443422,Cc1sc(-c2ccccc2Cl)cc1C(=O)N[C@@H](CN)c1ccccc1,<rdkit.Chem.rdchem.Mol object at 0x00000227928EA9D0>,13000.0,370.9050000000001,4.806720000000003,5,2,3,55.120000000000005,inactive,4.886056647693163
CHEMBL4570932,Cn1cc(-c2ccc(C(F)(F)F)cc2)c2ccc(C(=O)NS(C)(=O)=O)cc21,<rdkit.Chem.rdchem.Mol object at 0x00000227928EAA40>,20000.0,396.3900000000001,3.5535000000000023,3,1,4,68.17,inactive,4.698970004336019
CHEMBL4447987,CC(C)COc1ncc(-c2cn(C)c3cc(C(=O)NS(=O)(=O)C(C)C)ccc23)cc1Cl,<rdkit.Chem.rdchem.Mol object at 0x00000227928EAAB0>,14000.0,463.9870000000001,4.396500000000003,7,1,6,90.29,inactive,4.853871964321762
CHEMBL4460439,CC(C)COc1ncc(-c2cn(CC(C)C)c3cc(C(=O)NS(C)(=O)=O)ccc23)cc1Cl,<rdkit.Chem.rdchem.Mol object at 0x00000227928EAB20>,24000.0,478.0140000000001,4.736900000000004,8,1,6,90.29,inactive,4.619788758288394
CHEMBL4460464,CC(C)COc1ccc(-c2nn(C)c3cc(C(=O)NS(=O)(=O)C4CC4)c(F)cc23)cn1,<rdkit.Chem.rdchem.Mol object at 0x00000227928EAB90>,11000.0,446.5040000000001,3.031200000000001,7,1,7,103.18,inactive,4.958607314841775
CHEMBL4445360,CC(C)COc1ncc(-c2ccc(C(=O)NS(C)(=O)=O)cc2)cc1Cl,<rdkit.Chem.rdchem.Mol object at 0x00000227928EAC00>,32000.0,382.86900000000014,3.1262000000000016,6,1,5,85.35999999999999,inactive,4.494850021680094
CHEMBL4539119,CC(C)COc1ncc(-c2ccc(C(=O)NS(C)(=O)=O)cc2OC(F)(F)F)cc1Cl,<rdkit.Chem.rdchem.Mol object at 0x00000227928EAC70>,3700.0,466.8650000000001,4.024800000000003,7,1,6,94.59,active,5.431798275933005
CHEMBL4474441,COc1cc(C(=O)NS(C)(=O)=O)ccc1-c1cnc(OCC(C)C)c(Cl)c1,<rdkit.Chem.rdchem.Mol object at 0x00000227928EACE0>,30000.0,412.8950000000002,3.134800000000002,7,1,6,94.59,inactive,4.522878745280337
CHEMBL4590389,COc1cc(C(=O)NS(C)(=O)=O)ccc1-c1cnc(OC2CCC2)c(Cl)c1,<rdkit.Chem.rdchem.Mol object at 0x00000227928EAD50>,17800.0,410.87900000000025,3.0313000000000017,6,1,6,94.59,inactive,4.749579997691106
CHEMBL4634634,C[C@@H]1CC1C(=O)N1CCN(c2cnc(C#N)c(-c3cnn(C)c3)n2)C[C@H]1C,<rdkit.Chem.rdchem.Mol object at 0x00000227928EADC0>,30000.0,365.4410000000001,1.4418799999999996,3,0,7,90.94,inactive,4.522878745280337
CHEMBL4633566,Cn1nccc1[C@H]1CCCC[C@@H]1Oc1cc(F)c(S(=O)(=O)Nc2ccncn2)cc1Cl,<rdkit.Chem.rdchem.Mol object at 0x00000227928EAE30>,100000.0,465.9380000000001,3.9086000000000025,6,1,7,99.0,inactive,4.0
CHEMBL4646742,Cn1nccc1-c1cc(C(F)(F)F)ccc1[C@H]1CCOc2cc(S(=O)(=O)Nc3nccs3)ccc21,<rdkit.Chem.rdchem.Mol object at 0x00000227928EAEA0>,812.0,520.5580000000001,5.277600000000003,5,1,7,86.11,active,6.090443970758825
CHEMBL4639228,Cc1nc(-c2cc(C(F)(F)F)ccc2[C@H]2CCOc3cc(S(=O)(=O)Nc4nccs4)ccc32)co1,<rdkit.Chem.rdchem.Mol object at 0x00000227928EAF10>,629.0,521.5420000000001,5.840520000000004,5,1,7,94.32,active,6.201349354554731
CHEMBL4641467,O=S(=O)(Nc1nccs1)c1ccc2c(c1)OCC[C@@H]2c1ccc(C(F)(F)F)cc1-c1ccc(F)cn1,<rdkit.Chem.rdchem.Mol object at 0x00000227928EAF80>,362.0,535.5440000000002,6.078200000000003,5,1,6,81.18,active,6.441291429466834
CHEMBL4786331,Cc1nc2c(=O)n(C3CC3)c3c(Cl)c(N4CC[C@@H]([C@H](C)N)C4)c(F)cc3c2o1,<rdkit.Chem.rdchem.Mol object at 0x00000227928EAFF0>,21500.0,404.8730000000001,3.7520200000000017,3,1,6,77.29,inactive,4.667561540084395
CHEMBL4640061,Cc1c(N2CC[C@@H]([C@H](C)N)C2)c(F)cc2ccc(=O)n(C3CC3)c12,<rdkit.Chem.rdchem.Mol object at 0x00000227928EB060>,50000.0,329.4190000000001,2.9574200000000017,3,1,4,51.26,inactive,4.301029995663981
CHEMBL4867340,O=S(=O)(Nc1cscn1)c1cc(F)c(O[C@H]2CCN(CC(F)(F)F)C[C@@H]2c2ccccc2)cc1F,<rdkit.Chem.rdchem.Mol object at 0x00000227928EB0D0>,1180.0,533.5440000000002,5.021300000000004,7,1,6,71.53,active,5.928117992693875
CHEMBL4872687,O=S(=O)(Nc1ccncn1)c1cc(F)c(O[C@H]2CCN(CC(F)(F)F)C[C@@H]2c2ccccc2)cc1F,<rdkit.Chem.rdchem.Mol object at 0x00000227928EB140>,30000.0,528.5030000000003,4.3548000000000044,7,1,6,84.42,inactive,4.522878745280337
CHEMBL4855375,O=S(=O)(Nc1cccc(C(F)(F)F)n1)c1cc(F)c(O[C@H]2CCN(CC(F)(F)F)C[C@@H]2c2ccccc2)cc1F,<rdkit.Chem.rdchem.Mol object at 0x00000227928EB1B0>,6330.0,595.5120000000003,5.978600000000004,7,1,5,71.53,inactive,5.198596289982645
CHEMBL4876448,O=S(=O)(Nc1cccc(F)n1)c1cc(F)c(O[C@H]2CCN(CC(F)(F)F)C[C@@H]2c2ccccc2F)cc1F,<rdkit.Chem.rdchem.Mol object at 0x00000227928EB220>,680.0,563.4950000000002,5.238000000000003,7,1,5,71.53,active,6.167491087293763
CHEMBL4863095,O=S(=O)(Nc1cccc(F)n1)c1cc(F)c(O[C@H]2CCN(CC(F)(F)F)C[C@@H]2c2ccc(F)c(F)c2)cc1F,<rdkit.Chem.rdchem.Mol object at 0x00000227928EB290>,260.0,581.4850000000002,5.377100000000003,7,1,5,71.53,active,6.585026652029182
CHEMBL4862429,N#Cc1cccc([C@H]2CN(CC(F)(F)F)CC[C@@H]2Oc2cc(F)c(S(=O)(=O)Nc3cccc(F)n3)cc2F)c1,<rdkit.Chem.rdchem.Mol object at 0x00000227928EB300>,4580.0,570.5150000000001,4.970580000000004,7,1,6,95.32,active,5.33913452199613
CHEMBL4864812,O=S(=O)(Nc1cccc(F)n1)c1cc(F)c(O[C@H]2CCN(CC(F)(F)F)C[C@@H]2c2ccc(F)c(F)c2)c(F)c1F,<rdkit.Chem.rdchem.Mol object at 0x00000227928EB370>,31.0,599.4750000000003,5.516200000000003,7,1,5,71.53,active,7.508638306165727
CHEMBL4852381,N[C@@H](CC(=O)O)Cn1nnc(-c2ccc(Oc3ncc(Cl)cc3F)cc2)n1,<rdkit.Chem.rdchem.Mol object at 0x00000227928EB3E0>,50000.0,392.7780000000001,2.1218999999999992,7,2,8,129.04000000000002,inactive,4.301029995663981
CHEMBL5081884,CS(=O)(=O)NC(=O)c1cc(C2CC2)c(OCC2CCN(Cc3ccccc3)CC2)cc1F,<rdkit.Chem.rdchem.Mol object at 0x00000227928EB450>,30000.0,460.57100000000025,3.683500000000003,8,1,5,75.71,inactive,4.522878745280337
CHEMBL5082321,CS(=O)(=O)NC(=O)c1cc(C2CC2)c(OCC2CCN(Cc3cc(Cl)cc(Cl)c3)CC2)cc1F,<rdkit.Chem.rdchem.Mol object at 0x00000227928EB4C0>,7000.0,529.4610000000004,4.990300000000005,8,1,5,75.71,inactive,5.154901959985743
CHEMBL5193436,CNC(=O)N(c1ccc(S(=O)(=O)Nc2ncccn2)cn1)c1cc(F)c(-c2ccc(F)c(OC(F)(F)F)c2)cc1OC,<rdkit.Chem.rdchem.Mol object at 0x00000227928EB530>,40000.0,610.5210000000002,5.002300000000004,8,2,8,135.64,inactive,4.3979400086720375
CHEMBL5184933,CNCC[C@@](O)(c1cccc2ccccc12)[C@H](c1ccccc1)c1cc2cc(Br)ccc2nc1OC,<rdkit.Chem.rdchem.Mol object at 0x00000227928EB5A0>,10000.0,541.4890000000001,6.788300000000007,8,2,4,54.38,inactive,5.0
CHEMBL3965189,O=C(NC1CCOC1)c1ccc2cc(Oc3ccc(C(F)(F)F)cn3)ccc2n1,<rdkit.Chem.rdchem.Mol object at 0x00000227928EB610>,33000.0,403.36000000000007,3.9596000000000022,4,1,5,73.34,inactive,4.481486060122113
CHEMBL3896584,O=C(c1ccc2cc(Oc3ccc(C(F)(F)F)cn3)ccc2n1)N1CCCC1,<rdkit.Chem.rdchem.Mol object at 0x00000227928EB680>,33000.0,387.36100000000016,4.676900000000003,3,0,4,55.32,inactive,4.481486060122113
CHEMBL5271450,O=c1cc(CO)n(-c2c(Cl)cccc2Cl)c2c(Cl)cnc(OC[C@@H](O)CO)c12,<rdkit.Chem.rdchem.Mol object at 0x00000227928EB6F0>,50000.0,445.6860000000002,2.570200000000002,6,3,7,104.81,inactive,4.301029995663981
CHEMBL5428619,CCNc1cccc(Nc2c(CC)cccc2CC)n1,<rdkit.Chem.rdchem.Mol object at 0x00000227928EB760>,6900.0,269.39199999999994,4.381800000000003,6,2,3,36.95,inactive,5.161150909262744
CHEMBL5408214,C[C@H]1CCN1c1nc(N2CC[C@H](CCC(=O)O)C2)c2c(n1)C(F)(F)CC2,<rdkit.Chem.rdchem.Mol object at 0x00000227928EB7D0>,30000.0,366.4120000000001,2.8043000000000013,5,1,5,69.56,inactive,4.522878745280337
CHEMBL431643,N=C(NCCCCc1ccccc1)NC(=O)c1cc(Cl)ccc1Cl,<rdkit.Chem.rdchem.Mol object at 0x00000227928EB840>,7890.0,364.27600000000007,4.270470000000003,6,3,2,64.98,inactive,5.102922996790579
CHEMBL108070,Cc1ccc(C(=O)N=C(N)NCCc2cccs2)cc1,<rdkit.Chem.rdchem.Mol object at 0x00000227928EB8B0>,10500.0,287.388,2.34372,4,2,2,67.48,inactive,4.978810700930062
CHEMBL322599,N=C(NCCCCc1ccccc1)NC(=O)c1ccc(Cl)cc1,<rdkit.Chem.rdchem.Mol object at 0x00000227928EB920>,3600.0,329.831,3.6170700000000022,6,3,2,64.98,active,5.443697499232712
CHEMBL105782,COc1cc(N=C(N)NC(=O)c2ccc(C)cc2)cc(OC)c1OC,<rdkit.Chem.rdchem.Mol object at 0x00000227928EB990>,24350.0,343.3830000000001,2.3970200000000004,5,2,5,95.17000000000002,inactive,4.613501034449347
CHEMBL107684,N=C(NCCCCc1ccccc1)NC(=O)c1ccc(Cl)c(Cl)c1,<rdkit.Chem.rdchem.Mol object at 0x00000227928EBA00>,15500.0,364.27600000000007,4.270470000000003,6,3,2,64.98,inactive,4.809668301829708
CHEMBL210829,CN(C)C(=O)C(c1ccc(-c2ccn3ncnc3c2)cc1)C(N)C(=O)N1CCC(F)(F)C1,<rdkit.Chem.rdchem.Mol object at 0x00000227928EBA70>,100000.0,442.4700000000002,1.763,5,1,6,96.83,inactive,4.0
CHEMBL208957,CN(C)C(=O)C(c1ccc(-c2ccn3nccc3n2)cc1)C(N)C(=O)N1CCC(F)(F)C1,<rdkit.Chem.rdchem.Mol object at 0x00000227928EBAE0>,60000.0,442.4700000000002,1.7629999999999997,5,1,6,96.83,inactive,4.221848749616356
CHEMBL375475,O=C1CCN([C@H]2CCCC[C@@H]2OCCc2cccc3ccccc23)C1,<rdkit.Chem.rdchem.Mol object at 0x00000227928EBB50>,13000.0,337.4630000000001,3.984900000000003,5,0,3,29.540000000000003,inactive,4.886056647693163
CHEMBL561259,O=C(NC1CC1c1ccccc1)N1CCC(c2ncon2)CC1,<rdkit.Chem.rdchem.Mol object at 0x00000227928EBBC0>,10000.0,312.3730000000001,2.5147000000000004,3,1,4,71.26,inactive,5.0
CHEMBL564757,O=C(NC1CC1c1ccccc1)N1CCC(c2nc(-c3cccnc3)no2)CC1,<rdkit.Chem.rdchem.Mol object at 0x00000227928EBC30>,10000.0,389.4590000000001,3.5767000000000024,4,1,5,84.15,inactive,5.0
CHEMBL557032,O=C(NC1CC1c1ccccc1)N1CCC(c2nc(-c3cnccn3)no2)CC1,<rdkit.Chem.rdchem.Mol object at 0x00000227928EBCA0>,10000.0,390.4470000000001,2.971700000000001,4,1,6,97.04,inactive,5.0
CHEMBL552061,O=C(NC1CC1c1ccccc1)N1CCC(c2nc(-c3nccc4ccccc34)no2)CC1,<rdkit.Chem.rdchem.Mol object at 0x00000227928EBD10>,10000.0,439.5190000000002,4.729900000000004,4,1,5,84.15,inactive,5.0
CHEMBL1077963,O=C(O)CCC1(c2ccccn2)CCCN(C(=O)Nc2ccc(Cl)cc2)C1,<rdkit.Chem.rdchem.Mol object at 0x00000227928EBD80>,10000.0,387.8670000000001,4.165500000000003,5,2,3,82.53,inactive,5.0
CHEMBL1797404,Cc1cccc(C)c1-c1noc(C)c1N(C)C(=O)NCc1ccc(OC2CCOCC2)nc1,<rdkit.Chem.rdchem.Mol object at 0x00000227928EBDF0>,33113.11,450.5390000000002,4.565660000000004,6,1,6,89.72000000000001,inactive,4.480000028175458
CHEMBL2012017,Nc1cncc(Nc2ccc(Oc3ccc(Cl)cc3)cc2)n1,<rdkit.Chem.rdchem.Mol object at 0x00000227928EBE60>,720.0,312.76,4.248100000000003,4,2,5,73.06,active,6.142667503568732
CHEMBL2012037,Nc1ccnc(Nc2ccc(Oc3ccc(C(F)(F)F)cc3)cc2)n1,<rdkit.Chem.rdchem.Mol object at 0x00000227928EBED0>,1000.0,346.312,4.613500000000002,4,2,5,73.06,active,6.0
CHEMBL2012038,Nc1ccnc(Nc2ccc(Oc3ccc(OC(F)(F)F)cc3)cc2)n1,<rdkit.Chem.rdchem.Mol object at 0x00000227928EBF40>,240.0,362.311,4.493300000000001,5,2,6,82.29,active,6.619788758288394
CHEMBL2012044,Nc1cncc(Nc2ccc(Oc3ccc(C(F)(F)F)cc3)cc2)n1,<rdkit.Chem.rdchem.Mol object at 0x00000227928A8040>,460.0,346.312,4.613500000000002,4,2,5,73.06,active,6.337242168318426
CHEMBL2012181,Clc1cn(Cc2ccccc2)c2ncnc(OC3CCN(Cc4cscn4)CC3)c12,<rdkit.Chem.rdchem.Mol object at 0x00000227928A80B0>,80.0,439.97200000000026,4.632900000000004,6,0,7,56.07,active,7.096910013008056
CHEMBL2012246,FC(F)(F)c1nc(OC2CCN(Cc3cscn3)CC2)c2ccn(Cc3ccccc3)c2n1,<rdkit.Chem.rdchem.Mol object at 0x00000227928A8120>,1570.0,473.5240000000002,4.998300000000004,6,0,7,56.07,active,5.804100347590766
CHEMBL2012265,Cc1ccccc1Cn1ccc2c(OC3CCN(Cc4cscn4)CC3)ncnc21,<rdkit.Chem.rdchem.Mol object at 0x00000227928A8190>,140.0,419.55400000000014,4.287920000000003,6,0,7,56.07,active,6.853871964321762
CHEMBL2012268,FC(F)(F)c1ccccc1Cn1ccc2c(OC3CCN(Cc4cscn4)CC3)ncnc21,<rdkit.Chem.rdchem.Mol object at 0x00000227928A8200>,120.0,473.5240000000003,4.998300000000004,6,0,7,56.07,active,6.920818753952375
CHEMBL2012269,FC(F)(F)c1cccc(Cn2ccc3c(OC4CCN(Cc5cscn5)CC4)ncnc32)c1,<rdkit.Chem.rdchem.Mol object at 0x00000227928A8270>,190.0,473.5240000000002,4.998300000000004,6,0,7,56.07,active,6.721246399047171
CHEMBL2012274,Fc1cccc(F)c1Cn1ccc2c(OC3CCN(Cc4cscn4)CC3)ncnc21,<rdkit.Chem.rdchem.Mol object at 0x00000227928A82E0>,40.0,441.5070000000002,4.257700000000003,6,0,7,56.07,active,7.3979400086720375
CHEMBL2012290,Cc1cccc(CN2CCC(Oc3ncnc4c3ccn4Cc3ccccc3)CC2)n1,<rdkit.Chem.rdchem.Mol object at 0x00000227928A8350>,90.0,413.5250000000002,4.226420000000004,6,0,6,56.07,active,7.045757490560675
CHEMBL2012295,Fc1ccc(CN2CCC(Oc3ncnc4c3ccn4Cc3ccccc3)CC2)nc1,<rdkit.Chem.rdchem.Mol object at 0x00000227928A83C0>,110.0,417.4880000000002,4.057100000000003,6,0,6,56.07,active,6.958607314841775
CHEMBL2012301,Fc1c(Cn2ccc3c(OC4CCN(Cc5ccccn5)CC4)ncnc32)cccc1C(F)(F)F,<rdkit.Chem.rdchem.Mol object at 0x00000227928A8430>,190.0,485.4850000000001,5.075900000000004,6,0,6,56.07,active,6.721246399047171
CHEMBL2069407,O=C(N[C@@H]1COc2cccc(-c3ccncc3)c2C1)c1ccc(OC(F)(F)F)cc1,<rdkit.Chem.rdchem.Mol object at 0x00000227928A84A0>,3981.07,414.3830000000001,4.380700000000003,4,1,4,60.45,active,5.40000018605658
CHEMBL2069408,O=C(N[C@@H]1COc2cccc(-c3cccnc3)c2C1)c1ccc(OCC(F)(F)F)nc1,<rdkit.Chem.rdchem.Mol object at 0x00000227928A8510>,3162.28,429.39800000000014,3.8182000000000023,5,1,5,73.34,active,5.499999678657065
CHEMBL2069414,CC(O)c1ccc(-c2cccc3c2C[C@H](NC(=O)c2ccc(OCCOCC(F)(F)F)nc2)CO3)cn1,<rdkit.Chem.rdchem.Mol object at 0x00000227928A8580>,10000.0,517.5040000000002,3.8881000000000014,9,2,7,102.8,inactive,5.0
CHEMBL2147213,O=C(NCCc1ccccc1-c1cccnc1)c1ccc(OCCC(F)(F)F)nc1,<rdkit.Chem.rdchem.Mol object at 0x00000227928A85F0>,6309.57,415.4150000000001,4.447300000000004,8,1,4,64.11,inactive,5.200000237109354
CHEMBL2147217,Cc1ncc(-c2ccccc2CCNC(=O)c2ccc(OCCOCC(F)(F)F)nc2)cn1,<rdkit.Chem.rdchem.Mol object at 0x00000227928A8660>,31622.78,460.4560000000002,3.7772200000000025,10,1,6,86.23,inactive,4.499999953328896
CHEMBL2147221,COc1ncc(-c2cccc(C)c2CCNC(=O)c2ccc(OCCC(F)(F)F)nc2)cn1,<rdkit.Chem.rdchem.Mol object at 0x00000227928A86D0>,6309.57,460.4560000000001,4.159320000000003,9,1,6,86.23,inactive,5.200000237109354
CHEMBL2147306,COc1ncc(-c2c(C)ccc(F)c2CCNC(=O)c2ccc(OCC(F)(F)F)nc2)cn1,<rdkit.Chem.rdchem.Mol object at 0x00000227928A8740>,2511.89,464.4190000000001,3.9083200000000025,8,1,6,86.23,active,5.59999938302362
CHEMBL2164042,O=C(NCc1cccc(OC(F)(F)F)c1)c1c2ccccc2c(O)n1CCc1ncc(F)cn1,<rdkit.Chem.rdchem.Mol object at 0x00000227928A87B0>,16000.0,474.41400000000016,4.347300000000002,7,2,6,89.27,inactive,4.795880017344075
CHEMBL2164366,O=C(NCc1ccc(OC(F)(F)F)cc1)c1c2ccccc2c(O)n1CCc1ncc(F)cn1,<rdkit.Chem.rdchem.Mol object at 0x00000227928A8820>,19000.0,474.41400000000016,4.347300000000002,7,2,6,89.27,inactive,4.721246399047171
CHEMBL2164396,O=C(NCc1ccc(OCCC(F)(F)F)nc1)c1c2ccccc2c(O)n1CCc1ccccn1,<rdkit.Chem.rdchem.Mol object at 0x00000227928A8890>,33000.0,484.4780000000002,4.640800000000003,9,2,6,89.27,inactive,4.481486060122113
CHEMBL2164387,O=C(NCc1ccc(C(F)(F)F)cc1)c1c2ccccc2c(O)n1CCc1ccccn1,<rdkit.Chem.rdchem.Mol object at 0x00000227928A8900>,1600.0,439.4370000000002,4.933400000000004,6,2,4,67.15,active,5.795880017344075
CHEMBL2409410,COc1cc2nnc(C(N)=O)c(Nc3ccc(C)cc3F)c2cc1C1CCN(CCO)CC1,<rdkit.Chem.rdchem.Mol object at 0x00000227928A8970>,25000.0,453.5180000000003,3.100120000000002,7,3,7,113.6,inactive,4.6020599913279625
CHEMBL2409398,COc1cc2nnc(C(N)=O)c(Nc3ccc(C)cc3F)c2cc1N1CCCN(C)CC1,<rdkit.Chem.rdchem.Mol object at 0x00000227928A89E0>,11000.0,438.5070000000003,3.070320000000001,5,2,7,96.61,inactive,4.958607314841775
CHEMBL481008,CCOc1cc2ncc(C(N)=O)c(Nc3cccc(Cl)c3Cl)c2cc1N1CCN(C)CC1,<rdkit.Chem.rdchem.Mol object at 0x00000227928A8A50>,9000.0,474.39200000000034,4.534600000000004,6,2,6,83.72,inactive,5.045757490560675
CHEMBL3085868,Nc1nc2c(s1)C[C@@H](NC(=O)C1CCCN1)CC2,<rdkit.Chem.rdchem.Mol object at 0x00000227928A8AC0>,30000.0,266.37,0.4507999999999992,2,3,5,80.03999999999999,inactive,4.522878745280337
CHEMBL3085880,Nc1nc2c(s1)C[C@@H](NC(=O)c1cc(Br)c(Br)[nH]1)CC2,<rdkit.Chem.rdchem.Mol object at 0x00000227928A8B30>,30000.0,420.13000000000005,2.8657000000000004,2,3,4,83.79999999999998,inactive,4.522878745280337
CHEMBL3085879,Nc1nc2c(s1)C[C@@H](NC(=O)c1cc(Br)c[nH]1)CC2,<rdkit.Chem.rdchem.Mol object at 0x00000227928A8BA0>,21000.0,341.23400000000004,2.1032,2,3,4,83.79999999999998,inactive,4.6777807052660805
CHEMBL3085872,Nc1nc2c(s1)CC(CNC(=O)c1ccc[nH]1)CC2,<rdkit.Chem.rdchem.Mol object at 0x00000227928A8C10>,21000.0,276.36500000000007,1.5883,3,3,4,83.79999999999998,inactive,4.6777807052660805
CHEMBL3341984,CC(C)Oc1ncc(Oc2cc(F)c(C(=O)NS(=O)(=O)N3CCC3)cc2C2CC2)cc1Cl,<rdkit.Chem.rdchem.Mol object at 0x00000227928A8C80>,1200.0,483.9490000000003,4.011300000000003,8,1,6,97.83,active,5.920818753952375
CHEMBL3322667,COc1ccc2c(c1)NC1(CCN(C(=O)c3ccc(C#N)cc3)CC1)c1cccn1-2,<rdkit.Chem.rdchem.Mol object at 0x00000227928A8CF0>,13770.0,398.4660000000001,3.9145800000000026,2,1,5,70.28999999999999,inactive,4.861066059743076
CHEMBL3322670,N#Cc1ccc(C(=O)N2CCC3(CC2)Nc2cc(Cl)ccc2-n2cccc23)cc1,<rdkit.Chem.rdchem.Mol object at 0x00000227928A8D60>,8289.0,402.8850000000001,4.559380000000003,1,1,4,61.06,inactive,5.081497860363826
CHEMBL3322762,COc1ccc2c(c1)NC1(CCN(Cc3ccccc3)CC1)c1cccn1-2,<rdkit.Chem.rdchem.Mol object at 0x00000227928A8DD0>,455.0,359.47300000000007,4.402700000000003,3,1,4,29.43,active,6.341988603342887
CHEMBL3322767,COc1ccc2c(c1)NC1(CCN(C(=O)c3ccccc3OC)CC1)c1cccn1-2,<rdkit.Chem.rdchem.Mol object at 0x00000227928A8E40>,4891.0,403.48200000000014,4.051500000000003,3,1,5,55.73,active,5.310602337178717
CHEMBL3322759,COc1ccc2c(c1)NC1(CCN(C(=O)c3cccc(Cl)c3)CC1)c1cccn1-2,<rdkit.Chem.rdchem.Mol object at 0x00000227928A8EB0>,4418.0,407.90100000000007,4.696300000000004,2,1,4,46.5,active,5.354774288464584
CHEMBL3322771,COc1ccc2c(c1)NC1(CCN(C(=O)c3ccc(C)cc3)CC1)c1cccn1-2,<rdkit.Chem.rdchem.Mol object at 0x00000227928A8F20>,6943.0,387.4830000000001,4.351320000000004,2,1,4,46.5,inactive,5.158452834743446
CHEMBL3322778,COc1ccc2c(c1)NC1(CCN(C(=O)c3ccc(N(C)C)c(OC)c3)CC1)c1cccn1-2,<rdkit.Chem.rdchem.Mol object at 0x00000227928A8F90>,1329.0,446.5510000000002,4.117500000000003,4,1,6,58.970000000000006,active,5.876475019057268
CHEMBL3322779,COc1ccc2c(c1)NC1(CCN(C(=O)c3cc(C)cc(C)c3)CC1)c1cccn1-2,<rdkit.Chem.rdchem.Mol object at 0x00000227928A9000>,8092.0,401.5100000000001,4.659740000000004,2,1,4,46.5,inactive,5.091944125901233
CHEMBL3314352,CN(C)Cc1ccc2c(c1)CCN(C(=O)c1cc3cc(Br)ncc3n1C)C2,<rdkit.Chem.rdchem.Mol object at 0x00000227928A9070>,33000.0,427.34600000000006,3.595900000000003,3,0,4,41.37,inactive,4.481486060122113
CHEMBL3314349,CN(C)Cc1ccc2c(c1)CCN(C(=O)c1cc3cc(Cl)ccc3n1C)C2,<rdkit.Chem.rdchem.Mol object at 0x00000227928A90E0>,10300.0,381.9070000000001,4.091800000000004,3,0,3,28.48,inactive,4.987162775294828
CHEMBL3355573,N[C@@H](Cn1c(=O)cnc2ccc(F)cc21)[C@H]1CC[C@H](NCc2ncc3c(n2)NC(=O)CO3)CC1,<rdkit.Chem.rdchem.Mol object at 0x00000227928A9150>,333000.0,467.5050000000003,1.3323999999999985,6,3,9,137.04999999999998,inactive,3.4775557664936803
CHEMBL3325551,O=S(=O)(Nc1ncc(F)cn1)c1cc(F)c(OC[C@H]2CNCC[C@@H]2c2ccc(Cl)cc2)cc1F,<rdkit.Chem.rdchem.Mol object at 0x00000227928A91C0>,10000.0,512.9410000000003,4.120200000000003,7,2,6,93.21,inactive,5.0
CHEMBL3337586,COCCOc1ccc2c(c1)NC1(CCN(C(=O)c3ccc(OC)c(N(C)C)c3)CC1)c1cccn1-2,<rdkit.Chem.rdchem.Mol object at 0x00000227928A9230>,2216.0,490.6040000000002,4.134100000000004,7,1,7,68.2,active,5.654430243943608
CHEMBL3337592,COc1ccc2c(c1)NC1(CC3CN(C(=O)c4ccc(OC)c(N(C)C)c4)CC3C1)c1cccn1-2,<rdkit.Chem.rdchem.Mol object at 0x00000227928A92A0>,2450.0,472.5890000000002,4.363500000000004,4,1,6,58.97,active,5.610833915635467
CHEMBL3337593,COc1ccc2c(c1)NC1(CCC(NC(=O)c3ccc(OC)c(N(C)C)c3)CC1)c1cccn1-2,<rdkit.Chem.rdchem.Mol object at 0x00000227928A9310>,30000.0,460.57800000000026,4.553900000000004,5,2,6,67.76,inactive,4.522878745280337
CHEMBL3634323,O=C1CCc2c(cccc2N2CCN(CC(O)COc3ccccc3C(=O)c3ccccc3)CC2)N1,<rdkit.Chem.rdchem.Mol object at 0x00000227928A9380>,17000.0,485.5840000000002,3.364200000000002,8,2,6,82.11000000000001,inactive,4.769551078621726
CHEMBL3634327,O=C(c1ccccc1)c1ccccc1OCC(O)CN1CCC(n2c(=O)oc3ccccc32)CC1,<rdkit.Chem.rdchem.Mol object at 0x00000227928A93F0>,3400.0,472.5410000000003,3.902300000000002,8,1,7,84.91000000000001,active,5.468521082957745
CHEMBL3683225,CC(C)(C)OC(=O)N1CC=C(c2cc(C(F)(F)F)ccc2-c2cccc3c2CCN(S(=O)(=O)Nc2ccncn2)C3)CC1,<rdkit.Chem.rdchem.Mol object at 0x00000227928A9460>,10000.0,615.678,5.901600000000007,5,1,6,104.73,inactive,5.0
CHEMBL3704450,COc1ccc(-c2cn(C)c3cc(S(=O)(=O)Nc4ncns4)ccc23)cc1C#N,<rdkit.Chem.rdchem.Mol object at 0x00000227928A94D0>,10000.0,425.4950000000001,3.377880000000001,5,1,8,109.9,inactive,5.0
CHEMBL3704424,Cn1cc(-c2ccc(OC(F)(F)F)cc2)c2ccc(S(=O)(=O)Nc3ncns3)cc21,<rdkit.Chem.rdchem.Mol object at 0x00000227928A9540>,10000.0,454.4550000000001,4.396200000000002,5,1,7,86.11,inactive,5.0
CHEMBL3683197,O=S(=O)(Nc1ncns1)N1CCc2c(cccc2-c2ccc(C(F)(F)F)cc2F)C1,<rdkit.Chem.rdchem.Mol object at 0x00000227928A95B0>,10000.0,458.4620000000001,4.078000000000003,4,1,5,75.19,inactive,5.0
CHEMBL3662238,O=C(NS(=O)(=O)N1CCC1)c1cc(C2CC2)c(OCC2CCCCC2)cc1F,<rdkit.Chem.rdchem.Mol object at 0x00000227928A9620>,40.0,410.51100000000025,3.342500000000002,7,1,4,75.71000000000001,active,7.3979400086720375
CHEMBL3683256,O=S(=O)(Nc1ncns1)N1CCc2c(cccc2-c2c(Br)cc(C(F)(F)F)cc2C2=CCNCC2)C1,<rdkit.Chem.rdchem.Mol object at 0x00000227928A9690>,10000.0,600.4859999999998,5.078100000000004,5,2,6,87.22,inactive,5.0
CHEMBL3704445,Cn1cc(-c2cnn(C3CC3)c2)c2ccc(S(=O)(=O)Nc3ncns3)cc21,<rdkit.Chem.rdchem.Mol object at 0x00000227928A9700>,10000.0,400.4890000000001,3.029000000000001,5,1,8,94.7,inactive,5.0
CHEMBL3657972,O=C(NS(=O)(=O)N1CCC1)c1cc(C2CC2)c(OCC2C3CC4CC(C3)CC2C4)cc1F,<rdkit.Chem.rdchem.Mol object at 0x00000227928A9770>,130.0,462.5870000000003,3.834500000000003,7,1,4,75.71000000000001,active,6.886056647693163
CHEMBL3657840,COCCS(=O)(=O)NC(=O)c1cc(C2CC2)c(OCC23CC4CC(CC(C4)C2)C3)cc1F,<rdkit.Chem.rdchem.Mol object at 0x00000227928A97E0>,101.0,465.5870000000004,4.004300000000003,9,1,5,81.7,active,6.995678626217358
CHEMBL3704428,COc1ccc(-c2cn(C)c3cc(S(=O)(=O)Nc4ncns4)ccc23)c(OC)c1,<rdkit.Chem.rdchem.Mol object at 0x00000227928A9850>,10000.0,430.51100000000014,3.514800000000002,6,1,8,95.34,inactive,5.0
CHEMBL2409214,Cn1cc(-c2cccc3ccccc23)c2ccc(S(=O)(=O)Nc3ncns3)cc21,<rdkit.Chem.rdchem.Mol object at 0x00000227928A98C0>,10000.0,420.5190000000001,4.650800000000003,4,1,6,76.88,inactive,5.0
CHEMBL3704412,Cn1cc(-c2cc(Br)cc(C(F)(F)F)c2)c2ccc(S(=O)(=O)Nc3ncns3)cc21,<rdkit.Chem.rdchem.Mol object at 0x00000227928A9930>,10000.0,517.3520000000001,5.278900000000002,4,1,6,76.88,inactive,5.0
CHEMBL3657934,O=C(NS(=O)(=O)N1CC(F)C1)c1cc(C2CC2)c(OCC23CC4CC(CC(C4)C2)C3)cc1F,<rdkit.Chem.rdchem.Mol object at 0x00000227928A99A0>,422.0,480.5770000000004,3.926600000000003,7,1,4,75.71000000000001,active,6.374687549038326
CHEMBL3683229,COc1cc(C(F)(F)F)ccc1-c1nccc2c1CCN(S(=O)(=O)Nc1ncns1)C2,<rdkit.Chem.rdchem.Mol object at 0x00000227928A9A10>,10000.0,471.4860000000002,3.342500000000002,5,1,7,97.31,inactive,5.0
CHEMBL3662093,O=C(NS(=O)(=O)N1CCC1)c1cc(C2CC2)c(OCC23CCCCC2C3)cc1F,<rdkit.Chem.rdchem.Mol object at 0x00000227928A9A80>,160.0,422.5220000000003,3.342500000000002,7,1,4,75.71000000000001,active,6.795880017344075
CHEMBL3657820,CN(C)S(=O)(=O)NC(=O)c1cc(Cl)c(OCC23CC4CC(CC(C4)C2)C3)cc1F,<rdkit.Chem.rdchem.Mol object at 0x00000227928A9AF0>,772.0,444.9560000000004,3.6105000000000023,6,1,4,75.71000000000001,active,6.112382699664264
CHEMBL3657852,CS(=O)(=O)NC(=O)c1ccc(OCC23CC4CC(CC(C4)C2)C3)c(Br)c1,<rdkit.Chem.rdchem.Mol object at 0x00000227928A9B60>,1950.0,442.37500000000017,3.7337000000000025,5,1,4,72.47,active,5.709965388637482
CHEMBL3657967,COCCS(=O)(=O)NC(=O)c1cc(C2CC2)c(OCC2CCCCC2)cc1F,<rdkit.Chem.rdchem.Mol object at 0x00000227928A9BD0>,140.0,413.5110000000003,3.3682000000000016,9,1,5,81.7,active,6.853871964321762
CHEMBL3683207,Nc1cc(-c2cc(C(F)(F)F)ccc2-c2cccc3c2CCN(S(=O)(=O)Nc2ncns2)C3)ccn1,<rdkit.Chem.rdchem.Mol object at 0x00000227928A9C40>,10000.0,532.5730000000002,4.583100000000004,5,2,7,114.1,inactive,5.0
CHEMBL3704437,Cc1cc(C#N)ccc1-c1cn(C)c2cc(S(=O)(=O)Nc3ncns3)ccc12,<rdkit.Chem.rdchem.Mol object at 0x00000227928A9CB0>,10000.0,409.4960000000001,3.6777000000000015,4,1,7,100.67,inactive,5.0
CHEMBL3683232,Cn1nccc1-c1cc(C(F)(F)F)ccc1-c1cccc2c1CCN(S(=O)(=O)Nc1ncccn1)C2,<rdkit.Chem.rdchem.Mol object at 0x00000227928A9D20>,7260.0,514.5330000000001,4.277900000000003,5,1,6,93.01,inactive,5.139063379299906
CHEMBL3763594,O=C(Cn1cccnc1=O)Nc1ccc(C[C@@H]2CC[C@H]([C@H](O)c3ccccc3)N2)cc1,<rdkit.Chem.rdchem.Mol object at 0x00000227928A9D90>,30000.0,418.497,2.2787000000000006,7,3,6,96.25,inactive,4.522878745280337
CHEMBL3763998,CC(C(=O)Nc1ccc(C[C@@H]2CC[C@H]([C@H](O)c3cccnc3)N2)cc1)n1ncccc1=O,<rdkit.Chem.rdchem.Mol object at 0x00000227928A9E00>,30000.0,433.51200000000006,2.2347,7,3,7,109.14,inactive,4.522878745280337
CHEMBL3799617,O=c1[nH]ccn1CCOc1nn(-c2ccccc2F)c2ccc(F)cc12,<rdkit.Chem.rdchem.Mol object at 0x00000227928A9E70>,5100.0,356.3320000000001,2.8725000000000014,5,1,5,64.84,inactive,5.292429823902063
CHEMBL3797267,O=C(CN1CCN(c2cccc3c2cnn3-c2ccccc2F)C1=O)N1CCCC1,<rdkit.Chem.rdchem.Mol object at 0x00000227928A9EE0>,33000.0,407.4490000000002,3.0290000000000017,4,0,4,61.68000000000001,inactive,4.481486060122113
CHEMBL3799790,O=C(CN1CCN(c2cccc3c2cnn3-c2ccccc2F)C1=O)N1CCC[C@H](F)C1,<rdkit.Chem.rdchem.Mol object at 0x00000227928A9F50>,23000.0,439.4660000000002,3.3671000000000024,4,0,4,61.68000000000001,inactive,4.638272163982407
CHEMBL3798774,Cc1cncc(CN2CCN(c3cccc4c3cnn4-c3ccccc3F)C2=O)n1,<rdkit.Chem.rdchem.Mol object at 0x00000227928A9FC0>,33000.0,402.4330000000001,3.7052200000000015,4,0,5,67.15,inactive,4.481486060122113
CHEMBL3798039,O=C1CN(c2cccc3c2cnn3-c2ccccc2F)CCN1CC(=O)N1CC[C@H](F)C1,<rdkit.Chem.rdchem.Mol object at 0x00000227928AA030>,4400.0,439.4660000000003,2.3836000000000004,4,0,5,61.68000000000001,active,5.356547323513812
CHEMBL3683287,N#Cc1ccc(Oc2ccc(S(=O)(=O)Nc3ccc(F)cn3)cc2C#N)cc1Cl,<rdkit.Chem.rdchem.Mol object at 0x00000227928AA0A0>,30000.0,428.8320000000001,4.210560000000002,5,1,6,115.87,inactive,4.522878745280337
CHEMBL3932750,COc1cc(C(F)(F)F)ccc1-c1cccc2cc(S(=O)(=O)Nc3nccs3)ccc12,<rdkit.Chem.rdchem.Mol object at 0x00000227928AA110>,21000.0,464.4900000000002,5.791500000000004,5,1,5,68.29,inactive,4.6777807052660805
CHEMBL3931230,COc1ccc(CCO[C@@H]2CCCC[C@H]2N2CC[C@H](O)C2)cc1OC,<rdkit.Chem.rdchem.Mol object at 0x00000227928AA180>,25400.0,349.47100000000006,2.6407000000000007,7,1,5,51.16000000000001,inactive,4.5951662833800615
CHEMBL3916855,COc1ccc(CCO[C@H]2CCCC[C@@H]2N2CC[C@@H](O)C2)cc1OC,<rdkit.Chem.rdchem.Mol object at 0x00000227928AA1F0>,36400.0,349.47100000000006,2.6407000000000007,7,1,5,51.16000000000001,inactive,4.438898616350944
CHEMBL2107383,COc1ccc(CCO[C@@H]2CCCC[C@H]2N2CC[C@@H](O)C2)cc1OC,<rdkit.Chem.rdchem.Mol object at 0x00000227928AA260>,18600.0,349.47100000000006,2.6407000000000007,7,1,5,51.16000000000001,inactive,4.730487055782084
CHEMBL3677851,O=S(=O)(Nc1ncns1)c1ccc2c(-c3ccc(F)cc3Br)cccc2c1,<rdkit.Chem.rdchem.Mol object at 0x00000227928AA2D0>,24200.0,464.34100000000007,5.060700000000002,4,1,5,71.95,inactive,4.616184634019569
CHEMBL3677856,O=S(=O)(Nc1ncns1)c1ccc2c(-c3ccccc3Cl)cccc2c1,<rdkit.Chem.rdchem.Mol object at 0x00000227928AA340>,21300.0,401.9,4.812500000000003,4,1,5,71.95,inactive,4.671620396561262
CHEMBL3682660,Cn1nccc1-c1cc(C(F)(F)F)ccc1-c1nccc2cc(S(=O)(=O)Nc3ncns3)ccc12,<rdkit.Chem.rdchem.Mol object at 0x00000227928AA3B0>,30000.0,516.5300000000001,4.973400000000003,5,1,8,102.66,inactive,4.522878745280337
CHEMBL3682661,O=S(=O)(Nc1ncns1)c1ccc2c(-c3ccc(C(F)(F)F)cc3-c3cn[nH]c3)nccc2c1,<rdkit.Chem.rdchem.Mol object at 0x00000227928AA420>,30000.0,502.5030000000001,4.963000000000003,5,2,7,113.52,inactive,4.522878745280337
CHEMBL3682633,[C-]#[N+]c1cc(C(F)(F)F)ccc1-c1cccc2cc(S(=O)(=O)Nc3ncns3)ccc12,<rdkit.Chem.rdchem.Mol object at 0x00000227928AA490>,30000.0,460.46200000000016,5.728690000000003,4,1,5,76.31,inactive,4.522878745280337
CHEMBL3682637,O=S(=O)(Nc1ncns1)c1ccc2c(-c3ccc(Cl)cc3C3=CCNCC3)cccc2c1,<rdkit.Chem.rdchem.Mol object at 0x00000227928AA500>,30000.0,483.0180000000002,5.189200000000004,5,2,6,83.98,inactive,4.522878745280337
CHEMBL3682639,O=S(=O)(Nc1ncns1)c1ccc2c(-c3ccc(Cl)cc3-c3ccncc3)cccc2c1,<rdkit.Chem.rdchem.Mol object at 0x00000227928AA570>,30000.0,478.9860000000001,5.874500000000005,5,1,6,84.84,inactive,4.522878745280337
CHEMBL3687605,COc1cc(-c2cccc(F)c2)c(Cl)cc1-c1nccc2cc(S(=O)(=O)Nc3nncs3)ccc12,<rdkit.Chem.rdchem.Mol object at 0x00000227928AA5E0>,20700.0,527.0020000000001,6.022200000000003,6,1,7,94.07,inactive,4.684029654543083
CHEMBL3687611,COc1cc(-c2cc(F)cc(F)c2)c(C#N)cc1-c1nccc2cc(S(=O)(=O)Nc3nncs3)ccc12,<rdkit.Chem.rdchem.Mol object at 0x00000227928AA650>,30000.0,535.5570000000001,5.379580000000003,6,1,8,117.86,inactive,4.522878745280337
CHEMBL3687619,COc1ccc(Cl)cc1-c1nccc2cc(S(=O)(=O)Nc3ncns3)ccc12,<rdkit.Chem.rdchem.Mol object at 0x00000227928AA6C0>,30000.0,432.9140000000001,4.216100000000003,5,1,7,94.07,inactive,4.522878745280337
CHEMBL3687631,COc1cc(CC(C)(C)C)ccc1-c1nccc2cc(S(=O)(=O)Nc3ccncn3)ccc12,<rdkit.Chem.rdchem.Mol object at 0x00000227928AA730>,30000.0,462.57500000000016,5.089800000000004,6,1,6,94.07,inactive,4.522878745280337
CHEMBL3687650,COc1cc(C(F)(F)F)ccc1-c1ncc(F)c2cc(S(=O)(=O)Nc3ncns3)ccc12,<rdkit.Chem.rdchem.Mol object at 0x00000227928AA7A0>,30000.0,484.4560000000002,4.720600000000002,5,1,7,94.07,inactive,4.522878745280337
CHEMBL3687697,COc1cc(C(F)F)c(C2CC2)cc1-c1nccc2cc(S(=O)(=O)Nc3ccncn3)ccc12,<rdkit.Chem.rdchem.Mol object at 0x00000227928AA810>,30000.0,482.51200000000017,5.316200000000005,7,1,6,94.07,inactive,4.522878745280337
CHEMBL3687706,COc1cc(-c2ccc(C)c(C)c2)ccc1-c1nccc2cc(S(=O)(=O)Nc3ccncn3)ccc12,<rdkit.Chem.rdchem.Mol object at 0x00000227928AA880>,30000.0,496.59200000000016,5.785040000000005,6,1,6,94.07,inactive,4.522878745280337
CHEMBL3687721,COc1cc(F)cc(-c2ccc(-c3nccc4cc(S(=O)(=O)Nc5ccncn5)ccc34)c(OC)c2)c1,<rdkit.Chem.rdchem.Mol object at 0x00000227928AA8F0>,30000.0,516.5540000000002,5.3159000000000045,7,1,7,103.3,inactive,4.522878745280337
CHEMBL3687732,COc1ccc(Cl)cc1-c1n[nH]c(=O)c2cc(S(=O)(=O)Nc3ncns3)ccc12,<rdkit.Chem.rdchem.Mol object at 0x00000227928AA960>,30000.0,449.9010000000001,2.9044000000000008,5,2,8,126.93,inactive,4.522878745280337
CHEMBL3687734,COc1ccc(Cl)cc1-c1n[nH]c(=O)c2cc(S(=O)(=O)Nc3ncc(F)s3)ccc12,<rdkit.Chem.rdchem.Mol object at 0x00000227928AA9D0>,30000.0,466.9030000000001,3.648500000000001,5,2,7,114.04,inactive,4.522878745280337
CHEMBL3687742,COc1cc(C(F)F)ccc1-c1nc(C)nc2cc(S(=O)(=O)Nc3nccs3)ccc12,<rdkit.Chem.rdchem.Mol object at 0x00000227928AAA40>,30000.0,462.50300000000016,4.808720000000003,6,1,7,94.07,inactive,4.522878745280337
CHEMBL3933527,COc1cc(-c2ccc(Cl)c(C)c2)c(F)cc1-n1c(=O)ccc2cc(S(=O)(=O)Nc3ccon3)ccc21,<rdkit.Chem.rdchem.Mol object at 0x00000227928AAAB0>,30000.0,539.9720000000002,5.556020000000004,6,1,7,103.43,inactive,4.522878745280337
CHEMBL3948535,COc1cc(-c2cccc(Cl)c2)c(F)cc1-n1c(=O)ccc2cc(S(=O)(=O)Nc3ccon3)ccc21,<rdkit.Chem.rdchem.Mol object at 0x00000227928AAB20>,30000.0,525.9450000000002,5.247600000000004,6,1,7,103.43,inactive,4.522878745280337
CHEMBL3979043,COc1cc(-c2ccc(F)c(C)c2)c(F)cc1-n1c(=O)ccc2cc(S(=O)(=O)Nc3ccon3)c(F)cc21,<rdkit.Chem.rdchem.Mol object at 0x00000227928AAB90>,496.0,541.5070000000002,5.180820000000004,6,1,7,103.43,active,6.304518323509803
CHEMBL3889869,COc1cc(-c2ccc(Cl)c(C)c2)c(F)cc1-n1c(=O)ccc2cc(S(=O)(=O)Nc3ncns3)ccc21,<rdkit.Chem.rdchem.Mol object at 0x00000227928AAC00>,10000.0,557.0280000000001,5.419520000000004,6,1,8,103.18,inactive,5.0
CHEMBL3948091,NCc1nsc(NS(=O)(=O)c2ccc3c(c2)OCCN3c2ccc(C(F)(F)F)cc2Cl)n1,<rdkit.Chem.rdchem.Mol object at 0x00000227928AAC70>,10000.0,505.9310000000002,4.000300000000002,5,2,8,110.43999999999998,inactive,5.0
CHEMBL3977404,O=S(=O)(Nc1ncns1)c1ccc2c(c1)OCCN2c1cccc(OC(F)(F)F)c1,<rdkit.Chem.rdchem.Mol object at 0x00000227928AACE0>,10000.0,458.44300000000015,3.7680000000000025,5,1,8,93.65,inactive,5.0
CHEMBL3911712,O=S(=O)(Nc1ccncn1)c1ccc2c(c1)OCCN2c1ccc(C(F)(F)F)cc1Br,<rdkit.Chem.rdchem.Mol object at 0x00000227928AAD50>,7930.0,515.3110000000001,4.589200000000003,4,1,6,84.42,inactive,5.100726812682396
CHEMBL3929862,CN1CC=C(c2cc(C(F)(F)F)ccc2N2CCOc3cc(S(=O)(=O)Nc4ccncn4)ccc32)CC1,<rdkit.Chem.rdchem.Mol object at 0x00000227928AADC0>,10000.0,531.5600000000001,4.545600000000004,5,1,7,87.66000000000001,inactive,5.0
CHEMBL3909713,N#Cc1cc(Cl)ccc1N1CCOc2cc(S(=O)(=O)Nc3nccs3)ccc21,<rdkit.Chem.rdchem.Mol object at 0x00000227928AAE30>,4790.0,432.914,3.999480000000002,4,1,7,95.32,active,5.319664486585437
CHEMBL3950672,O=S(=O)(Nc1ccccn1)c1ccc2c(c1)OCCN2c1ccc(C(F)(F)F)cc1Br,<rdkit.Chem.rdchem.Mol object at 0x00000227928AAEA0>,10000.0,514.3230000000001,5.194200000000003,4,1,5,71.53,inactive,5.0
CHEMBL3926715,O=S(=O)(Nc1nccs1)c1ccc2c(c1)OCCN2c1ccc2ncccc2c1,<rdkit.Chem.rdchem.Mol object at 0x00000227928AAF10>,10000.0,424.5070000000002,4.022600000000002,4,1,7,84.42,inactive,5.0
CHEMBL3930549,O=S(=O)(Nc1nccs1)c1ccc2c(c1)OCCN2c1ccc2ncsc2c1,<rdkit.Chem.rdchem.Mol object at 0x00000227928AAF80>,10000.0,430.5360000000002,4.084100000000003,4,1,8,84.42,inactive,5.0
CHEMBL3958044,O=S(=O)(Nc1nccs1)c1ccc2c(c1)OCCN2c1cccc2scnc12,<rdkit.Chem.rdchem.Mol object at 0x00000227928AAFF0>,10000.0,430.5360000000002,4.084100000000002,4,1,8,84.42,inactive,5.0
CHEMBL3939449,N#Cc1ccc(N2CCOc3cc(S(=O)(=O)Nc4nccs4)ccc32)cc1,<rdkit.Chem.rdchem.Mol object at 0x00000227928AB060>,6030.0,398.4690000000001,3.346080000000001,4,1,7,95.32,inactive,5.219682687859849
CHEMBL3910936,CC[C@H]1CN(c2ccc(C(F)(F)F)cc2C#N)c2ccc(S(=O)(=O)Nc3nccs3)cc2O1,<rdkit.Chem.rdchem.Mol object at 0x00000227928AB0D0>,8500.0,494.5200000000001,5.143480000000003,5,1,7,95.32,inactive,5.070581074285707
CHEMBL3939634,Cc1cc(N2CCOc3cc(S(=O)(=O)Nc4nccs4)ccc32)ccc1C#N,<rdkit.Chem.rdchem.Mol object at 0x00000227928AB140>,7360.0,412.49600000000015,3.6545000000000014,4,1,7,95.32,inactive,5.133122185662501
CHEMBL3958250,N#Cc1cncc(N2CCOc3cc(S(=O)(=O)Nc4nccs4)ccc32)c1,<rdkit.Chem.rdchem.Mol object at 0x00000227928AB1B0>,10000.0,399.4570000000001,2.741080000000001,4,1,8,108.21,inactive,5.0
CHEMBL3944281,O=S(=O)(Nc1nccs1)c1ccc2c(c1)OCCN2c1ncc(Cl)cc1Cl,<rdkit.Chem.rdchem.Mol object at 0x00000227928AB220>,10000.0,443.3370000000002,4.176200000000002,4,1,7,84.42,inactive,5.0
CHEMBL3910221,Cn1nccc1-c1ccccc1N1CCOc2cc(S(=O)(=O)Nc3nccs3)ccc21,<rdkit.Chem.rdchem.Mol object at 0x00000227928AB290>,10000.0,453.5490000000001,3.874900000000003,5,1,8,89.35000000000001,inactive,5.0
CHEMBL3952857,N#Cc1cc(C(F)(F)F)ccc1N1CCOc2cc(S(=O)(=O)Nc3cscn3)ccc21,<rdkit.Chem.rdchem.Mol object at 0x00000227928AB300>,9420.0,466.4660000000001,4.364880000000002,4,1,7,95.32,inactive,5.025949097207122
CHEMBL3909976,CCOc1cccc(N2CCOc3cc(S(=O)(=O)Nc4nccs4)ccc32)c1,<rdkit.Chem.rdchem.Mol object at 0x00000227928AB370>,10000.0,417.51200000000006,3.873100000000002,6,1,7,80.76,inactive,5.0
CHEMBL3980561,N#Cc1ccc(F)c(N2CCOc3cc(S(=O)(=O)Nc4nccs4)ccc32)c1,<rdkit.Chem.rdchem.Mol object at 0x00000227928AB3E0>,10000.0,416.45900000000006,3.485180000000001,4,1,7,95.32,inactive,5.0
CHEMBL3913628,Cc1ccc(C(C)C)c(N2CCOc3cc(S(=O)(=O)Nc4nccs4)ccc32)c1,<rdkit.Chem.rdchem.Mol object at 0x00000227928AB450>,10000.0,429.56700000000006,4.906220000000004,5,1,6,71.53,inactive,5.0
CHEMBL3955931,N#Cc1cc(F)ccc1N1CCOc2cc(S(=O)(=O)Nc3nccs3)ccc21,<rdkit.Chem.rdchem.Mol object at 0x00000227928AB4C0>,10000.0,416.45900000000006,3.485180000000001,4,1,7,95.32,inactive,5.0
CHEMBL3914297,N#Cc1ccc(C(F)(F)F)cc1N1CCOc2cc(S(=O)(=O)Nc3nccs3)ccc21,<rdkit.Chem.rdchem.Mol object at 0x00000227928AB530>,3170.0,466.4660000000001,4.364880000000001,4,1,7,95.32,active,5.498940737782249
CHEMBL3889675,N#Cc1cc(-c2ccc(F)cc2)ccc1N1CCOc2cc(S(=O)(=O)Nc3nccs3)ccc21,<rdkit.Chem.rdchem.Mol object at 0x00000227928AB5A0>,1220.0,492.5570000000001,5.152180000000003,5,1,7,95.32,active,5.913640169325252
CHEMBL3904074,CCc1ccc(N2CCOc3cc(S(=O)(=O)Nc4nccs4)ccc32)c(C#N)c1,<rdkit.Chem.rdchem.Mol object at 0x00000227928AB610>,1090.0,426.52300000000014,3.9084800000000026,5,1,7,95.32,active,5.962573502059376
CHEMBL3949355,O=S(=O)(Nc1nccs1)c1ccc2c(c1)OCCN2c1ccc(Cl)cc1CC(O)CO,<rdkit.Chem.rdchem.Mol object at 0x00000227928AB680>,6110.0,481.9830000000002,3.0235000000000025,7,3,8,111.99,inactive,5.213958789757446
CHEMBL3957302,O=S(=O)(Nc1nccs1)c1ccc2c(c1)OCCN2Cc1ccccc1,<rdkit.Chem.rdchem.Mol object at 0x00000227928AB6F0>,10000.0,387.48600000000016,3.342900000000002,5,1,6,71.53,inactive,5.0
CHEMBL3915248,CCN(CC)C(=O)CN1CCOc2cc(S(=O)(=O)Nc3nccs3)ccc21,<rdkit.Chem.rdchem.Mol object at 0x00000227928AB760>,10000.0,410.5210000000001,2.0111,7,1,7,91.84,inactive,5.0
CHEMBL4079697,C[C@]1(C(=O)O)CC[C@@](C)(c2nc(-c3ccc(C(=O)Nc4cc(C(F)(F)F)ccn4)cc3)c3c(N)nccn32)CC1,<rdkit.Chem.rdchem.Mol object at 0x00000227928AB7D0>,30000.0,552.557,5.567200000000003,5,3,7,135.49999999999997,inactive,4.522878745280337
CHEMBL4073137,O=C(c1ccc(C[C@@H]2CC[C@H]([C@H](O)c3ccccc3)N2)cc1)N1CCN(Cc2ccccn2)CC1,<rdkit.Chem.rdchem.Mol object at 0x00000227928AB840>,30000.0,470.6170000000003,3.436300000000002,7,2,5,68.7,inactive,4.522878745280337
CHEMBL4095361,Cc1nnc(-c2cccc(CN3CCN(C(=O)c4ccc(C[C@@H]5CC[C@H]([C@H](O)c6ccccc6)N5)cc4)CC3)n2)o1,<rdkit.Chem.rdchem.Mol object at 0x00000227928AB8B0>,30000.0,552.6790000000001,3.7947200000000025,8,2,8,107.62,inactive,4.522878745280337
CHEMBL4072007,CN[C@H]1CC[C@](CCOc2cc(F)c(S(=O)(=O)Nc3ncns3)cc2F)(c2ccccc2)CC1,<rdkit.Chem.rdchem.Mol object at 0x00000227928AB920>,30000.0,508.6160000000002,4.486000000000003,9,2,7,93.21,inactive,4.522878745280337
CHEMBL4060154,N[C@H]1CC[C@@H](CCNc2cc(F)c(S(=O)(=O)Nc3nccs3)cc2Cl)CC1,<rdkit.Chem.rdchem.Mol object at 0x00000227928AB990>,4900.0,432.97400000000016,4.055900000000002,7,3,6,97.11,active,5.309803919971486
CHEMBL4096299,O=S(=O)(Nc1nccs1)c1cc(Cl)c(NCCC2CCNCC2)cc1F,<rdkit.Chem.rdchem.Mol object at 0x00000227928ABA00>,30000.0,418.9470000000002,3.538000000000001,7,3,6,83.12,inactive,4.522878745280337
CHEMBL4071098,O=S(=O)(Nc1nccs1)c1cc(Cl)c(NCCC2CCNC2)cc1F,<rdkit.Chem.rdchem.Mol object at 0x00000227928ABA70>,30000.0,404.9200000000002,3.147900000000001,7,3,6,83.12,inactive,4.522878745280337
CHEMBL4098339,CC(=O)N1CCCC(CNc2cc(F)c(S(=O)(=O)Nc3nccs3)cc2Cl)C1,<rdkit.Chem.rdchem.Mol object at 0x00000227928ABAE0>,30000.0,446.9570000000001,3.4068000000000014,6,2,6,91.4,inactive,4.522878745280337
CHEMBL4090259,COc1cc(-c2cccc(F)c2)c(Cl)cc1-c1c(N)nnc2cc(S(=O)(=O)Nc3ccon3)ccc12,<rdkit.Chem.rdchem.Mol object at 0x00000227928ABB50>,140.0,525.9490000000002,5.135900000000002,6,2,8,133.23,active,6.853871964321762
CHEMBL4086486,O=S(=O)(Nc1ncns1)c1cc(F)c(NCC23CCCN2CCC3)cc1F,<rdkit.Chem.rdchem.Mol object at 0x00000227928ABBC0>,30000.0,415.4910000000003,2.657400000000001,6,2,7,87.22,inactive,4.522878745280337
CHEMBL4071639,O=c1sc2cc(S(=O)(=O)Nc3ncns3)ccc2n1Cc1ccccc1,<rdkit.Chem.rdchem.Mol object at 0x00000227928ABC30>,30000.0,404.4980000000001,2.763600000000001,5,1,8,93.95,inactive,4.522878745280337
CHEMBL4064608,c1nc(N[C@H]2CC[C@H](N3CCOCC3)CC2)c2c(C3CCOCC3)c[nH]c2n1,<rdkit.Chem.rdchem.Mol object at 0x00000227928ABCA0>,30000.0,385.5120000000001,2.9072000000000005,4,2,6,75.30000000000001,inactive,4.522878745280337
CHEMBL4093377,FC(F)(F)c1ccc2c(Nc3ccc(Cl)nc3)[nH]nc2c1,<rdkit.Chem.rdchem.Mol object at 0x00000227928ABD10>,8520.0,312.682,4.373700000000001,2,2,3,53.6,inactive,5.0695604052333
CHEMBL2323074,N#Cc1cc(S(=O)(=O)Nc2ncns2)ccc1Oc1ccc(C(F)(F)F)cc1-c1ccncn1,<rdkit.Chem.rdchem.Mol object at 0x00000227928ABD80>,25578.0,504.4750000000002,4.478680000000002,6,1,9,130.75,inactive,4.592133416969224
CHEMBL4080500,C[C@]12OCC[C@@]1(CNc1cc(F)c(S(=O)(=O)Nc3nccs3)cc1Cl)CCO2,<rdkit.Chem.rdchem.Mol object at 0x00000227928ABDF0>,3400.0,447.94100000000014,3.691500000000002,6,2,7,89.55,active,5.468521082957745
CHEMBL4076380,O=C(Nc1cccc(C(F)(F)F)c1-c1cccnc1)c1cccc(-c2ncccc2C(F)(F)F)c1,<rdkit.Chem.rdchem.Mol object at 0x00000227928ABE60>,820.0,487.4030000000001,7.100500000000006,4,1,3,54.88,active,6.086186147616283
CHEMBL4082401,O=C(Nc1cccc(C(F)(F)F)c1-c1cccnc1)c1cccc(-c2ncccc2C(F)F)c1,<rdkit.Chem.rdchem.Mol object at 0x00000227928ABED0>,2700.0,469.41300000000007,7.019300000000006,5,1,3,54.88,active,5.568636235841013
CHEMBL4098932,COc1ncccc1-c1c(NC(=O)c2cccc(-c3ccccn3)c2)cccc1C(F)(F)F,<rdkit.Chem.rdchem.Mol object at 0x00000227928ABF40>,2400.0,449.432,6.090300000000004,5,1,4,64.11,active,5.619788758288394
CHEMBL4126519,Cc1ccc(Cl)c(Oc2ncc(-c3cc(F)c(-c4n[nH]c(S(=O)(=O)CC5CC5)n4)cc3F)cc2Cl)c1,<rdkit.Chem.rdchem.Mol object at 0x0000022792898040>,1300.0,551.4020000000003,6.403120000000004,7,1,6,97.83,active,5.886056647693163
CHEMBL4128782,CO/N=C1\CC[C@@]2(C)[C@@H](C1)C[C@@H](N1CCC[C@@H](N)C1)[C@@H]2Oc1ccc(C#N)cc1,<rdkit.Chem.rdchem.Mol object at 0x00000227928980B0>,30000.0,396.5350000000001,3.309880000000001,4,1,6,83.87,inactive,4.522878745280337
CHEMBL4127600,C[C@]12CCC(=O)C[C@H]1C[C@@H](N1CCC[C@@H](N)C1)[C@@H]2Oc1ccc(C#N)cc1,<rdkit.Chem.rdchem.Mol object at 0x0000022792898120>,300000.0,367.49300000000005,2.876580000000001,3,1,5,79.35,inactive,3.5228787452803374
CHEMBL4126041,N#Cc1ccc(O[C@@H]2[C@@H]3CCC(=O)C3C[C@H]2N2CCC[C@@H](N)C2)cc1,<rdkit.Chem.rdchem.Mol object at 0x0000022792898190>,100000.0,339.4390000000001,2.09638,3,1,5,79.35,inactive,4.0
CHEMBL4173715,O=C(O)C[C@]1(CC(F)(F)F)CCc2cc(-c3cnc(NC(=O)Nc4ccc(F)c(F)c4)cn3)ccc2C1=O,<rdkit.Chem.rdchem.Mol object at 0x0000022792898200>,10000.0,534.4410000000001,5.608200000000004,6,3,5,121.28,inactive,5.0
CHEMBL4214646,Cn1nc(C(F)(F)F)cc1C1NCCOC1Oc1cc(F)c(S(=O)(=O)Nc2ncns2)cc1F,<rdkit.Chem.rdchem.Mol object at 0x0000022792898270>,30000.0,526.4690000000002,2.4354000000000005,6,2,10,120.26,inactive,4.522878745280337
CHEMBL4280970,O=C(NCc1ccccc1)C(c1ccccc1)N1CCN(C(=O)c2cc(F)cc(F)c2)CC1,<rdkit.Chem.rdchem.Mol object at 0x00000227928982E0>,1300.0,449.50100000000026,3.780300000000003,6,1,3,52.650000000000006,active,5.886056647693163
CHEMBL4286818,O=C(Nc1ccc(C(F)(F)F)cc1)C(c1ccccc1)N1CCN(C(=O)c2cc(F)cc(F)c2)CC1,<rdkit.Chem.rdchem.Mol object at 0x0000022792898350>,9500.0,503.4710000000003,5.121400000000004,5,1,3,52.650000000000006,inactive,5.022276394711152
CHEMBL3947779,CNC(=O)c1c(-c2ccc(F)cc2)oc2cc(N(C)S(C)(=O)=O)c(-c3ccc4c(n3)-c3cc5c(F)cccc5n3CC4)cc12,<rdkit.Chem.rdchem.Mol object at 0x00000227928983C0>,30000.0,612.658,6.373200000000005,5,1,6,97.44,inactive,4.522878745280337
CHEMBL4447021,Cn1cc(C2C3CC4CC(C3)CC2C4)c2ccc(C(=O)NS(=O)(=O)C3CC3)cc21,<rdkit.Chem.rdchem.Mol object at 0x0000022792898430>,8400.0,412.5550000000001,3.940000000000003,4,1,4,68.17,inactive,5.075720713938118
CHEMBL4517683,Cn1cc(C2CCCN(C(=O)OC(C)(C)C)C2)c2ccc(C(=O)NS(=O)(=O)C3CC3)cc21,<rdkit.Chem.rdchem.Mol object at 0x00000227928984A0>,30000.0,461.5840000000002,3.514800000000002,4,1,6,97.71,inactive,4.522878745280337
CHEMBL4450331,Cn1cc(C2=CCOCC2)c2ccc(C(=O)NS(=O)(=O)C3CC3)cc21,<rdkit.Chem.rdchem.Mol object at 0x0000022792898510>,30000.0,360.4350000000002,2.204,4,1,5,77.4,inactive,4.522878745280337
CHEMBL4563193,CCC(c1cn(C)c2cc(C(=O)NS(=O)(=O)C3CC3)ccc12)C(C)(C)C,<rdkit.Chem.rdchem.Mol object at 0x0000022792898580>,30000.0,376.5220000000002,3.940000000000003,5,1,4,68.17,inactive,4.522878745280337
CHEMBL4515462,Cn1cc(C(C)(C)C)c2ccc(C(=O)NS(=O)(=O)C3CC3)cc21,<rdkit.Chem.rdchem.Mol object at 0x00000227928985F0>,30000.0,334.44100000000014,2.697800000000001,3,1,4,68.17,inactive,4.522878745280337
CHEMBL4528547,NC[C@H](Oc1noc2ccc(-c3ccccc3Cl)nc12)c1ccccc1,<rdkit.Chem.rdchem.Mol object at 0x0000022792898660>,16000.0,365.8200000000001,4.622000000000003,5,1,5,74.17,inactive,4.795880017344075
CHEMBL3647536,CCn1cnc2c(-c3ccc(F)c(-c4ccc(S(=O)(=O)CC)cc4OC)c3)cnnc21,<rdkit.Chem.rdchem.Mol object at 0x00000227928986D0>,100000.0,440.5000000000002,4.121500000000003,6,0,7,86.97,inactive,4.0
CHEMBL4437466,Cc1ccc(-c2cn(C)c3cc(C(=O)NS(C)(=O)=O)ccc23)cc1,<rdkit.Chem.rdchem.Mol object at 0x0000022792898740>,30000.0,342.4200000000001,2.8431200000000008,3,1,4,68.17,inactive,4.522878745280337
CHEMBL4462435,CC(C)COc1ccc(-c2cn(C)c3cc(C(=O)NS(C)(=O)=O)ccc23)cc1,<rdkit.Chem.rdchem.Mol object at 0x00000227928987B0>,18000.0,400.50000000000006,3.5695000000000023,6,1,5,77.4,inactive,4.7447274948966935
CHEMBL4475206,Cn1cc(-c2ccc(C(F)F)cc2)c2cc(F)c(C(=O)NS(C)(=O)=O)cc21,<rdkit.Chem.rdchem.Mol object at 0x0000022792898820>,30000.0,396.3900000000001,3.6114000000000015,4,1,4,68.17,inactive,4.522878745280337
CHEMBL4533111,COc1cc(-c2cn(C)c3cc(C(=O)NS(C)(=O)=O)ccc23)cnc1OCC(C)C,<rdkit.Chem.rdchem.Mol object at 0x0000022792898890>,30000.0,431.5140000000002,2.9731000000000014,7,1,7,99.52,inactive,4.522878745280337
CHEMBL4450471,CS(=O)(=O)NC(=O)c1ccc2c(-c3ccc(C(F)(F)F)c(Cl)c3)nccc2c1,<rdkit.Chem.rdchem.Mol object at 0x0000022792898900>,30000.0,428.8190000000001,4.2634000000000025,3,1,4,76.13,inactive,4.522878745280337
CHEMBL4547268,COc1cc(C(=O)NS(C)(=O)=O)ccc1-c1cnc(Oc2cc(F)ccc2F)c(Cl)c1,<rdkit.Chem.rdchem.Mol object at 0x0000022792898970>,23700.0,468.8650000000001,4.170500000000003,6,1,6,94.59,inactive,4.6252516539898965
CHEMBL4571566,COc1cc(C(=O)NS(C)(=O)=O)ccc1-c1cnc(Oc2cc(Cl)cnc2OC)c(Cl)c1,<rdkit.Chem.rdchem.Mol object at 0x00000227928989E0>,11600.0,498.34400000000016,3.9493000000000023,7,1,8,116.71,inactive,4.935542010773082
CHEMBL4458713,COc1cc(C(=O)NS(C)(=O)=O)ccc1-c1cnc(OCc2ccc(Cl)cc2)c(Cl)c1,<rdkit.Chem.rdchem.Mol object at 0x0000022792898A50>,21000.0,481.3570000000002,4.332400000000003,7,1,6,94.59,inactive,4.6777807052660805
CHEMBL4530399,COc1cc(C(=O)NS(C)(=O)=O)ccc1-c1cnc(Sc2cccc(C)c2)c(Cl)c1,<rdkit.Chem.rdchem.Mol object at 0x0000022792898AC0>,8900.0,462.9800000000001,4.559620000000003,6,1,6,85.36,inactive,5.050609993355087
CHEMBL4649638,O=S(=O)(Nc1nccs1)c1ccc2c(c1)OCC[C@@H]2c1ccc(C(F)(F)F)cc1N1CCNCC1,<rdkit.Chem.rdchem.Mol object at 0x0000022792898B30>,4089.0,524.5900000000003,4.286700000000003,5,2,7,83.56,active,5.388382889445664
CHEMBL4862578,O=S(=O)(Nc1cccnn1)c1cc(F)c(O[C@H]2CCN(CC(F)(F)F)C[C@@H]2c2ccccc2)cc1F,<rdkit.Chem.rdchem.Mol object at 0x0000022792898BA0>,25490.0,528.5030000000003,4.3548000000000044,7,1,6,84.42,inactive,4.593630164530732
CHEMBL4865860,O=S(=O)(Nc1cccc(F)n1)c1cc(F)c(O[C@H]2CCN(CC(F)(F)F)C[C@@H]2c2ccc(F)cc2)cc1F,<rdkit.Chem.rdchem.Mol object at 0x0000022792898C10>,610.0,563.4950000000002,5.238000000000003,7,1,5,71.53,active,6.214670164989233
CHEMBL4860097,O=S(=O)(Nc1cccc(F)n1)c1cc(F)c(O[C@H]2CCN(CC(F)(F)F)C[C@@H]2c2ccc(F)cc2F)cc1F,<rdkit.Chem.rdchem.Mol object at 0x0000022792898C80>,470.0,581.4850000000002,5.377100000000003,7,1,5,71.53,active,6.327902142064283
CHEMBL5083410,CS(=O)(=O)NC(=O)c1cc(C2CC2)c(OCC2CN(Cc3ccccc3)C2)cc1F,<rdkit.Chem.rdchem.Mol object at 0x0000022792898CF0>,30000.0,432.51700000000017,2.9033000000000007,8,1,5,75.71,inactive,4.522878745280337
CHEMBL5071877,CS(=O)(=O)NC(=O)c1cc(C2CC2)c(OCC2CCN(Cc3ccc(OC(F)(F)F)cc3)CC2)cc1F,<rdkit.Chem.rdchem.Mol object at 0x0000022792898D60>,17000.0,544.5670000000003,4.582100000000004,9,1,6,84.94,inactive,4.769551078621726
CHEMBL5186480,CN1CCN(C(=O)COc2ccc3cc(Oc4ccccn4)ccc3n2)CC1,<rdkit.Chem.rdchem.Mol object at 0x0000022792898DD0>,33000.0,378.4320000000001,2.5749000000000004,5,0,6,67.79,inactive,4.481486060122113
CHEMBL3893530,O=C(c1ccc2cc(Oc3ccc(C(F)F)cn3)ccc2n1)N1CCNCC1,<rdkit.Chem.rdchem.Mol object at 0x0000022792898E40>,33000.0,384.3860000000002,3.405100000000002,4,1,5,67.35,inactive,4.481486060122113
CHEMBL3950180,O=C(NC1CCC1)c1ccc2cc(Oc3ccc(C(F)(F)F)cn3)ccc2n1,<rdkit.Chem.rdchem.Mol object at 0x0000022792898EB0>,31300.0,387.3610000000001,4.723200000000003,4,1,4,64.11,inactive,4.504455662453552
CHEMBL3942849,O=C(NC1CC(F)C1)c1ccc2cc(Oc3ccc(C(F)(F)F)cn3)ccc2n1,<rdkit.Chem.rdchem.Mol object at 0x0000022792898F20>,33000.0,405.35100000000006,4.671200000000003,4,1,4,64.11,inactive,4.481486060122113
CHEMBL5282689,CSc1c(C#N)c(=O)c2ccc(F)cc2n1-c1c(Cl)cccc1Cl,<rdkit.Chem.rdchem.Mol object at 0x0000022792898F90>,50000.0,379.24300000000005,5.030180000000002,2,0,4,45.79,inactive,4.301029995663981
CHEMBL5286246,Cc1cc(=O)c2c(F)cncc2n1-c1c(Cl)cc(C#N)cc1Cl,<rdkit.Chem.rdchem.Mol object at 0x0000022792899000>,50000.0,348.1640000000001,4.011700000000001,1,0,4,58.68,inactive,4.301029995663981
CHEMBL5272252,O=C(NS(=O)(=O)C1CC1)c1cc(Cl)c(OCCC2CCC3(CCN(Cc4ccccc4)CC3)C2)cc1F,<rdkit.Chem.rdchem.Mol object at 0x0000022792899070>,46170.0,549.1080000000005,5.552500000000006,9,1,5,75.71,inactive,4.335640125448859
CHEMBL5283106,O=C(NS(=O)(=O)C1CC1)c1cc(Cl)c(OCCC2CCC3(CCN(Cc4ccsc4)CC3)C2)cc1F,<rdkit.Chem.rdchem.Mol object at 0x00000227928990E0>,54720.0,555.1370000000005,5.614000000000006,9,1,6,75.71,inactive,4.2618539112879406
CHEMBL1294,C=C[C@H]1CN2CC[C@H]1C[C@@H]2[C@@H](O)c1ccnc2ccc(OC)cc12,<rdkit.Chem.rdchem.Mol object at 0x0000022792899150>,6900.0,324.4240000000001,3.1732000000000014,4,1,4,45.59,inactive,5.161150909262744
CHEMBL1813048,CC(=O)Nc1cccc(Nc2ncnc(N3CCC(OCc4ccc(OC(F)(F)F)cc4)CC3)n2)c1C,<rdkit.Chem.rdchem.Mol object at 0x00000227928991C0>,1100.0,516.5240000000002,4.966220000000004,8,2,8,101.5,active,5.958607314841775
CHEMBL5441408,CC(C(=O)O)[C@@H](NC(=O)c1ncnc2[nH]ccc12)c1ccc(Br)cc1,<rdkit.Chem.rdchem.Mol object at 0x0000022792899230>,30000.0,403.2360000000001,2.9122000000000003,5,3,4,107.97,inactive,4.522878745280337
CHEMBL3113257,CC(C)(C)OC(=O)n1cc(-c2ccc(NC(=O)C3CCCN3)cc2)nc1N,<rdkit.Chem.rdchem.Mol object at 0x00000227928992A0>,30000.0,371.44100000000014,2.606,3,3,7,111.27,inactive,4.522878745280337
CHEMBL3113251,CC(C)(C)OC(=O)n1cc(-c2ccc(NC(=O)c3cc4ccccc4[nH]3)cc2)nc1N,<rdkit.Chem.rdchem.Mol object at 0x0000022792899310>,30000.0,417.4690000000001,4.6491000000000025,3,3,6,115.03,inactive,4.522878745280337
CHEMBL3113244,CC(C)(C)OC(=O)n1cc(-c2ccc(NC(=O)c3ccc[nH]3)cc2)nc1N,<rdkit.Chem.rdchem.Mol object at 0x0000022792899380>,30000.0,367.4090000000001,3.4959,3,3,6,115.03,inactive,4.522878745280337
CHEMBL3113249,CC(C)(C)OC(=O)n1cc(-c2ccc(NC(=O)c3ccco3)cc2)nc1N,<rdkit.Chem.rdchem.Mol object at 0x00000227928993F0>,30000.0,368.3930000000001,3.7608000000000015,3,2,7,112.38,inactive,4.522878745280337
CHEMBL3113256,CC(C)(C)OC(=O)n1cc(-c2cccc(NC(=O)C3CCCN3)c2)nc1N,<rdkit.Chem.rdchem.Mol object at 0x0000022792899460>,30000.0,371.44100000000014,2.606,3,3,7,111.27,inactive,4.522878745280337
CHEMBL3113254,CC(C)(C)OC(=O)n1cc(-c2cccc(NC(=O)c3c[nH]c4ccccc34)c2)nc1N,<rdkit.Chem.rdchem.Mol object at 0x00000227928994D0>,30000.0,417.4690000000001,4.6491000000000025,3,3,6,115.03,inactive,4.522878745280337
CHEMBL3113250,CC(C)(C)OC(=O)n1cc(-c2cccc(NC(=O)c3cc4ccccc4[nH]3)c2)nc1N,<rdkit.Chem.rdchem.Mol object at 0x0000022792899540>,30000.0,417.4690000000001,4.6491000000000025,3,3,6,115.03,inactive,4.522878745280337
CHEMBL3113248,CC(C)(C)OC(=O)n1cc(-c2cccc(NC(=O)c3cc[nH]c3)c2)nc1N,<rdkit.Chem.rdchem.Mol object at 0x00000227928995B0>,30000.0,367.4090000000001,3.4959000000000007,3,3,6,115.03,inactive,4.522878745280337
CHEMBL3113263,CC(C)(C)OC(=O)n1cc(-c2cccc(NC(=O)c3ccc[nH]3)c2)nc1N,<rdkit.Chem.rdchem.Mol object at 0x0000022792899620>,30000.0,367.4090000000001,3.4959000000000007,3,3,6,115.03,inactive,4.522878745280337
CHEMBL4084268,CC(C)(C)[C@@H]1OCCC[C@@H]1CNc1cc(F)c(S(=O)(=O)Nc2nccs2)cc1Cl,<rdkit.Chem.rdchem.Mol object at 0x0000022792899690>,415.0,462.01200000000006,4.989600000000004,6,2,6,80.32,active,6.3819519032879075
CHEMBL4064295,CC(C)(C)[C@H]1OCCC[C@@H]1CNc1cc(F)c(S(=O)(=O)Nc2nccs2)cc1Cl,<rdkit.Chem.rdchem.Mol object at 0x0000022792899700>,156.0,462.01200000000006,4.989600000000004,6,2,6,80.32,active,6.806875401645538
CHEMBL1323,CC(C)CN(C[C@@H](O)[C@H](Cc1ccccc1)NC(=O)O[C@H]1CO[C@H]2OCC[C@H]21)S(=O)(=O)c1ccc(N)cc1,<rdkit.Chem.rdchem.Mol object at 0x0000022792899770>,39810.72,547.6740000000003,2.3753,11,3,8,140.42000000000002,inactive,4.399999967876858
CHEMBL4287506,CC(C)COc1ccc(-c2cn(C)c3cc(C(=O)NS(=O)(=O)C4CC4)c(F)cc23)cn1,<rdkit.Chem.rdchem.Mol object at 0x00000227928997E0>,3697.0,445.5160000000001,3.6362000000000014,7,1,6,90.29,active,5.432150549426893
CHEMBL4279180,CC(C)COc1ncc(-c2cn(C)c3cc(C(=O)NS(C)(=O)=O)ccc23)cc1Cl,<rdkit.Chem.rdchem.Mol object at 0x0000022792899850>,19000.0,435.9330000000001,3.6179000000000014,6,1,6,90.29,inactive,4.721246399047171
CHEMBL4280298,CC(C)COc1ncc(-c2nn(C)c3cc(C(=O)NS(C)(=O)=O)ccc23)cc1Cl,<rdkit.Chem.rdchem.Mol object at 0x00000227928998C0>,6508.0,436.9210000000001,3.012900000000001,6,1,7,103.18,inactive,5.186552455735179
CHEMBL5441414,CC(C)[C@@H](Nc1ncnc2[nH]c(-c3cnn(C)c3C#N)cc12)c1ccc2c(n1)OCCO2,<rdkit.Chem.rdchem.Mol object at 0x0000022792899930>,30000.0,430.47200000000026,3.205480000000001,5,2,9,126.56000000000002,inactive,4.522878745280337
CHEMBL5441396,CC(C)[C@@H](Nc1ncnc2[nH]c(C(=O)N[C@@H]3CCN(C)C3)cc12)c1ccc2c(c1)S(=O)(=O)CCC2,<rdkit.Chem.rdchem.Mol object at 0x00000227928999A0>,30000.0,496.63700000000034,2.9209000000000014,6,3,7,120.07999999999998,inactive,4.522878745280337
CHEMBL5441415,CC(C)[C@H](Nc1ncnc2[nH]c(-c3cnn(C)c3C#N)cc12)c1ccc2c(n1)OCCO2,<rdkit.Chem.rdchem.Mol object at 0x0000022792899A10>,30000.0,430.47200000000026,3.205480000000001,5,2,9,126.56000000000002,inactive,4.522878745280337
CHEMBL5441417,CC(C)[C@H](Nc1ncnc2[nH]ccc12)c1ccc2c(c1)S(=O)(=O)CCC2,<rdkit.Chem.rdchem.Mol object at 0x0000022792899A80>,30000.0,370.4780000000002,3.487000000000002,4,2,5,87.74000000000001,inactive,4.522878745280337
CHEMBL2164367,CC1(C(=O)NCc2ccc(OC(F)(F)F)cc2)c2ccccc2C(=O)N1CCc1ccccn1,<rdkit.Chem.rdchem.Mol object at 0x0000022792899AF0>,27000.0,469.4630000000002,4.210300000000003,7,1,4,71.53,inactive,4.568636235841013
CHEMBL4065325,CC1(CNc2cc(F)c(S(=O)(=O)Nc3nccs3)cc2Cl)COC1,<rdkit.Chem.rdchem.Mol object at 0x0000022792899B60>,6500.0,391.8770000000002,3.184800000000001,6,2,6,80.32000000000001,inactive,5.187086643357144
CHEMBL3662190,CC1(COc2cc(F)c(C(=O)NS(=O)(=O)C3CC3)cc2C2CC2)CCC2(CC1)CC2,<rdkit.Chem.rdchem.Mol object at 0x0000022792899BD0>,50.0,435.5610000000005,4.664400000000004,7,1,4,72.47,active,7.301029995663981
CHEMBL4084713,CC1CC(CNc2cc(F)c(S(=O)(=O)Nc3nccs3)cc2Cl)CC(C)O1,<rdkit.Chem.rdchem.Mol object at 0x0000022792899C40>,706.0,433.95800000000014,4.351900000000003,6,2,6,80.32000000000001,active,6.151195298948196
CHEMBL3909869,CCC1CN(c2ccc(C(F)(F)F)cc2C#N)c2ccc(S(=O)(=O)Nc3nccs3)cc2O1,<rdkit.Chem.rdchem.Mol object at 0x0000022792899CB0>,10000.0,494.5200000000001,5.143480000000003,5,1,7,95.32,inactive,5.0
CHEMBL698,CCCCNc1ccc(C(=O)OCCN(C)C)cc1,<rdkit.Chem.rdchem.Mol object at 0x0000022792899D20>,200.0,264.3689999999999,2.617000000000001,8,1,4,41.57,active,6.698970004336019
CHEMBL631,CCCNCC(O)COc1ccccc1C(=O)CCc1ccccc1,<rdkit.Chem.rdchem.Mol object at 0x0000022792899D90>,1190.0,341.4510000000001,3.2414000000000023,11,2,4,58.56,active,5.924453038607469
CHEMBL1520,CCCc1nc(C)c2c(=O)[nH]c(-c3cc(S(=O)(=O)N4CCN(CC)CC4)ccc3OCC)nn12,<rdkit.Chem.rdchem.Mol object at 0x0000022792899E00>,199526.23,488.6140000000004,2.0704199999999995,8,1,8,112.9,inactive,3.700000003258169
CHEMBL192,CCCc1nn(C)c2c(=O)[nH]c(-c3cc(S(=O)(=O)N4CCN(C)CC4)ccc3OCC)nc12,<rdkit.Chem.rdchem.Mol object at 0x0000022792899E70>,1258925.41,474.5870000000004,1.6109,7,1,8,113.42,inactive,2.900000000618938
CHEMBL4294322,CCS(=O)(=O)NC(=O)c1ccc2c(-c3cnc(OCC(C)C)c(Cl)c3)cn(C)c2c1,<rdkit.Chem.rdchem.Mol object at 0x0000022792899EE0>,5673.0,449.9600000000002,4.008000000000003,7,1,6,90.29,inactive,5.246187216435298
CHEMBL1118,CN(C)CC(c1ccc(O)cc1)C1(O)CCCCC1,<rdkit.Chem.rdchem.Mol object at 0x0000022792899F50>,199526.23,263.381,2.7326000000000006,4,2,3,43.7,inactive,3.700000003258169
CHEMBL473,CN(CCOc1ccc(NS(C)(=O)=O)cc1)CCc1ccc(NS(C)(=O)=O)cc1,<rdkit.Chem.rdchem.Mol object at 0x0000022792899FC0>,630957.34,441.57500000000016,1.9829,11,2,6,104.81,inactive,3.2000000030837636
CHEMBL779,CN1CC(=O)N2C(Cc3c([nH]c4ccccc34)[C@H]2c2ccc3c(c2)OCO3)C1=O,<rdkit.Chem.rdchem.Mol object at 0x000002279289A030>,158489.32,389.4110000000002,2.2113,1,1,4,74.87,inactive,3.7999999979341847
CHEMBL3325536,CN1CC[C@@H](c2ccc(Cl)cc2)[C@H](COc2cc(F)c(S(=O)(=O)Nc3ncns3)cc2F)C1,<rdkit.Chem.rdchem.Mol object at 0x000002279289A0A0>,10000.0,515.0070000000001,4.384800000000004,7,1,7,84.42,inactive,5.0
CHEMBL5441413,CNC(=O)Cn1cc(-c2cc3c(N[C@@H](c4ccc5c(c4)S(=O)(=O)CCC5)C(C)C)ncnc3[nH]2)cn1,<rdkit.Chem.rdchem.Mol object at 0x000002279289A110>,30000.0,507.6200000000003,3.0965000000000007,7,3,8,134.66000000000005,inactive,4.522878745280337
CHEMBL5441401,CNCc1cc(-c2cc3c(N[C@@H](c4ccc5c(c4)S(=O)(=O)CCC5)C(C)C)ncnc3[nH]2)co1,<rdkit.Chem.rdchem.Mol object at 0x000002279289A180>,30000.0,479.6060000000003,4.466400000000004,7,3,7,112.91,inactive,4.522878745280337
CHEMBL3113243,CNc1nc(-c2cccc(NC(=O)c3cc4ccccc4[nH]3)c2)cn1C(=O)OC(C)(C)C,<rdkit.Chem.rdchem.Mol object at 0x000002279289A1F0>,30000.0,431.49600000000015,5.108600000000004,4,3,6,101.04,inactive,4.522878745280337
CHEMBL3113261,CNc1nc(-c2cccc(NC(=O)c3ccco3)c2)cn1C(=O)OC(C)(C)C,<rdkit.Chem.rdchem.Mol object at 0x000002279289A260>,30000.0,382.4200000000001,4.220300000000003,4,2,7,98.39,inactive,4.522878745280337
CHEMBL1111,COC(c1ccccc1)(c1ccccc1)C(Oc1nc(C)cc(C)n1)C(=O)O,<rdkit.Chem.rdchem.Mol object at 0x000002279289A2D0>,1000000.0,378.4280000000001,3.515640000000001,7,1,5,81.53999999999999,inactive,3.0
CHEMBL4100176,CON=C1CCC(CNc2cc(F)c(S(=O)(=O)Nc3nccs3)cc2Cl)CC1,<rdkit.Chem.rdchem.Mol object at 0x000002279289A340>,94.0,446.9570000000001,4.340900000000003,7,2,7,92.68,active,7.026872146400302
CHEMBL32,COc1c(N2C[C@@H]3CCCN[C@@H]3C2)c(F)cc2c(=O)c(C(=O)O)cn(C3CC3)c12,<rdkit.Chem.rdchem.Mol object at 0x000002279289A3B0>,39810.72,401.4380000000002,2.3705000000000007,4,2,6,83.80000000000001,inactive,4.399999967876858
CHEMBL3945969,COc1cc(-c2cc(F)cc(Cl)c2)c(F)cc1-n1c(=O)ccc2cc(S(=O)(=O)Nc3ccon3)ccc21,<rdkit.Chem.rdchem.Mol object at 0x000002279289A420>,14000.0,543.9350000000002,5.386700000000004,6,1,7,103.43,inactive,4.853871964321762
CHEMBL3979498,COc1cc(-c2cccc(C(F)(F)F)c2)ccc1-n1c(=O)ccc2cc(S(=O)(=O)Nc3ncccn3)ccc21,<rdkit.Chem.rdchem.Mol object at 0x000002279289A490>,30000.0,552.5340000000001,5.2759000000000045,6,1,7,103.18,inactive,4.522878745280337
CHEMBL3687606,COc1cc(-c2cccc(F)c2)c(Cl)cc1-c1nccc2cc(S(=O)(=O)Nc3ccncn3)ccc12,<rdkit.Chem.rdchem.Mol object at 0x000002279289A500>,10000.0,520.9730000000001,5.960700000000004,6,1,6,94.07,inactive,5.0
CHEMBL3687608,COc1cc(-c2cccc(F)c2)c(Cl)cc1-c1nccc2cc(S(=O)(=O)Nc3ccon3)ccc12,<rdkit.Chem.rdchem.Mol object at 0x000002279289A570>,30000.0,509.94600000000014,6.158700000000003,6,1,6,94.32,inactive,4.522878745280337
CHEMBL3341980,COc1cc(-c2cccc(F)c2)c(Cl)cc1-c1ncnc2cc(S(=O)(=O)Nc3ncns3)ccc12,<rdkit.Chem.rdchem.Mol object at 0x000002279289A5E0>,4750.0,527.9900000000001,5.417200000000003,6,1,8,106.96,active,5.323306390375134
CHEMBL3682789,COc1cc(-c2cccc(F)c2)ccc1-c1nccc2cc(S(=O)(=O)Nc3ccncn3)ccc12,<rdkit.Chem.rdchem.Mol object at 0x000002279289A650>,30000.0,486.5280000000001,5.307300000000004,6,1,6,94.07,inactive,4.522878745280337
CHEMBL3687602,COc1cc(-c2cccc(F)c2)ccc1-c1ncnc2cc(S(=O)(=O)Nc3ccncn3)ccc12,<rdkit.Chem.rdchem.Mol object at 0x000002279289A6C0>,30000.0,487.5160000000001,4.702300000000003,6,1,7,106.96,inactive,4.522878745280337
CHEMBL3963432,COc1cc(C#N)ccc1N1CCOc2cc(S(=O)(=O)Nc3nccs3)ccc21,<rdkit.Chem.rdchem.Mol object at 0x000002279289A730>,10000.0,428.49500000000006,3.354680000000002,5,1,8,104.55,inactive,5.0
CHEMBL4469805,COc1cc(C(=O)NS(C)(=O)=O)c(F)cc1-c1cnc(Oc2cc(F)ccc2F)c(Cl)c1,<rdkit.Chem.rdchem.Mol object at 0x000002279289A7A0>,13600.0,486.8550000000001,4.309600000000003,6,1,6,94.59,inactive,4.866461091629782
CHEMBL3682623,COc1cc(C(F)(F)F)ccc1-c1cccc2cc(S(=O)(=O)Nc3ncns3)ccc12,<rdkit.Chem.rdchem.Mol object at 0x000002279289A810>,11600.0,465.4780000000002,5.186500000000003,5,1,6,81.18,inactive,4.935542010773082
CHEMBL3682841,COc1cc(C(F)(F)F)ccc1-c1cnnc2cc(S(=O)(=O)Nc3nccs3)ccc12,<rdkit.Chem.rdchem.Mol object at 0x000002279289A880>,30000.0,466.4660000000002,4.581500000000002,5,1,7,94.07,inactive,4.522878745280337
CHEMBL3692149,COc1cc(C(F)(F)F)ccc1-c1n[nH]c(=O)c2cc(S(=O)(=O)Nc3nccs3)ccc12,<rdkit.Chem.rdchem.Mol object at 0x000002279289A8F0>,30000.0,482.4650000000002,3.874800000000002,5,2,7,114.04,inactive,4.522878745280337
CHEMBL3687538,COc1cc(C(F)(F)F)ccc1-c1ncnc2cc(S(=O)(=O)Nc3nccs3)ccc12,<rdkit.Chem.rdchem.Mol object at 0x000002279289A960>,30000.0,466.4660000000002,4.581500000000002,5,1,7,94.07,inactive,4.522878745280337
CHEMBL3947470,COc1cc(C(F)(F)F)ccc1-n1c(=O)ccc2cc(S(=O)(=O)Nc3nccs3)ccc21,<rdkit.Chem.rdchem.Mol object at 0x000002279289A9D0>,30000.0,481.47700000000015,4.275400000000002,5,1,7,90.29,inactive,4.522878745280337
CHEMBL3926166,COc1cc(C(F)(F)F)ccc1N1C(=O)COc2cc(S(=O)(=O)Nc3nccs3)ccc21,<rdkit.Chem.rdchem.Mol object at 0x000002279289AA40>,10000.0,485.46500000000015,4.028400000000002,5,1,7,97.83,inactive,5.0
CHEMBL3983724,COc1cc(C(F)(F)F)ccc1N1CCOc2cc(S(=O)(=O)Nc3nccs3)ccc21,<rdkit.Chem.rdchem.Mol object at 0x000002279289AAB0>,1990.0,471.48200000000014,4.501800000000002,5,1,7,80.76,active,5.701146923590294
CHEMBL3922625,COc1cc(F)ccc1N1CCOc2cc(S(=O)(=O)Nc3nccs3)ccc21,<rdkit.Chem.rdchem.Mol object at 0x000002279289AB20>,5580.0,421.4750000000001,3.6221000000000014,5,1,7,80.76,inactive,5.253365801062421
CHEMBL250699,COc1cc(NC(=O)c2ccc(-c3ccc(Cl)cc3)o2)cc(OC)c1,<rdkit.Chem.rdchem.Mol object at 0x000002279289AB90>,2000.0,357.7930000000001,4.869500000000003,5,1,4,60.7,active,5.698970004336019
CHEMBL709,COc1cc2nc(N(C)CCCNC(=O)C3CCCO3)nc(N)c2cc1OC,<rdkit.Chem.rdchem.Mol object at 0x000002279289AC00>,1584893.19,389.4560000000002,1.3507000000000002,8,2,8,111.83,inactive,2.8000000006743977
CHEMBL4211735,COc1ccc(C2NCCOC2Oc2cc(F)c(S(=O)(=O)Nc3ncns3)cc2F)cc1,<rdkit.Chem.rdchem.Mol object at 0x000002279289AC70>,30000.0,484.5060000000001,2.691700000000001,7,2,9,111.67,inactive,4.522878745280337
CHEMBL5441398,COc1ccc([C@H](Cc2nn[nH]n2)NC(=O)c2ncnc3[nH]ccc23)cc1,<rdkit.Chem.rdchem.Mol object at 0x000002279289ACE0>,30000.0,364.3690000000001,1.1933999999999991,6,3,7,134.36,inactive,4.522878745280337
CHEMBL3322777,COc1ccc2c(c1)NC1(CCN(C(=O)c3ccc(OC)c(N(C)C)c3)CC1)c1cccn1-2,<rdkit.Chem.rdchem.Mol object at 0x000002279289AD50>,351.0,446.5510000000002,4.117500000000003,4,1,6,58.97,active,6.454692883534176
CHEMBL4213433,COc1cccc(C2NCCOC2Oc2cc(F)c(S(=O)(=O)Nc3ncns3)cc2F)c1,<rdkit.Chem.rdchem.Mol object at 0x000002279289ADC0>,30000.0,484.5060000000001,2.6917,7,2,9,111.67,inactive,4.522878745280337
CHEMBL4204154,COc1ccccc1C1NCCOC1Oc1cc(F)c(S(=O)(=O)Nc2ncns2)cc1F,<rdkit.Chem.rdchem.Mol object at 0x000002279289AE30>,30000.0,484.5060000000001,2.691700000000001,7,2,9,111.67,inactive,4.522878745280337
CHEMBL3930997,COc1ccccc1N1CCOc2cc(S(=O)(=O)Nc3nccs3)ccc21,<rdkit.Chem.rdchem.Mol object at 0x000002279289AEA0>,10000.0,403.485,3.4830000000000023,5,1,7,80.76,inactive,5.0
CHEMBL2443262,COc1ccsc1CNCC[C@@]1(c2ccccn2)CCOC2(CCCC2)C1,<rdkit.Chem.rdchem.Mol object at 0x000002279289AF10>,4700.0,386.5610000000003,4.692600000000004,7,1,5,43.38,active,5.327902142064283
CHEMBL2069427,COc1cnc(-c2cccc3c2C[C@H](NC(=O)c2ccc(COCC(F)(F)F)nc2)CO3)cn1,<rdkit.Chem.rdchem.Mol object at 0x000002279289AF80>,12589.25,474.4390000000002,3.3596000000000013,7,1,7,95.46,inactive,4.900000142057633
CHEMBL3657851,CS(=O)(=O)NC(=O)c1cc(C2CC2)c(OCC23CC4CC(CC(C4)C2)C3)cc1F,<rdkit.Chem.rdchem.Mol object at 0x000002279289AFF0>,159.0,421.5340000000002,3.987700000000003,6,1,4,72.47,active,6.798602875679548
CHEMBL3662226,CS(=O)(=O)NC(=O)c1cc(C2CC2)c(OCC2CN(C(c3ccccc3)c3ccccc3)C2)cc1F,<rdkit.Chem.rdchem.Mol object at 0x000002279289B060>,1100.0,508.6150000000002,4.492700000000004,9,1,5,75.71,active,5.958607314841775
CHEMBL3341985,CS(=O)(=O)NC(=O)c1cc(Cl)c(OCC23CC4CC(CC(C4)C2)C3)cc1F,<rdkit.Chem.rdchem.Mol object at 0x000002279289B0D0>,1070.0,415.9140000000002,3.7637000000000023,5,1,4,72.47,active,5.97061622231479
CHEMBL3657929,CS(=O)(=O)NC(=O)c1cc(Cl)c(OCC2CC3C4CCC(C4)C3C2)cc1F,<rdkit.Chem.rdchem.Mol object at 0x000002279289B140>,743.0,415.9140000000002,3.619600000000003,5,1,4,72.47,active,6.129011186239425
CHEMBL4129030,CS(=O)(=O)NC(=O)c1cc(F)c(COc2ccc(Cl)c(Cl)c2)cc1F,<rdkit.Chem.rdchem.Mol object at 0x000002279289B1B0>,11000.0,410.225,3.540000000000002,5,1,4,72.47,inactive,4.958607314841775
CHEMBL5094715,C[C@@H](c1cc(Cl)cc(Cl)c1)N1CCC(COc2cc(F)c(C(=O)NS(C)(=O)=O)cc2C2CC2)CC1,<rdkit.Chem.rdchem.Mol object at 0x000002279289B220>,551.0,543.488,5.551300000000006,8,1,5,75.71000000000001,active,6.258848401148215
CHEMBL308954,Cc1cc(C#N)cc(C)c1Oc1nc(Nc2ccc(C#N)cc2)nc(N)c1Br,<rdkit.Chem.rdchem.Mol object at 0x000002279289B290>,501187.23,435.2850000000001,4.717400000000002,4,2,7,120.64,inactive,3.3000000031431456
CHEMBL3682622,Cc1cc(C(F)(F)F)ccc1-c1cccc2cc(S(=O)(=O)Nc3ncns3)ccc12,<rdkit.Chem.rdchem.Mol object at 0x000002279289B300>,5070.0,449.47900000000016,5.486320000000003,4,1,5,71.95,inactive,5.294992040666664
CHEMBL3960275,Cc1cc(Cl)ccc1N1CCOc2cc(S(=O)(=O)Nc3nccs3)ccc21,<rdkit.Chem.rdchem.Mol object at 0x000002279289B370>,5700.0,421.931,4.436220000000002,4,1,6,71.53,inactive,5.2441251443275085
CHEMBL2386850,Cc1cc(Oc2cncnc2)cc(C(=O)Nc2ccc(F)cn2)n1,<rdkit.Chem.rdchem.Mol object at 0x000002279289B3E0>,100000.0,325.303,2.7587200000000003,4,1,6,89.89,inactive,4.0
CHEMBL461101,Cc1ccc(-n2[nH]c(C)c(N=Nc3cccc(-c4cccc(C(=O)O)c4)c3O)c2=O)cc1C,<rdkit.Chem.rdchem.Mol object at 0x000002279289B450>,158489.32,442.47500000000014,5.577060000000004,5,3,6,120.04,inactive,3.7999999979341847
CHEMBL1914844,Cc1ccc(N2CCN(CC(O)COc3ccccc3C(=O)CCc3ccccc3)CC2)cc1,<rdkit.Chem.rdchem.Mol object at 0x000002279289B4C0>,5000.0,458.6020000000003,4.372420000000004,10,1,5,53.01,inactive,5.301029995663981
CHEMBL255863,Cc1cn(-c2cc(NC(=O)c3ccc(C)c(Nc4nccc(-c5cccnc5)n4)c3)cc(C(F)(F)F)c2)cn1,<rdkit.Chem.rdchem.Mol object at 0x000002279289B530>,5011872.34,529.5260000000001,6.355840000000005,6,2,7,97.62,inactive,2.2999999996770195
CHEMBL5416410,Cc1nc(Nc2ncc(C(=O)Nc3c(C)cccc3Cl)s2)cc(N2CCN(CCO)CC2)n1,<rdkit.Chem.rdchem.Mol object at 0x000002279289B5A0>,398107.17,488.01700000000034,3.313540000000001,7,3,9,106.51,inactive,3.4000000006038094
CHEMBL1621,Cc1nc2n(c(=O)c1CCN1CCC(c3noc4cc(F)ccc34)CC1)CCCC2O,<rdkit.Chem.rdchem.Mol object at 0x000002279289B610>,25118.86,426.49200000000025,3.081320000000002,4,1,7,84.39,inactive,4.600000074606178
CHEMBL256907,Cc1nnc(C(C)C)n1[C@H]1C[C@H]2CC[C@@H](C1)N2CC[C@H](NC(=O)C1CCC(F)(F)CC1)c1ccccc1,<rdkit.Chem.rdchem.Mol object at 0x000002279289B680>,1000000.0,513.6770000000002,5.950920000000006,8,1,5,63.05,inactive,3.0
CHEMBL4290933,Cn1cc(-c2ccc(C(F)(F)F)cc2)c2cc(F)c(C(=O)NS(=O)(=O)C3CC3)cc21,<rdkit.Chem.rdchem.Mol object at 0x000002279289B6F0>,3800.0,440.4180000000002,4.225200000000003,4,1,4,68.17,active,5.42021640338319
CHEMBL3341979,Cn1cc(-c2ccc(C(F)(F)F)cc2-c2cn[nH]c2)c2ccc(S(=O)(=O)Nc3ncns3)cc21,<rdkit.Chem.rdchem.Mol object at 0x000002279289B760>,10000.0,504.5190000000001,4.906500000000003,5,2,7,105.56,inactive,5.0
CHEMBL3704444,Cn1cc(-c2cccc3c2CNCC3)c2ccc(S(=O)(=O)Nc3ncns3)cc21,<rdkit.Chem.rdchem.Mol object at 0x000002279289B7D0>,10000.0,425.539,3.1433000000000018,4,2,7,88.91000000000001,inactive,5.0
CHEMBL5441391,Cn1ncc(-c2cc3c(N[C@@H](c4ccc5c(n4)OCCO5)C(C)(C)C)ncnc3[nH]2)c1C#N,<rdkit.Chem.rdchem.Mol object at 0x000002279289B840>,30000.0,444.4990000000002,3.5955800000000018,4,2,9,126.56,inactive,4.522878745280337
CHEMBL3677849,Cn1nccc1-c1cc(C(F)(F)F)ccc1-c1cccc2cc(S(=O)(=O)Nc3ncns3)ccc12,<rdkit.Chem.rdchem.Mol object at 0x000002279289B8B0>,30.0,515.5420000000001,5.578400000000004,5,1,7,89.77,active,7.522878745280337
CHEMBL2409209,Cn1nccc1-c1cc(C(F)(F)F)ccc1-c1cn(C)c2cc(S(=O)(=O)Nc3ncns3)ccc12,<rdkit.Chem.rdchem.Mol object at 0x000002279289B920>,30000.0,518.5460000000002,4.916900000000004,5,1,8,94.7,inactive,4.522878745280337
CHEMBL2324000,Cn1nccc1-c1ccccc1Oc1ccc(S(=O)(=O)Nc2nccs2)cc1C#N,<rdkit.Chem.rdchem.Mol object at 0x000002279289B990>,10000.0,437.50600000000014,4.0083800000000025,6,1,8,109.9,inactive,5.0
CHEMBL4208418,Cn1nccc1C1NCCOC1Oc1cc(F)c(S(=O)(=O)Nc2ncns2)cc1F,<rdkit.Chem.rdchem.Mol object at 0x000002279289BA00>,30000.0,458.472,1.4165999999999994,6,2,10,120.26,inactive,4.522878745280337
CHEMBL3919149,N#Cc1cc(C(F)(F)F)ccc1N1CCOc2c1ccc(S(=O)(=O)Nc1nccs1)c2F,<rdkit.Chem.rdchem.Mol object at 0x000002279289BA70>,2100.0,484.4560000000001,4.503980000000001,4,1,7,95.32,active,5.6777807052660805
CHEMBL3928121,N#Cc1cc(C(F)(F)F)ccc1N1CCOc2cc(S(=O)(=O)Nc3ccncn3)ccc21,<rdkit.Chem.rdchem.Mol object at 0x000002279289BAE0>,1140.0,461.4250000000001,3.698380000000001,4,1,7,108.21,active,5.943095148663527
CHEMBL3907025,N#Cc1cc(C(F)(F)F)ccc1N1CCOc2cc(S(=O)(=O)Nc3nccs3)c(Cl)cc21,<rdkit.Chem.rdchem.Mol object at 0x000002279289BB50>,610.0,500.9110000000001,5.018280000000002,4,1,7,95.32,active,6.214670164989233
CHEMBL3950353,N#Cc1cc(C(F)(F)F)ccc1N1CCOc2cc(S(=O)(=O)Nc3nccs3)c(F)cc21,<rdkit.Chem.rdchem.Mol object at 0x000002279289BBC0>,203.0,484.4560000000001,4.503980000000001,4,1,7,95.32,active,6.692503962086787
CHEMBL3948638,N#Cc1cc(C(F)(F)F)ccc1N1CCOc2cc(S(=O)(=O)Nc3nccs3)cc(F)c21,<rdkit.Chem.rdchem.Mol object at 0x000002279289BC30>,385.0,484.4560000000001,4.503980000000001,4,1,7,95.32,active,6.414539270491499
CHEMBL3906169,N#Cc1cc(C(F)(F)F)ccc1N1CCOc2cc(S(=O)(=O)Nc3nccs3)ccc21,<rdkit.Chem.rdchem.Mol object at 0x000002279289BCA0>,1150.0,466.4660000000001,4.364880000000002,4,1,7,95.32,active,5.939302159646388
CHEMBL4204409,N#Cc1ccc(C2NCCOC2Oc2cc(F)c(S(=O)(=O)Nc3ncns3)cc2F)cc1,<rdkit.Chem.rdchem.Mol object at 0x000002279289BD10>,30000.0,479.49000000000007,2.554780000000001,6,2,9,126.23,inactive,4.522878745280337
CHEMBL4203201,N#Cc1cccc(C2NCCOC2Oc2cc(F)c(S(=O)(=O)Nc3ncns3)cc2F)c1,<rdkit.Chem.rdchem.Mol object at 0x000002279289BD80>,30000.0,479.49000000000007,2.55478,6,2,9,126.23,inactive,4.522878745280337
CHEMBL3544913,NC(=O)C1CC[C@H](c2ccc(OCc3ccccc3F)cc2)N1,<rdkit.Chem.rdchem.Mol object at 0x000002279289BDF0>,3200.0,314.36,2.6831000000000005,5,2,3,64.35000000000001,active,5.494850021680094
CHEMBL1422,N[C@@H](CC(=O)N1CCn2c(nnc2C(F)(F)F)C1)Cc1cc(F)c(F)cc1F,<rdkit.Chem.rdchem.Mol object at 0x000002279289BE60>,794328.23,407.31800000000015,2.0165,4,1,5,77.04,inactive,3.1000000025829744
CHEMBL2325014,Nc1[nH]ncc1-c1cc(Cl)ccc1Oc1cc(F)c(S(=O)(=O)Nc2cscn2)cc1Cl,<rdkit.Chem.rdchem.Mol object at 0x000002279289BED0>,11.0,500.36400000000015,5.154400000000002,6,3,7,122.99,active,7.958607314841775
CHEMBL2010816,Nc1cncc(Nc2ccc(Oc3ccc(OC(F)(F)F)cc3)cc2)n1,<rdkit.Chem.rdchem.Mol object at 0x000002279289BF40>,1260.0,362.311,4.493300000000001,5,2,6,82.29,active,5.8996294548824375
CHEMBL3617063,Nc1nc2cc(-c3cc(Cl)ccc3Oc3cc(F)c(S(=O)(=O)Nc4ncns4)cc3F)ccc2[nH]1,<rdkit.Chem.rdchem.Mol object at 0x00000227928C8040>,10000.0,534.9570000000001,5.188300000000002,6,3,8,135.88,inactive,5.0
CHEMBL2011947,Nc1ncnc(Nc2ccc(Oc3ccc(Cl)cc3)cc2)n1,<rdkit.Chem.rdchem.Mol object at 0x00000227928C80B0>,200.0,313.748,3.643100000000001,4,2,6,85.95,active,6.698970004336019
CHEMBL3341983,Nc1noc2ccc(-c3cc(Cl)ccc3Oc3cc(F)c(S(=O)(=O)Nc4ncns4)cc3F)cc12,<rdkit.Chem.rdchem.Mol object at 0x00000227928C8120>,1000.0,535.9410000000001,5.453200000000002,6,2,9,133.23,active,6.0
CHEMBL1914835,O=C(CCc1ccccc1)c1ccccc1OCC(O)CN1CCC(c2ccccc2)CC1,<rdkit.Chem.rdchem.Mol object at 0x00000227928C8190>,5000.0,443.5870000000003,5.121400000000005,10,1,4,49.77,inactive,5.301029995663981
CHEMBL552382,O=C(NC1CC1c1ccccc1)N1CCC(c2nc(-c3ccccn3)no2)CC1,<rdkit.Chem.rdchem.Mol object at 0x00000227928C8200>,10000.0,389.4590000000001,3.5767000000000024,4,1,5,84.15,inactive,5.0
CHEMBL4283471,O=C(NCC1CC1)C(c1ccccc1)N1CCN(C(=O)c2cc(F)cc(F)c2)CC1,<rdkit.Chem.rdchem.Mol object at 0x00000227928C8270>,710.0,413.4680000000002,2.9901000000000018,6,1,3,52.650000000000006,active,6.1487416512809245
CHEMBL2164373,O=C(NCc1ccc(OC(F)(F)F)cc1)c1c2ccccc2c(O)n1C1CCC(F)(F)CC1,<rdkit.Chem.rdchem.Mol object at 0x00000227928C82E0>,33000.0,468.4220000000002,5.925900000000004,5,2,4,63.49,inactive,4.481486060122113
CHEMBL2164371,O=C(NCc1ccc(OC(F)(F)F)cc1)c1c2ccccc2c(O)n1C1CCOCC1,<rdkit.Chem.rdchem.Mol object at 0x00000227928C8350>,33000.0,434.4140000000002,4.527000000000003,5,2,5,72.72,inactive,4.481486060122113
CHEMBL2164389,O=C(NCc1ccc(OC(F)(F)F)cc1)c1c2ccccc2c(O)n1CCc1ccccn1,<rdkit.Chem.rdchem.Mol object at 0x00000227928C83C0>,730.0,455.43600000000015,4.813200000000004,7,2,5,76.38,active,6.136677139879544
CHEMBL3236329,O=C(NCc1noc(-c2c3ccccc3nn2CCn2ccnc2)n1)c1cccc(OC(F)(F)F)c1,<rdkit.Chem.rdchem.Mol object at 0x00000227928C8430>,920.0,497.4370000000001,3.811600000000002,8,1,9,112.89000000000004,active,6.036212172654444
CHEMBL3236343,O=C(NCc1noc(-c2nn(CCn3ccnc3)c3ccccc23)n1)c1ccccc1,<rdkit.Chem.rdchem.Mol object at 0x00000227928C84A0>,19000.0,413.4410000000001,2.9130000000000003,7,1,8,103.66000000000004,inactive,4.721246399047171
CHEMBL3657932,O=C(NS(=O)(=O)C1CC1)c1cc(C2CC2)c(OCC23CC4CC(CC(C4)C2)C3)cc1F,<rdkit.Chem.rdchem.Mol object at 0x00000227928C8510>,26.0,447.5720000000003,4.520300000000004,7,1,4,72.47,active,7.585026652029182
CHEMBL3657943,O=C(NS(=O)(=O)N1CC(F)(F)C1)c1cc(C2CC2)c(OCC23CC4CC(CC(C4)C2)C3)cc1F,<rdkit.Chem.rdchem.Mol object at 0x00000227928C8580>,326.0,498.56700000000046,4.223800000000004,7,1,4,75.71000000000001,active,6.486782399932061
CHEMBL3657855,O=C(NS(=O)(=O)N1CCC1)c1cc(C2CC2)c(OCC23CC4CC(CC(C4)C2)C3)cc1F,<rdkit.Chem.rdchem.Mol object at 0x00000227928C85F0>,49.0,462.58700000000033,3.978600000000003,7,1,4,75.71000000000001,active,7.309803919971486
CHEMBL3617064,O=C(NS(=O)(=O)N1CCC1)c1cc(C2CC2)c(O[C@H]2C3CC4CC2C[C@](Cl)(C4)C3)cc1F,<rdkit.Chem.rdchem.Mol object at 0x00000227928C8660>,21600.0,483.0050000000002,3.9483000000000033,6,1,4,75.71000000000001,inactive,4.665546248849069
CHEMBL3657939,O=C(NS(=O)(=O)N1CCOCC1)c1cc(C2CC2)c(OCC23CC4CC(CC(C4)C2)C3)cc1F,<rdkit.Chem.rdchem.Mol object at 0x00000227928C86D0>,14.0,492.6130000000004,3.605100000000003,7,1,5,84.94000000000001,active,7.853871964321762
CHEMBL3128188,O=C(Nc1ccc(C[C@@H]2CC[C@H]([C@H](O)c3cccnc3)N2)cc1)C1CCc2ccnn21,<rdkit.Chem.rdchem.Mol object at 0x00000227928C8740>,30000.0,417.5130000000001,2.8008000000000006,6,3,6,92.07,inactive,4.522878745280337
CHEMBL3128178,O=C(Nc1ccc(C[C@@H]2CC[C@H]([C@H](O)c3cccnc3)N2)cc1)C1CCc2scnc21,<rdkit.Chem.rdchem.Mol object at 0x00000227928C87B0>,30000.0,434.5650000000001,3.6033000000000017,6,3,6,87.14,inactive,4.522878745280337
CHEMBL3617053,O=C(Nc1ccc(S(=O)(=O)Nc2nccs2)cc1)C(c1ccccc1)c1ccccc1,<rdkit.Chem.rdchem.Mol object at 0x00000227928C8820>,10000.0,449.5570000000001,4.714500000000003,7,2,5,88.16,inactive,5.0
CHEMBL1079256,O=C(O)CCC1(c2ccccc2)CCCN(C(=O)Nc2ccc(Cl)cc2)C1,<rdkit.Chem.rdchem.Mol object at 0x00000227928C8890>,10000.0,386.879,4.770500000000004,5,2,2,69.64,inactive,5.0
CHEMBL550348,O=C(O)c1ccc(-n2nc(-c3ccccc3O)nc2-c2ccccc2O)cc1,<rdkit.Chem.rdchem.Mol object at 0x00000227928C8900>,79432.82,373.3680000000001,3.710700000000001,4,3,6,108.47,inactive,4.100000018985305
CHEMBL496189,O=C1CC2(CCN(C(=O)N[C@H]3C[C@@H]3c3ccccc3)CC2)Oc2ccccc21,<rdkit.Chem.rdchem.Mol object at 0x00000227928C8970>,10000.0,376.4560000000002,3.752100000000003,2,1,3,58.64,inactive,5.0
CHEMBL4073324,O=C1CCC(CNc2cc(F)c(S(=O)(=O)Nc3nccs3)cc2Cl)CC1,<rdkit.Chem.rdchem.Mol object at 0x00000227928C89E0>,150.0,417.9150000000002,3.907600000000002,6,2,6,88.16,active,6.823908740944319
CHEMBL4102624,O=C1CCCC(CNc2cc(F)c(S(=O)(=O)Nc3nccs3)cc2Cl)C1,<rdkit.Chem.rdchem.Mol object at 0x00000227928C8A50>,52.0,417.9150000000001,3.907600000000002,6,2,6,88.16,active,7.2839966563652006
CHEMBL229125,O=C1CCN([C@@H]2CCCC[C@H]2OCCc2cccc3ccccc23)C1,<rdkit.Chem.rdchem.Mol object at 0x00000227928C8AC0>,11000.0,337.4630000000001,3.984900000000003,5,0,3,29.540000000000003,inactive,4.958607314841775
CHEMBL3707218,O=C1N(Cc2ccc(C(F)(F)F)o2)c2ccccc2[C@]12COc1cc3c(cc12)OCO3,<rdkit.Chem.rdchem.Mol object at 0x00000227928C8B30>,84.0,429.35000000000025,4.252400000000003,2,0,5,61.140000000000015,active,7.075720713938118
CHEMBL4849813,O=S(=O)(Nc1cccc(F)n1)c1cc(F)c(OC2CCN(CC(F)(F)F)CC2c2ccc(F)c(F)c2)cc1F,<rdkit.Chem.rdchem.Mol object at 0x00000227928C8BA0>,240.0,581.4850000000002,5.377100000000003,7,1,5,71.53,active,6.619788758288394
CHEMBL4854735,O=S(=O)(Nc1cccc(F)n1)c1cc(F)c(O[C@H]2CCN(CC(F)(F)F)C[C@@H]2c2ccc(F)c(F)c2)c(F)c1,<rdkit.Chem.rdchem.Mol object at 0x00000227928C8C10>,17.7,581.4850000000002,5.377100000000003,7,1,5,71.53,active,7.752026733638194
CHEMBL4859414,O=S(=O)(Nc1cccc(F)n1)c1cc(F)c(O[C@H]2CCN(CC(F)(F)F)C[C@@H]2c2ccccc2)cc1F,<rdkit.Chem.rdchem.Mol object at 0x00000227928C8C80>,410.0,545.5050000000002,5.098900000000003,7,1,5,71.53,active,6.3872161432802645
CHEMBL3934179,O=S(=O)(Nc1ccncn1)c1ccc2c(c1)OCCN2c1ccc(C(F)(F)F)cc1C1=CCNCC1,<rdkit.Chem.rdchem.Mol object at 0x00000227928C8CF0>,1200.0,517.5330000000002,4.203400000000003,5,2,7,96.45,active,5.920818753952375
CHEMBL4086750,O=S(=O)(Nc1nccs1)c1cc(Cl)c(NC2CC3(COC3)C2)cc1F,<rdkit.Chem.rdchem.Mol object at 0x00000227928C8D60>,1500.0,403.8880000000002,3.327300000000002,5,2,6,80.32000000000001,active,5.823908740944319
CHEMBL4069801,O=S(=O)(Nc1nccs1)c1cc(Cl)c(NC2CC3CCC2O3)cc1F,<rdkit.Chem.rdchem.Mol object at 0x00000227928C8DD0>,931.0,403.88800000000015,3.4682000000000013,5,2,6,80.32000000000001,active,6.031050319018657
CHEMBL4099769,O=S(=O)(Nc1nccs1)c1cc(Cl)c(NC2CCCOC2)cc1F,<rdkit.Chem.rdchem.Mol object at 0x00000227928C8E40>,796.0,391.8770000000002,3.327300000000002,5,2,6,80.32000000000001,active,6.099086932262331
CHEMBL4062009,O=S(=O)(Nc1nccs1)c1cc(Cl)c(NC2CCOCC2)cc1F,<rdkit.Chem.rdchem.Mol object at 0x00000227928C8EB0>,336.0,391.8770000000002,3.327300000000002,5,2,6,80.32000000000001,active,6.4736607226101555
CHEMBL4089301,O=S(=O)(Nc1nccs1)c1cc(Cl)c(NCC23CC4CC(C2)C(O)C(C4)C3)cc1F,<rdkit.Chem.rdchem.Mol object at 0x00000227928C8F20>,916.0,472.0070000000003,4.335500000000003,6,3,6,91.32,active,6.03810452633215
CHEMBL4061129,O=S(=O)(Nc1nccs1)c1cc(Cl)c(NCC23CC4CC(CC(O)(C4)C2)C3)cc1F,<rdkit.Chem.rdchem.Mol object at 0x00000227928C8F90>,260.0,472.0070000000004,4.479600000000003,6,3,6,91.32,active,6.585026652029182
CHEMBL4061793,O=S(=O)(Nc1nccs1)c1cc(Cl)c(NCC23CCCN2CCC3)cc1F,<rdkit.Chem.rdchem.Mol object at 0x00000227928C9000>,2.2,430.9580000000003,3.7767000000000026,6,2,6,74.33,active,8.657577319177793
CHEMBL4064737,O=S(=O)(Nc1nccs1)c1cc(Cl)c(NCC2CCC(=NOCc3ccccc3)CC2)cc1F,<rdkit.Chem.rdchem.Mol object at 0x00000227928C9070>,444.0,523.0550000000004,5.911300000000003,9,2,7,92.68,active,6.35261702988538
CHEMBL4095822,O=S(=O)(Nc1nccs1)c1cc(Cl)c(NCC2CCC3(CC2)OCCO3)cc1F,<rdkit.Chem.rdchem.Mol object at 0x00000227928C90E0>,407.0,461.9680000000004,4.081600000000003,6,2,7,89.55000000000001,active,6.39040559077478
CHEMBL4074392,O=S(=O)(Nc1nccs1)c1cc(Cl)c(NCC2CCCC3(C2)OCCO3)cc1F,<rdkit.Chem.rdchem.Mol object at 0x00000227928C9150>,162.0,461.9680000000004,4.081600000000003,6,2,7,89.55000000000001,active,6.790484985457369
CHEMBL4092463,O=S(=O)(Nc1nccs1)c1cc(Cl)c(NCC2CCCCO2)cc1F,<rdkit.Chem.rdchem.Mol object at 0x00000227928C91C0>,237.0,405.9040000000002,3.717400000000002,6,2,6,80.32000000000001,active,6.6252516539898965
CHEMBL4100208,O=S(=O)(Nc1nccs1)c1cc(Cl)c(NCC2CCCO2)cc1F,<rdkit.Chem.rdchem.Mol object at 0x00000227928C9230>,189.0,391.8770000000002,3.327300000000002,6,2,6,80.32000000000001,active,6.723538195826756
CHEMBL4101414,O=S(=O)(Nc1nccs1)c1cc(Cl)c(NCC2CCOC2)cc1F,<rdkit.Chem.rdchem.Mol object at 0x00000227928C92A0>,188.0,391.8770000000002,3.184800000000001,6,2,6,80.32000000000001,active,6.72584215073632
CHEMBL4102647,O=S(=O)(Nc1nccs1)c1cc(Cl)c(NCC2CCOCC2)cc1F,<rdkit.Chem.rdchem.Mol object at 0x00000227928C9310>,127.0,405.9040000000002,3.574900000000002,6,2,6,80.32000000000001,active,6.896196279044043
CHEMBL4087220,O=S(=O)(Nc1nccs1)c1cc(Cl)c(NCC2COCCO2)cc1F,<rdkit.Chem.rdchem.Mol object at 0x00000227928C9380>,74.0,407.8760000000002,2.5637,6,2,7,89.55000000000001,active,7.130768280269024
CHEMBL4065798,O=S(=O)(Nc1nccs1)c1cc(Cl)c(NCCC2CCCCO2)cc1F,<rdkit.Chem.rdchem.Mol object at 0x00000227928C93F0>,874.0,419.93100000000027,4.107500000000003,7,2,6,80.32000000000001,active,6.058488567365597
CHEMBL4094490,O=S(=O)(Nc1nccs1)c1cc(Cl)c(NCCC2CCCOC2)cc1F,<rdkit.Chem.rdchem.Mol object at 0x00000227928C9460>,50.0,419.93100000000027,3.9650000000000025,7,2,6,80.32000000000001,active,7.301029995663981
CHEMBL4076229,O=S(=O)(Nc1nccs1)c1cc(Cl)c(NCCC2CCOC2)cc1F,<rdkit.Chem.rdchem.Mol object at 0x00000227928C94D0>,221.0,405.9040000000002,3.574900000000002,7,2,6,80.32000000000001,active,6.655607726314889
CHEMBL4064762,O=S(=O)(Nc1nccs1)c1cc(Cl)c(NCCC2CCOCC2)cc1F,<rdkit.Chem.rdchem.Mol object at 0x00000227928C9540>,120.0,419.93100000000027,3.9650000000000025,7,2,6,80.32000000000001,active,6.920818753952375
CHEMBL4073353,O=S(=O)(Nc1nccs1)c1cc(Cl)c(NCCCC2CCOC2)cc1F,<rdkit.Chem.rdchem.Mol object at 0x00000227928C95B0>,133.0,419.93100000000027,3.9650000000000025,8,2,6,80.32000000000001,active,6.876148359032914
CHEMBL4092025,O=S(=O)(Nc1nccs1)c1cc(Cl)c(NC[C@@H]2CCCOC2)cc1F,<rdkit.Chem.rdchem.Mol object at 0x00000227928C9620>,328.0,405.9040000000002,3.574900000000002,6,2,6,80.32000000000001,active,6.484126156288321
CHEMBL4071860,O=S(=O)(Nc1nccs1)c1cc(Cl)c(NC[C@@]23CCCO[C@@H]2OCC3)cc1F,<rdkit.Chem.rdchem.Mol object at 0x00000227928C9690>,614.0,447.9410000000003,3.691500000000002,6,2,7,89.55000000000001,active,6.211831628858833
CHEMBL4072883,O=S(=O)(Nc1nccs1)c1cc(Cl)c(NC[C@H]2CCCOC2)cc1F,<rdkit.Chem.rdchem.Mol object at 0x00000227928C9700>,76.0,405.9040000000002,3.574900000000002,6,2,6,80.32000000000001,active,7.119186407719209
CHEMBL4094879,O=S(=O)(Nc1nccs1)c1cc(Cl)c(NC[C@H]2CCC[C@@H](O)C2)cc1F,<rdkit.Chem.rdchem.Mol object at 0x00000227928C9770>,151.0,419.9310000000002,3.6994000000000016,6,3,6,91.32,active,6.82102305270683
CHEMBL4084685,O=S(=O)(Nc1nccs1)c1cc(Cl)c(NC[C@H]2CCC[C@H](O)C2)cc1F,<rdkit.Chem.rdchem.Mol object at 0x00000227928C97E0>,281.0,419.9310000000002,3.6994000000000016,6,3,6,91.32,active,6.55129368009492
CHEMBL4068484,O=S(=O)(Nc1nccs1)c1cc(Cl)c(NC[C@H]2CC[C@@H](O)CC2)cc1F,<rdkit.Chem.rdchem.Mol object at 0x00000227928C9850>,380.0,419.9310000000002,3.6994000000000016,6,3,6,91.32,active,6.42021640338319
CHEMBL4092435,O=S(=O)(Nc1nccs1)c1cc(Cl)c(NC[C@H]2CC[C@H](O)CC2)cc1F,<rdkit.Chem.rdchem.Mol object at 0x00000227928C98C0>,156.0,419.9310000000002,3.6994000000000016,6,3,6,91.32,active,6.806875401645538
CHEMBL4071736,O=S(=O)(Nc1nccs1)c1cc(Cl)c(NC[C@]23CCC[C@@]2(O)CCC3)cc1F,<rdkit.Chem.rdchem.Mol object at 0x00000227928C9930>,169.0,445.96900000000034,4.233600000000003,6,3,6,91.32,active,6.772113295386326
CHEMBL4104727,O=S(=O)(Nc1nccs1)c1cc(Cl)c(NC[C@]23CCO[C@H]2OCC3)cc1F,<rdkit.Chem.rdchem.Mol object at 0x00000227928C99A0>,108.0,433.9140000000002,3.301400000000002,6,2,7,89.55000000000001,active,6.966576244513051
CHEMBL3341982,O=S(=O)(Nc1ncns1)N1CCc2c(cccc2-c2ccc(C(F)(F)F)cc2C2=CCNCC2)C1,<rdkit.Chem.rdchem.Mol object at 0x00000227928C9A10>,10000.0,521.5900000000001,4.315600000000003,5,2,6,87.22,inactive,5.0
CHEMBL4202854,O=S(=O)(Nc1ncns1)c1cc(F)c(OC2OCCNC2c2cc(Cl)cc(Cl)c2)cc1F,<rdkit.Chem.rdchem.Mol object at 0x00000227928C9A80>,5600.0,523.3700000000002,3.989900000000002,6,2,8,102.44,inactive,5.251811972993799
CHEMBL4205091,O=S(=O)(Nc1ncns1)c1cc(F)c(OC2OCCNC2c2ccc(C(F)(F)F)cc2)cc1F,<rdkit.Chem.rdchem.Mol object at 0x00000227928C9AF0>,30000.0,522.4770000000002,3.701900000000002,6,2,8,102.44,inactive,4.522878745280337
CHEMBL4206080,O=S(=O)(Nc1ncns1)c1cc(F)c(OC2OCCNC2c2ccc(Cl)c(Cl)c2)cc1F,<rdkit.Chem.rdchem.Mol object at 0x00000227928C9B60>,1000.0,523.3700000000002,3.989900000000002,6,2,8,102.44,active,6.0
CHEMBL4209182,O=S(=O)(Nc1ncns1)c1cc(F)c(OC2OCCNC2c2ccc(Cl)nc2)cc1F,<rdkit.Chem.rdchem.Mol object at 0x00000227928C9BD0>,30000.0,489.9130000000002,2.7315000000000005,6,2,9,115.33,inactive,4.522878745280337
CHEMBL4211717,O=S(=O)(Nc1ncns1)c1cc(F)c(OC2OCCNC2c2ccc3c(c2)OCO3)cc1F,<rdkit.Chem.rdchem.Mol object at 0x00000227928C9C40>,30000.0,498.48900000000026,2.4118000000000004,6,2,10,120.90000000000002,inactive,4.522878745280337
CHEMBL4208090,O=S(=O)(Nc1ncns1)c1cc(F)c(OC2OCCNC2c2ccc3cnccc3c2)cc1F,<rdkit.Chem.rdchem.Mol object at 0x00000227928C9CB0>,30000.0,505.5280000000002,3.231300000000001,6,2,9,115.33,inactive,4.522878745280337
CHEMBL4210607,O=S(=O)(Nc1ncns1)c1cc(F)c(OC2OCCNC2c2ccc3ncccc3c2)cc1F,<rdkit.Chem.rdchem.Mol object at 0x00000227928C9D20>,30000.0,505.5280000000002,3.231300000000001,6,2,9,115.33,inactive,4.522878745280337
CHEMBL4209664,O=S(=O)(Nc1ncns1)c1cc(F)c(OC2OCCNC2c2cccc(C(F)(F)F)c2)cc1F,<rdkit.Chem.rdchem.Mol object at 0x00000227928C9D90>,580.0,522.4770000000002,3.701900000000002,6,2,8,102.44,active,6.236572006437063
CHEMBL4205556,O=S(=O)(Nc1ncns1)c1cc(F)c(OC2OCCNC2c2cccc3nccnc23)cc1F,<rdkit.Chem.rdchem.Mol object at 0x00000227928C9E00>,30000.0,506.5160000000002,2.6263000000000005,6,2,10,128.22000000000003,inactive,4.522878745280337
CHEMBL3325524,O=S(=O)(Nc1ncns1)c1cc(F)c(OC[C@@H]2CNCC[C@H]2c2ccc(Cl)cc2)cc1F,<rdkit.Chem.rdchem.Mol object at 0x00000227928C9E70>,10000.0,500.98000000000025,4.042600000000003,7,2,7,93.21,inactive,5.0
CHEMBL3682634,O=S(=O)(Nc1ncns1)c1ccc2c(-c3ccc(C(F)(F)F)cc3Br)cccc2c1,<rdkit.Chem.rdchem.Mol object at 0x00000227928C9EE0>,30000.0,514.3480000000001,5.940400000000002,4,1,5,71.95,inactive,4.522878745280337
CHEMBL3682649,O=S(=O)(Nc1ncns1)c1ccc2c(-c3ccc(C(F)(F)F)cc3O)cccc2c1,<rdkit.Chem.rdchem.Mol object at 0x00000227928C9F50>,490.0,451.4510000000001,4.883500000000003,4,2,6,92.18,active,6.309803919971486
CHEMBL3341981,O=S(=O)(Nc1ncns1)c1ccc2c(c1)OCCN2c1ccc(C(F)(F)F)cc1Cl,<rdkit.Chem.rdchem.Mol object at 0x00000227928C9FC0>,10000.0,476.8890000000001,4.5416000000000025,4,1,7,84.42,inactive,5.0
CHEMBL4075332,O=S1(=O)CCC(CCNc2cc(F)c(S(=O)(=O)Nc3nccs3)cc2Cl)CC1,<rdkit.Chem.rdchem.Mol object at 0x00000227928CA030>,37.0,467.9970000000002,3.3632000000000017,7,2,7,105.23,active,7.431798275933005
CHEMBL434394,OC(CNCC(O)C1CCc2cc(F)ccc2O1)C1CCc2cc(F)ccc2O1,<rdkit.Chem.rdchem.Mol object at 0x00000227928CA0A0>,7943.28,405.44100000000014,2.363600000000001,6,3,5,70.95,inactive,5.100000128334196
CHEMBL2443278,c1ccc([C@]2(CCNCc3cccs3)CCOC3(CCCC3)C2)nc1,<rdkit.Chem.rdchem.Mol object at 0x00000227928CA110>,20000.0,356.53500000000025,4.684000000000004,6,1,4,34.15,inactive,4.698970004336019
