Molecule ChEMBL ID,Molecule Name,Smiles,Standard Relation,Standard Type,Standard Value,Assay Description,Document Journal,Document Year,Data Validity Comment
CHEMBL3919149,,N#Cc1cc(C(F)(F)F)ccc1N1CCOc2c1ccc(S(=O)(=O)Nc1nccs1)c2F,'=',IC50,2100.0,Inhibition of human NaV1.5 expressed in HEK295 cells at holding potential of -125 mV with test potentials to -10 mV by whole cell voltage clamp method,Bioorg Med Chem Lett,2017,
CHEMBL3907025,,N#Cc1cc(C(F)(F)F)ccc1N1CCOc2cc(S(=O)(=O)Nc3nccs3)c(Cl)cc21,'=',IC50,610.0,Inhibition of human NaV1.5 expressed in HEK295 cells at holding potential of -125 mV with test potentials to -10 mV by whole cell voltage clamp method,Bioorg Med Chem Lett,2017,
CHEMBL558,MEXILETINE,Cc1cccc(C)c1OCC(C)N,'=',IC50,13000.0,Inhibition of human recombinant Nav1.5 channel expressed in HEK293 cells by whole cell voltage clamp technique,Bioorg Med Chem,2008,
CHEMBL1963280,,O=C(CCc1ccccc1)c1ccccc1OCC(O)CN1CCC(c2ccccc2)CC1,'>',IC50,5000.0,Inhibition of Nav1.5 assessed as tonic inhibition by patch clamp assay,J Med Chem,2012,
CHEMBL3341979,,Cn1cc(-c2ccc(C(F)(F)F)cc2-c2cn[nH]c2)c2ccc(S(=O)(=O)Nc3ncns3)cc21,'>',IC50,10000.0,Inhibition of Nav1.5 (unknown origin) expressed in HEK293 cells by IonWorks patch-clamp method,Bioorg Med Chem Lett,2014,
CHEMBL3950353,,N#Cc1cc(C(F)(F)F)ccc1N1CCOc2cc(S(=O)(=O)Nc3nccs3)c(F)cc21,'=',IC50,203.0,"In Vitro Assay: HEK 293 cells stably transfected with either Nav 1.7 or with Nav 1.5 were recorded in population patch-clamp mode with the IonWorks® Quattro automated electrophysiology system in accordance with the manufacturer's specifications (Molecular Devices, LLC, Sunnyvale, Calif.). Sodium channel currents were measured in response to a train of depolarizations that induced successively greater inactivation. Cells were held at −110 mV for three seconds (Nav 1.7) or half a second (Nav 1.5) from a holding voltage of −15 mV, then put through a series of 26 pulses of 150 msec duration to −20 mV at a frequency of 5 Hz. Cells were then left unclamped for a period of 3 to 8 minutes while a single concentration of test compound was added. Cells were then reclamped and put through the same voltage protocol. Current at the end of the 26th pulse to −20 mV was subtracted from the peak current evoked by the 26th pulse to −20 mV to correct for leak current.",,2016,
CHEMBL3416916,,CC[C@H](C)[C@@H]1NC(=O)[C@@H]2CSSC[C@@H]3NC(=O)[C@H](C(C)C)NC(=O)[C@H](CC(C)C)NC(=O)[C@H](CC(N)=O)NC(=O)[C@@H]4CCCN4C(=O)[C@H](CCCNC(=N)N)NC(=O)[C@H](CSSC[C@H](NC(=O)[C@@H](N)CC(=O)O)C(=O)N[C@@H](CC(C)C)C(=O)NCC(=O)N[C@@H](Cc4ccccc4)C(=O)N[C@@H](CCSC)C(=O)N[C@@H](CCCNC(=N)N)C(=O)N[C@@H](CCCCN)C(=O)N2)NC(=O)[C@H](CSSC[C@@H](C(=O)N[C@@H](CCCCN)C(=O)N[C@@H](Cc2ccc(O)cc2)C(=O)N[C@H](C(=O)N[C@@H](Cc2ccccc2)C(=O)N[C@@H](C)C(N)=O)C(C)C)NC(=O)[C@H](Cc2c[nH]c4ccccc24)NC(=O)[C@H](CCCCN)NC(=O)[C@H](Cc2cnc[nH]2)NC(=O)[C@H]([C@@H](C)O)NC(=O)[C@H](CCCNC(=N)N)NC(=O)[C@H](CO)NC3=O)NC(=O)[C@H](CCCCN)NC(=O)[C@H](CC(=O)O)NC(=O)[C@H](CC(N)=O)NC(=O)[C@H](CC(=O)O)NC(=O)[C@@H]2CCCN2C1=O,'>',IC50,5000.0,Inhibition of human Nav1.5 expressed in HEK293 cells assessed as inward peak current by ion-works quattro patch clamp electrophysiology method,J Med Chem,2016,
CHEMBL3417036,,CC[C@H](C)[C@@H]1NC(=O)[C@@H]2CSSC[C@@H]3NC(=O)[C@H](C(C)C)NC(=O)[C@H](CC(C)C)NC(=O)[C@H](CC(N)=O)NC(=O)[C@@H]4CCCN4C(=O)[C@H](CCCNC(=N)N)NC(=O)[C@H](CSSC[C@H](NC(=O)[C@@H](N)CC(=O)O)C(=O)N[C@@H](CC(C)C)C(=O)NCC(=O)N[C@@H](Cc4ccccc4)C(=O)N[C@@H](CCSC)C(=O)N[C@@H](CCCNC(=N)N)C(=O)N[C@@H](CCCCN)C(=O)N2)NC(=O)[C@H](CSSC[C@@H](C(=O)N[C@@H](CCCCN)C(=O)N[C@@H](Cc2ccc(O)cc2)C(=O)N[C@H](C(=O)N[C@@H](Cc2ccccc2)C(N)=O)C(C)C)NC(=O)[C@H](Cc2c[nH]c4ccccc24)NC(=O)[C@H](CCC(=O)O)NC(=O)[C@H](Cc2cnc[nH]2)NC(=O)[C@H]([C@@H](C)O)NC(=O)[C@H](CCCNC(=N)N)NC(=O)[C@H](CO)NC3=O)NC(=O)[C@H](CCCCN)NC(=O)[C@H](CC(=O)O)NC(=O)[C@H](CC(N)=O)NC(=O)[C@H](CC(=O)O)NC(=O)[C@@H]2CCCN2C1=O,'>',IC50,5000.0,Inhibition of human Nav1.5 expressed in HEK293 cells assessed as inward peak current by ion-works quattro patch clamp electrophysiology method,J Med Chem,2016,
CHEMBL3800248,,CC[C@H](C)[C@@H]1NC(=O)[C@@H]2CSSC[C@@H]3NC(=O)[C@H](C(C)C)NC(=O)[C@H](CC(C)C)NC(=O)[C@H](CC(N)=O)NC(=O)[C@@H]4CCCN4C(=O)[C@H](CCCNC(=N)N)NC(=O)[C@H](CSSC[C@H](NC(=O)[C@@H](N)CC(=O)O)C(=O)N[C@@H](CC(C)C)C(=O)N[C@@H](CCCCN)C(=O)N[C@@H](Cc4ccccc4)C(=O)N[C@@H](CCSC)C(=O)N[C@@H](CCCNC(=N)N)C(=O)N[C@@H](CCCCN)C(=O)N2)NC(=O)[C@H](CSSC[C@@H](C(=O)N[C@@H](CCCCN)C(=O)N[C@@H](Cc2ccc(O)cc2)C(=O)N[C@H](C(=O)N[C@@H](Cc2ccccc2)C(N)=O)C(C)C)NC(=O)[C@H](Cc2c[nH]c4ccccc24)NC(=O)[C@H](CCCCN)NC(=O)[C@H](Cc2cnc[nH]2)NC(=O)[C@H]([C@@H](C)O)NC(=O)[C@H](CCCNC(=N)N)NC(=O)[C@H](CO)NC3=O)NC(=O)[C@H](CCCCN)NC(=O)[C@H](CC(=O)O)NC(=O)[C@H](CC(N)=O)NC(=O)[C@H](CC(=O)O)NC(=O)[C@@H]2CCCN2C1=O,'>',IC50,5000.0,Inhibition of human Nav1.5 expressed in HEK293 cells assessed as inward peak current by ion-works quattro patch clamp electrophysiology method,J Med Chem,2016,
CHEMBL3798860,,CC[C@H](C)[C@@H]1NC(=O)[C@@H]2CSSC[C@@H]3NC(=O)[C@H](C(C)C)NC(=O)[C@H](CC(C)C)NC(=O)[C@H](CC(N)=O)NC(=O)[C@@H]4CCCN4C(=O)[C@H](CCCCN)NC(=O)[C@H](CSSC[C@H](NC(=O)[C@@H](N)CC(=O)O)C(=O)N[C@@H](CC(C)C)C(=O)NCC(=O)N[C@@H](Cc4ccccc4)C(=O)N[C@@H](CCSC)C(=O)N[C@@H](CCCNC(=N)N)C(=O)N[C@@H](CCCCN)C(=O)N2)NC(=O)[C@H](CSSC[C@@H](C(=O)N[C@@H](CCCCN)C(=O)N[C@@H](Cc2ccc(O)cc2)C(=O)N[C@H](C(=O)N[C@@H](Cc2ccccc2)C(N)=O)C(C)C)NC(=O)[C@H](Cc2c[nH]c4ccccc24)NC(=O)[C@H](CCCCN)NC(=O)[C@H](Cc2cnc[nH]2)NC(=O)[C@H]([C@@H](C)O)NC(=O)[C@H](CCCNC(=N)N)NC(=O)[C@H](CO)NC3=O)NC(=O)[C@H](CCCCN)NC(=O)[C@H](CC(=O)O)NC(=O)[C@H](CC(N)=O)NC(=O)[C@H](CC(=O)O)NC(=O)[C@@H]2CCCN2C1=O,'>',IC50,5000.0,Inhibition of human Nav1.5 expressed in HEK293 cells assessed as inward peak current by ion-works quattro patch clamp electrophysiology method,J Med Chem,2016,
CHEMBL2443278,,c1ccc([C@]2(CCNCc3cccs3)CCOC3(CCCC3)C2)nc1,'=',IC50,20000.0,Inhibition of human Nav 1.5 tonic ion channel expressed in HEK293 cells by whole-cell patch clamp technique,J Med Chem,2013,
CHEMBL250699,,COc1cc(NC(=O)c2ccc(-c3ccc(Cl)cc3)o2)cc(OC)c1,'>',IC50,2000.0,Inhibition of human Nav1.5 channel at 1 uM,J Med Chem,2008,
CHEMBL3798843,,CC[C@H](C)[C@@H]1NC(=O)[C@@H]2CSSC[C@@H]3NC(=O)[C@H](C(C)C)NC(=O)[C@H](CC(C)C)NC(=O)[C@H](CC(N)=O)NC(=O)[C@@H]4CCCN4C(=O)[C@H](CCCNC(=N)N)NC(=O)[C@H](CSSC[C@H](NC(=O)[C@@H](N)CC(=O)O)C(=O)N[C@@H](CC(C)C)C(=O)NCC(=O)N[C@@H](Cc4ccccc4)C(=O)N[C@@H](CCSC)C(=O)N[C@@H](CCCNC(=N)N)C(=O)N[C@@H](CCCCN)C(=O)N2)NC(=O)[C@H](CSSC[C@@H](C(=O)N[C@@H](CCCCN)C(=O)N[C@@H](Cc2ccc(O)cc2)C(=O)N[C@H](C(=O)N[C@@H](Cc2cccc4ccccc24)C(N)=O)C(C)C)NC(=O)[C@H](Cc2c[nH]c4ccccc24)NC(=O)[C@H](CCCCN)NC(=O)[C@H](Cc2cnc[nH]2)NC(=O)[C@H]([C@@H](C)O)NC(=O)[C@H](CCCNC(=N)N)NC(=O)[C@H](CO)NC3=O)NC(=O)[C@H](CCCCN)NC(=O)[C@H](CC(=O)O)NC(=O)[C@H](CC(N)=O)NC(=O)[C@H](CC(=O)O)NC(=O)[C@@H]2CCCN2C1=O,'=',IC50,1800.0,Inhibition of human Nav1.5 expressed in HEK293 cells by whole cell patch clamp electrophysiology method,J Med Chem,2016,
CHEMBL3799545,,CSCC[C@@H]1NC(=O)[C@H](Cc2ccccc2)NC(=O)CNC(=O)[C@H](CC(C)C)NC(=O)[C@@H](NC(=O)[C@@H](N)CC(=O)O)CSSC[C@@H]2NC(=O)[C@@H]3CSSC[C@@H](C(=O)N[C@@H](CCCCN)C(=O)N[C@@H](Cc4ccc(O)cc4)C(=O)N[C@H](C(=O)N[C@@H](Cc4ccccc4)C(N)=O)C(C)C)NC(=O)[C@H](Cc4c[nH]c5ccccc45)NC(=O)[C@H](CCCCN)NC(=O)[C@H](Cc4cnc[nH]4)NC(=O)[C@H]([C@@H](C)O)NC(=O)[C@H](CCCNC(=N)N)NC(=O)[C@H](CO)NC(=O)[C@H](CSSC[C@H](NC(=O)[C@H](CCCCN)NC(=O)[C@H](CCCNC(=N)N)NC1=O)C(=O)N[C@@H](CC(=O)O)C(=O)N1CCC[C@H]1C(=O)N[C@@H](CC(=O)O)C(=O)N[C@@H](CC(N)=O)C(=O)N[C@@H](CC(=O)O)C(=O)N[C@@H](CCCCN)C(=O)N3)NC(=O)[C@H](C(C)C)NC(=O)[C@H](CC(C)C)NC(=O)[C@H](CC(N)=O)NC(=O)[C@@H]1CCCN1C(=O)[C@H](CCCNC(=N)N)NC2=O,'>',IC50,5000.0,Inhibition of human Nav1.5 expressed in HEK293 cells assessed as inward peak current by ion-works quattro patch clamp electrophysiology method,J Med Chem,2016,
CHEMBL1294,QUINIDINE,C=C[C@H]1CN2CC[C@H]1C[C@@H]2[C@@H](O)c1ccnc2ccc(OC)cc12,'=',IC50,6900.0,Inhibition of human heart sodium channel Nav1.5 by patch-clamp method,J Med Chem,2007,
CHEMBL3798460,,CC[C@H](C)[C@@H]1NC(=O)[C@@H]2CSSC[C@@H]3NC(=O)[C@H](C(C)C)NC(=O)[C@H](CC(C)C)NC(=O)[C@H](CC(N)=O)NC(=O)[C@@H]4CCCN4C(=O)[C@H](CCCNC(=N)N)NC(=O)[C@H](CSSC[C@H](NC(=O)[C@@H](N)CC(=O)O)C(=O)N[C@@H](CC(C)C)C(=O)NCC(=O)N[C@@H](Cc4ccccc4)C(=O)N[C@@H](CCSC)C(=O)N[C@@H](CCCNC(=N)N)C(=O)N[C@@H](CCCCN)C(=O)N2)NC(=O)[C@H](CSSC[C@@H](C(=O)N[C@@H](CCCCN)C(=O)N[C@@H](Cc2ccc(O)cc2)C(=O)N[C@H](C(=O)N[C@@H](Cc2ccccc2)C(N)=O)C(C)C)NC(=O)[C@H](Cc2c[nH]c4ccccc24)NC(=O)[C@H](CCC(N)=O)NC(=O)[C@H](Cc2cnc[nH]2)NC(=O)[C@H]([C@@H](C)O)NC(=O)[C@H](CCCNC(=N)N)NC(=O)[C@H](CO)NC3=O)NC(=O)[C@H](CCCCN)NC(=O)[C@H](CC(=O)O)NC(=O)[C@H](CC(N)=O)NC(=O)[C@H](CC(=O)O)NC(=O)[C@@H]2CCCN2C1=O,'=',IC50,22700.0,Inhibition of human Nav1.5 expressed in HEK293 cells assessed as inward peak current by ion-works quattro patch clamp electrophysiology method,J Med Chem,2016,
CHEMBL3416904,,CC[C@H](C)[C@@H]1NC(=O)[C@@H]2CSSC[C@@H]3NC(=O)[C@H](C(C)C)NC(=O)[C@H](C)NC(=O)[C@H](CC(N)=O)NC(=O)[C@@H]4CCCN4C(=O)[C@H](CCCNC(=N)N)NC(=O)[C@H](CSSC[C@H](NC(=O)[C@@H](N)CC(=O)O)C(=O)N[C@@H](CC(C)C)C(=O)NCC(=O)N[C@@H](Cc4ccccc4)C(=O)N[C@@H](CCSC)C(=O)N[C@@H](CCCNC(=N)N)C(=O)N[C@@H](CCCCN)C(=O)N2)NC(=O)[C@H](CSSC[C@@H](C(=O)N[C@@H](CCCCN)C(=O)N[C@@H](Cc2ccc(O)cc2)C(=O)N[C@H](C(=O)N[C@@H](Cc2ccccc2)C(N)=O)C(C)C)NC(=O)[C@H](Cc2c[nH]c4ccccc24)NC(=O)[C@H](CCCCN)NC(=O)[C@H](Cc2cnc[nH]2)NC(=O)[C@H]([C@@H](C)O)NC(=O)[C@H](CCCNC(=N)N)NC(=O)[C@H](CO)NC3=O)NC(=O)[C@H](CCCCN)NC(=O)[C@H](CC(=O)O)NC(=O)[C@H](CC(N)=O)NC(=O)[C@H](CC(=O)O)NC(=O)[C@@H]2CCCN2C1=O,'>',IC50,20000.0,Inhibition of human Nav1.5 expressed in HEK293 cells assessed as inward peak current by ion-works quattro patch clamp electrophysiology method,J Med Chem,2016,
CHEMBL3417035,,CC[C@H](C)[C@@H]1NC(=O)[C@@H]2CSSC[C@@H]3NC(=O)[C@H](C(C)C)NC(=O)[C@H](CC(C)C)NC(=O)[C@H](CC(N)=O)NC(=O)[C@@H]4CCCN4C(=O)[C@H](CCCNC(=N)N)NC(=O)[C@H](CSSC[C@H](NC(=O)[C@@H](N)CC(=O)O)C(=O)N[C@@H](CC(C)C)C(=O)NCC(=O)N[C@@H](Cc4ccccc4)C(=O)N[C@@H](CCSC)C(=O)N[C@@H](CCCNC(=N)N)C(=O)N[C@@H](CCCCN)C(=O)N2)NC(=O)[C@H](CSSC[C@@H](C(=O)N[C@@H](CCCCN)C(=O)N[C@@H](Cc2ccc(O)cc2)C(=O)N[C@H](C(=O)N[C@@H](Cc2ccccc2)C(N)=O)C(C)C)NC(=O)[C@H](Cc2c[nH]c4ccccc24)NC(=O)[C@H](CCCNC(=N)N)NC(=O)[C@H](Cc2cnc[nH]2)NC(=O)[C@H]([C@@H](C)O)NC(=O)[C@H](CCCNC(=N)N)NC(=O)[C@H](CO)NC3=O)NC(=O)[C@H](CCCCN)NC(=O)[C@H](CC(=O)O)NC(=O)[C@H](CC(N)=O)NC(=O)[C@H](CC(=O)O)NC(=O)[C@@H]2CCCN2C1=O,'>',IC50,5000.0,Inhibition of human Nav1.5 expressed in HEK293 cells assessed as inward peak current by ion-works quattro patch clamp electrophysiology method,J Med Chem,2016,
CHEMBL1914844,,Cc1ccc(N2CCN(CC(O)COc3ccccc3C(=O)CCc3ccccc3)CC2)cc1.Cl,'>',IC50,5000.0,Inhibition of human cloned Nav1.5 channel expressed in chinese hamster CHO cells assessed as phasic inhibition after 5 mins by patch clamp assay,J Med Chem,2011,
CHEMBL4064762,,O=S(=O)(Nc1nccs1)c1cc(Cl)c(NCCC2CCOCC2)cc1F,'=',IC50,120.0,Inhibition of human Nav1.5 inactivated state form expressed in HEK293 cells at -60 mV holding potential by by automated patch clamp electrophysiology assay,Bioorg Med Chem,2017,
CHEMBL4064737,,O=S(=O)(Nc1nccs1)c1cc(Cl)c(NCC2CCC(=NOCc3ccccc3)CC2)cc1F,'=',IC50,444.0,Inhibition of human Nav1.5 inactivated state form expressed in HEK293 cells at -60 mV holding potential by by automated patch clamp electrophysiology assay,Bioorg Med Chem,2017,
CHEMBL4089301,,O=S(=O)(Nc1nccs1)c1cc(Cl)c(NCC23CC4CC(C2)C(O)C(C4)C3)cc1F,'=',IC50,19400.0,Inhibition of human Nav1.5 inactivated state form expressed in HEK293 cells at -50 mV holding potential by by automated patch clamp electrophysiology assay,Bioorg Med Chem,2017,
CHEMBL4100208,,O=S(=O)(Nc1nccs1)c1cc(Cl)c(NCC2CCCO2)cc1F,'=',IC50,189.0,Inhibition of human Nav1.5 inactivated state form expressed in HEK293 cells at -60 mV holding potential by by automated patch clamp electrophysiology assay,Bioorg Med Chem,2017,
CHEMBL4092025,,O=S(=O)(Nc1nccs1)c1cc(Cl)c(NC[C@@H]2CCCOC2)cc1F,'=',IC50,328.0,Inhibition of human Nav1.5 inactivated state form expressed in HEK293 cells at -60 mV holding potential by by automated patch clamp electrophysiology assay,Bioorg Med Chem,2017,
CHEMBL3617053,,O=C(Nc1ccc(S(=O)(=O)Nc2nccs2)cc1)C(c1ccccc1)c1ccccc1,'=',IC50,9200.0,Inhibition of human NaV1.5,Medchemcomm,2017,
CHEMBL4469805,,COc1cc(C(=O)NS(C)(=O)=O)c(F)cc1-c1cnc(Oc2cc(F)ccc2F)c(Cl)c1,'=',IC50,11400.0,Inhibition of human Nav1.5 expressed in HEK293 cells assessed as use-dependent block at pulse 26 by ionworks quattro electrophysiology assay,J Med Chem,2016,
CHEMBL3322777,,COc1ccc2c(c1)NC1(CCN(C(=O)c3ccc(OC)c(N(C)C)c3)CC1)c1cccn1-2,'=',IC50,10485.0,Inhibition of human Nav1.5 expressed in HEK293 cells by voltage clamp assay,Bioorg Med Chem Lett,2014,
CHEMBL3325524,,O=S(=O)(Nc1ncns1)c1cc(F)c(OC[C@@H]2CNCC[C@H]2c2ccc(Cl)cc2)cc1F,'>',IC50,10000.0,Inhibition of Nav1.5 (unknown origin),Bioorg Med Chem Lett,2014,
CHEMBL3800588,,CC[C@H](C)[C@@H]1NC(=O)[C@@H]2CSSC[C@@H]3NC(=O)[C@H](C(C)C)NC(=O)[C@H](CC(C)C)NC(=O)[C@H](CC(N)=O)NC(=O)[C@@H]4CCCN4C(=O)[C@H](CCCNC(=N)N)NC(=O)[C@H](CSSC[C@H](NC(=O)[C@@H](N)CC(=O)O)C(=O)N[C@@H](CC(C)C)C(=O)NCC(=O)N[C@@H](Cc4ccccc4)C(=O)N[C@@H](CCSC)C(=O)N[C@@H](CCCNC(=N)N)C(=O)N[C@@H](CCCCN)C(=O)N2)NC(=O)[C@H](CSSC[C@@H](C(=O)N[C@@H](CCCCN)C(=O)N[C@@H](Cc2ccc(O)cc2)C(=O)N[C@H](C(=O)N[C@@H](Cc2ccccc2)C(N)=O)C(C)C)NC(=O)[C@H](Cc2c[nH]c4ccccc24)NC(=O)[C@H](CCCCN)NC(=O)[C@H](Cc2c[nH]cn2)NC(=O)[C@H]([C@@H](C)O)NC(=O)[C@H](CCCNC(=N)N)NC(=O)[C@H](CO)NC3=O)NC(=O)[C@H](CCCCN)NC(=O)[C@H](CC(=O)O)NC(=O)[C@H](Cc2cccc3ccccc23)NC(=O)[C@H](CC(=O)O)NC(=O)[C@@H]2CCCN2C1=O,'>',IC50,5000.0,Inhibition of human Nav1.5 expressed in HEK293 cells assessed as inward peak current by ion-works quattro patch clamp electrophysiology method,J Med Chem,2016,
CHEMBL3797934,,CC[C@H](C)[C@@H]1NC(=O)[C@@H]2CSSC[C@@H]3NC(=O)[C@H](C(C)C)NC(=O)[C@H](CC(C)C)NC(=O)[C@H](CC(N)=O)NC(=O)[C@@H]4CCCN4C(=O)[C@H](Cc4ccccn4)NC(=O)[C@H](CSSC[C@H](NC(=O)[C@@H](N)CC(=O)O)C(=O)N[C@@H](CC(C)C)C(=O)NCC(=O)N[C@@H](Cc4ccccc4)C(=O)N[C@@H](CCSC)C(=O)N[C@@H](CCCNC(=N)N)C(=O)N[C@@H](CCCCN)C(=O)N2)NC(=O)[C@H](CSSC[C@@H](C(=O)N[C@@H](CCCCN)C(=O)N[C@@H](Cc2ccc(O)cc2)C(=O)N[C@H](C(=O)N[C@@H](Cc2ccccc2)C(N)=O)C(C)C)NC(=O)[C@H](Cc2c[nH]c4ccccc24)NC(=O)[C@H](CCCCN)NC(=O)[C@H](Cc2cnc[nH]2)NC(=O)[C@H]([C@@H](C)O)NC(=O)[C@H](CCCNC(=N)N)NC(=O)[C@H](CO)NC3=O)NC(=O)[C@H](CCCCN)NC(=O)[C@H](CC(=O)O)NC(=O)[C@H](CC(N)=O)NC(=O)[C@H](CC(=O)O)NC(=O)[C@@H]2CCCN2C1=O,'>',IC50,5000.0,Inhibition of human Nav1.5 expressed in HEK293 cells assessed as inward peak current by ion-works quattro patch clamp electrophysiology method,J Med Chem,2016,
CHEMBL3416894,,CC[C@H](C)[C@@H]1NC(=O)[C@@H]2CSSC[C@@H]3NC(=O)[C@H](C(C)C)NC(=O)[C@H](CC(C)C)NC(=O)[C@H](CC(N)=O)NC(=O)[C@@H]4CCCN4C(=O)[C@H](CCCNC(=N)N)NC(=O)[C@H](CSSC[C@H](NC(=O)[C@@H](N)CC(=O)O)C(=O)N[C@@H](CC(C)C)C(=O)NCC(=O)N[C@@H](Cc4ccccc4)C(=O)N[C@@H](C)C(=O)N[C@@H](CCCNC(=N)N)C(=O)N[C@@H](CCCCN)C(=O)N2)NC(=O)[C@H](CSSC[C@@H](C(=O)N[C@@H](CCCCN)C(=O)N[C@@H](Cc2ccc(O)cc2)C(=O)N[C@H](C(=O)N[C@@H](Cc2ccccc2)C(N)=O)C(C)C)NC(=O)[C@H](Cc2c[nH]c4ccccc24)NC(=O)[C@H](CCCCN)NC(=O)[C@H](Cc2cnc[nH]2)NC(=O)[C@H]([C@@H](C)O)NC(=O)[C@H](CCCNC(=N)N)NC(=O)[C@H](CO)NC3=O)NC(=O)[C@H](CCCCN)NC(=O)[C@H](CC(=O)O)NC(=O)[C@H](CC(N)=O)NC(=O)[C@H](CC(=O)O)NC(=O)[C@@H]2CCCN2C1=O,'>',IC50,5000.0,Inhibition of human Nav1.5 expressed in HEK293 cells assessed as inward peak current by ion-works quattro patch clamp electrophysiology method,J Med Chem,2016,
CHEMBL3799602,,CC[C@H](C)[C@@H]1NC(=O)[C@@H]2CSSC[C@@H]3NC(=O)[C@H](C(C)C)NC(=O)[C@H](CC(C)C)NC(=O)[C@H](CC(N)=O)NC(=O)[C@@H]4CCCN4C(=O)[C@H](CCCNC(=N)N)NC(=O)[C@H](CSSC[C@H](NC(=O)[C@@H](N)CC(=O)O)C(=O)N[C@@H](CC(C)C)C(=O)NCC(=O)N[C@@H](Cc4ccccc4)C(=O)N[C@@H](CCSC)C(=O)N[C@@H](CCCNC(=N)N)C(=O)N[C@@H](CCCCN)C(=O)N2)NC(=O)[C@H](CSSC[C@@H](C(=O)N[C@@H](CCCCN)C(=O)N[C@@H](Cc2ccc(O)cc2)C(=O)N[C@H](C(=O)N[C@@H](Cc2ccccc2)C(N)=O)C(C)C)NC(=O)[C@H](Cc2c[nH]c4ccccc24)NC(=O)[C@H](CCCCN)NC(=O)[C@H](Cc2cnc[nH]2)NC(=O)[C@H]([C@@H](C)O)NC(=O)[C@H](CCCNC(=N)N)NC(=O)[C@H](CO)NC3=O)NC(=O)[C@H](CCCCN)NC(=O)[C@H](CC(=O)O)NC(=O)[C@H](CC(N)=O)NC(=O)[C@H](CC(=O)O)NC(=O)[C@H](CCC(=O)O)NC1=O,'>',IC50,5000.0,Inhibition of human Nav1.5 expressed in HEK293 cells assessed as inward peak current by ion-works quattro patch clamp electrophysiology method,J Med Chem,2016,
CHEMBL1908360,EVEROLIMUS,CO[C@H]1C[C@@H]2CC[C@@H](C)[C@@](O)(O2)C(=O)C(=O)N2CCCC[C@H]2C(=O)O[C@H]([C@H](C)C[C@@H]2CC[C@@H](OCCO)[C@H](OC)C2)CC(=O)[C@H](C)/C=C(\C)[C@@H](O)[C@@H](OC)C(=O)[C@H](C)C[C@H](C)/C=C/C=C/C=C/1C,'=',IC50,630957.34,Inhibition of fast sodium current (INa) in Chinese Hamster Ovary (CHO) K1 cells transfected with human Nav1.5 measured using IonWorks Quattro automated patch clamp platform,J Pharmacol Toxicol Methods,2014,Outside typical range
CHEMBL779,TADALAFIL,CN1CC(=O)N2[C@H](c3ccc4c(c3)OCO4)c3[nH]c4ccccc4c3C[C@@H]2C1=O,'=',IC50,125892.54,Inhibition of fast sodium current (INa) in Chinese Hamster Ovary (CHO) K1 cells transfected with human Nav1.5 measured using IonWorks Quattro automated patch clamp platform,J Pharmacol Toxicol Methods,2014,Outside typical range
CHEMBL32,MOXIFLOXACIN,COc1c(N2C[C@@H]3CCCN[C@@H]3C2)c(F)cc2c(=O)c(C(=O)O)cn(C3CC3)c12,'=',IC50,251188.64,Inhibition of fast sodium current (INa) in HEK293 cells transfected with human Nav1.5 measured using IonWorks Quattro automated patch clamp platform,J Pharmacol Toxicol Methods,2014,Outside typical range
CHEMBL1111,AMBRISENTAN,COC(c1ccccc1)(c1ccccc1)[C@H](Oc1nc(C)cc(C)n1)C(=O)O,'=',IC50,1258925.41,Inhibition of fast sodium current (INa) in Chinese Hamster Ovary (CHO) K1 cells transfected with human Nav1.5 measured using IonWorks Quattro automated patch clamp platform,J Pharmacol Toxicol Methods,2014,Outside typical range
CHEMBL229125,,O=C1CCN([C@@H]2CCCC[C@H]2OCCc2cccc3ccccc23)C1,'=',IC50,11000.0,Inhibition of human heart sodium channel Nav1.5 by patch-clamp method,J Med Chem,2007,
CHEMBL16,PHENYTOIN,O=C1NC(=O)C(c2ccccc2)(c2ccccc2)N1,'>',IC50,100000.0,Inhibition of human voltage-gated sodium channel 1.5 expressed in HEK293 cells assessed as changes in membranre potential after 45 mins by FRET analysis,Bioorg Med Chem,2012,
CHEMBL79,LIDOCAINE,CCN(CC)CC(=O)Nc1c(C)cccc1C,'=',IC50,108000.0,Inhibition of human heart sodium channel Nav1.5 by patch-clamp method,J Med Chem,2007,Outside typical range
CHEMBL4469805,,COc1cc(C(=O)NS(C)(=O)=O)c(F)cc1-c1cnc(Oc2cc(F)ccc2F)c(Cl)c1,'=',IC50,13600.0,Inhibition of human Nav1.5 expressed in HEK293 cells assessed as tonic block at pulse 1 by ionworks quattro electrophysiology assay,J Med Chem,2016,
CHEMBL1382,TOLTERODINE,Cc1ccc(O)c([C@H](CCN(C(C)C)C(C)C)c2ccccc2)c1,'=',IC50,6309.57,Inhibition of fast sodium current (INa) in Chinese Hamster Ovary (CHO) K1 cells transfected with human Nav1.5 measured using IonWorks Quattro automated patch clamp platform,J Pharmacol Toxicol Methods,2014,
CHEMBL1111,AMBRISENTAN,COC(c1ccccc1)(c1ccccc1)[C@H](Oc1nc(C)cc(C)n1)C(=O)O,'=',IC50,1000000.0,Inhibition of fast sodium current (INa) in HEK293 cells transfected with human Nav1.5 measured using IonWorks Quattro automated patch clamp platform,J Pharmacol Toxicol Methods,2014,Outside typical range
CHEMBL3414596,,CC[C@H](C)[C@@H]1NC(=O)[C@@H]2CSSC[C@@H]3NC(=O)[C@H](C(C)C)NC(=O)[C@H](CC(C)C)NC(=O)[C@H](CC(N)=O)NC(=O)[C@@H]4CCCN4C(=O)[C@H](CCCNC(=N)N)NC(=O)[C@H](CSSC[C@H](NC(=O)[C@@H](N)CC(=O)O)C(=O)N[C@@H](CC(C)C)C(=O)NCC(=O)N[C@@H](Cc4ccccc4)C(=O)N[C@@H](CCSC)C(=O)N[C@@H](CCCNC(=N)N)C(=O)N[C@@H](C)C(=O)N2)NC(=O)[C@H](CSSC[C@@H](C(=O)N[C@@H](CCCCN)C(=O)N[C@@H](Cc2ccc(O)cc2)C(=O)N[C@H](C(=O)N[C@@H](Cc2ccccc2)C(N)=O)C(C)C)NC(=O)[C@H](Cc2c[nH]c4ccccc24)NC(=O)[C@H](CCCCN)NC(=O)[C@H](Cc2cnc[nH]2)NC(=O)[C@H]([C@@H](C)O)NC(=O)[C@H](CCCNC(=N)N)NC(=O)[C@H](CO)NC3=O)NC(=O)[C@H](CCCCN)NC(=O)[C@H](CC(=O)O)NC(=O)[C@H](CC(N)=O)NC(=O)[C@H](CC(=O)O)NC(=O)[C@@H]2CCCN2C1=O,'>',IC50,5000.0,Inhibition of human NaV1.5 at -140 mV holding potential by whole-cell patch clamp assay,J Med Chem,2015,
CHEMBL3416886,,CC[C@H](C)[C@@H]1NC(=O)[C@@H]2CSSC[C@@H]3NC(=O)[C@H](C(C)C)NC(=O)[C@H](CC(C)C)NC(=O)[C@H](CC(N)=O)NC(=O)[C@@H]4CCCN4C(=O)[C@H](CCCNC(=N)N)NC(=O)[C@H](CSSC[C@H](NC(=O)[C@@H](N)CC(=O)O)C(=O)N[C@@H](CC(C)C)C(=O)NCC(=O)N[C@@H](Cc4ccccc4)C(=O)N[C@@H](CCSC)C(=O)N[C@@H](CCCNC(=N)N)C(=O)N[C@@H](CCCCN)C(=O)N2)NC(=O)[C@H](CSSC[C@@H](C(=O)N[C@@H](CCCCN)C(=O)N[C@@H](Cc2ccc(O)cc2)C(=O)N[C@H](C(=O)N[C@@H](Cc2ccccc2)C(N)=O)C(C)C)NC(=O)[C@H](Cc2c[nH]c4ccccc24)NC(=O)[C@H](CCCCN)NC(=O)[C@H](Cc2c[nH]cn2)NC(=O)[C@H]([C@@H](C)O)NC(=O)[C@H](CCCNC(=N)N)NC(=O)[C@H](CO)NC3=O)NC(=O)[C@H](CCCCN)NC(=O)[C@H](CC(=O)O)NC(=O)[C@H](CC(N)=O)NC(=O)[C@H](CC(=O)O)NC(=O)[C@@H]2CCCN2C1=O,'>',IC50,10000.0,Inhibition of human NaV1.5 at -140 mV holding potential by whole-cell patch clamp assay,J Med Chem,2015,
CHEMBL3416906,,CC[C@H](C)[C@@H]1NC(=O)[C@@H]2CSSC[C@@H]3NC(=O)[C@H](C(C)C)NC(=O)[C@H](CC(C)C)NC(=O)[C@H](CC(N)=O)NC(=O)[C@@H]4CCCN4C(=O)[C@H](CCCNC(=N)N)NC(=O)[C@H](CSSC[C@H](NC(=O)[C@@H](N)CC(=O)O)C(=O)N[C@@H](CC(C)C)C(=O)NCC(=O)N[C@@H](Cc4ccccc4)C(=O)N[C@@H](CCSC)C(=O)N[C@@H](CCCNC(=N)N)C(=O)N[C@@H](CCCCN)C(=O)N2)NC(=O)[C@H](CSSC[C@@H](C(=O)N[C@@H](CCCCN)C(=O)N[C@@H](Cc2ccc(O)cc2)C(=O)N[C@H](C(=O)N[C@@H](Cc2ccccc2)C(N)=O)C(C)C)NC(=O)[C@H](Cc2c[nH]c4ccccc24)NC(=O)[C@H](CCCCN)NC(=O)[C@H](Cc2cnc[nH]2)NC(=O)[C@H]([C@@H](C)O)NC(=O)[C@H](CCCNC(=N)N)NC(=O)[C@H](C)NC3=O)NC(=O)[C@H](CCCCN)NC(=O)[C@H](CC(=O)O)NC(=O)[C@H](CC(N)=O)NC(=O)[C@H](CC(=O)O)NC(=O)[C@@H]2CCCN2C1=O,'>',IC50,4700.0,Inhibition of human NaV1.5 at -140 mV holding potential by whole-cell patch clamp assay,J Med Chem,2015,
CHEMBL3416944,,CC[C@H](C)[C@@H]1NC(=O)[C@@H]2CSSC[C@@H]3NC(=O)[C@H](C(C)C)NC(=O)[C@H](CC(C)C)NC(=O)[C@H](CC(N)=O)NC(=O)[C@@H]4CCCN4C(=O)[C@H](CCCNC(=N)N)NC(=O)[C@H](CSSC[C@H](NC(=O)[C@@H](N)CC(=O)O)C(=O)N[C@@H](CC(C)C)C(=O)NCC(=O)N[C@@H](Cc4ccccc4)C(=O)N[C@@H](CCSC)C(=O)N[C@@H](CCCNC(=N)N)C(=O)N[C@@H](CCCCN)C(=O)N2)NC(=O)[C@H](CSSC[C@@H](C(=O)N[C@@H](CCCCN)C(=O)N[C@@H](Cc2ccc(O)cc2)C(=O)N[C@H](C(=O)N[C@@H](Cc2ccccc2)C(N)=O)C(C)C)NC(=O)[C@H](Cc2c[nH]c4ccccc24)NC(=O)[C@H](CCCCN)NC(=O)[C@H](Cc2cnc[nH]2)NC(=O)[C@H](CCCNC(=N)N)NC(=O)[C@H](CCCNC(=N)N)NC(=O)[C@H](CO)NC3=O)NC(=O)[C@H](CCCCN)NC(=O)[C@H](CC(=O)O)NC(=O)[C@H](CC(N)=O)NC(=O)[C@H](CC(=O)O)NC(=O)[C@@H]2CCCN2C1=O,'=',IC50,3500.0,Inhibition of human Nav1.5 expressed in HEK293 cells assessed as inward peak current by ion-works quattro patch clamp electrophysiology method,J Med Chem,2016,
CHEMBL3798549,,CC[C@H](C)[C@@H]1NC(=O)[C@@H]2CSSC[C@@H]3NC(=O)[C@H](C(C)C)NC(=O)[C@H](CC(C)C)NC(=O)[C@H](CC(N)=O)NC(=O)[C@@H]4CCCN4C(=O)[C@H](CCCNC(=N)N)NC(=O)[C@H](CSSC[C@H](N)C(=O)N[C@@H](CC(C)C)C(=O)NCC(=O)N[C@@H](Cc4ccccc4)C(=O)N[C@@H](CCSC)C(=O)N[C@@H](CCCNC(=N)N)C(=O)N[C@@H](CCCCN)C(=O)N2)NC(=O)[C@H](CSSC[C@@H](C(=O)N[C@@H](CCCCN)C(=O)N[C@@H](Cc2ccc(O)cc2)C(=O)N[C@H](C(=O)N[C@@H](Cc2ccccc2)C(N)=O)C(C)C)NC(=O)[C@H](Cc2c[nH]c4ccccc24)NC(=O)[C@H](CCCCN)NC(=O)[C@H](Cc2cnc[nH]2)NC(=O)[C@H]([C@@H](C)O)NC(=O)[C@H](CCCNC(=N)N)NC(=O)[C@H](CO)NC3=O)NC(=O)[C@H](CCCCN)NC(=O)[C@H](CC(=O)O)NC(=O)[C@H](CC(N)=O)NC(=O)[C@H](CC(=O)O)NC(=O)[C@@H]2CCCN2C1=O,'>',IC50,5000.0,Inhibition of human Nav1.5 expressed in HEK293 cells assessed as inward peak current by ion-works quattro patch clamp electrophysiology method,J Med Chem,2016,
CHEMBL3236329,,O=C(NCc1noc(-c2c3ccccc3nn2CCn2ccnc2)n1)c1cccc(OC(F)(F)F)c1,'=',IC50,36000.0,Inhibition of human Nav1.5 assessed as tonic block by patch-clamp electrophysiology/cell based assay,J Med Chem,2014,
CHEMBL631,PROPAFENONE,CCCNCC(O)COc1ccccc1C(=O)CCc1ccccc1,'=',IC50,3300.0,Inhibition of human cloned Nav1.5 channel expressed in chinese hamster CHO cells assessed as tonic inhibition after 5 mins by patch clamp assay,J Med Chem,2011,
CHEMBL1915364,,Cl.O=C(CCc1ccccc1)c1cc(F)ccc1OCC(O)CN1CCN(C(c2ccccc2)c2ccccc2)CC1,'>',IC50,5000.0,Inhibition of human cloned Nav1.5 channel expressed in chinese hamster CHO cells assessed as tonic inhibition after 5 mins by patch clamp assay,J Med Chem,2011,
CHEMBL254316,RALTEGRAVIR,Cc1nnc(C(=O)NC(C)(C)c2nc(C(=O)NCc3ccc(F)cc3)c(O)c(=O)n2C)o1,'=',IC50,316227.77,Inhibition of fast sodium current (INa) in Chinese Hamster Ovary (CHO) K1 cells transfected with human Nav1.5 measured using IonWorks Quattro automated patch clamp platform,J Pharmacol Toxicol Methods,2014,Outside typical range
CHEMBL535,SUNITINIB,CCN(CC)CCNC(=O)c1c(C)[nH]c(/C=C2\C(=O)Nc3ccc(F)cc32)c1C,'=',IC50,15848.93,Inhibition of fast sodium current (INa) in Chinese Hamster Ovary (CHO) K1 cells transfected with human Nav1.5 measured using IonWorks Quattro automated patch clamp platform,J Pharmacol Toxicol Methods,2014,
CHEMBL255863,NILOTINIB,Cc1cn(-c2cc(NC(=O)c3ccc(C)c(Nc4nccc(-c5cccnc5)n4)c3)cc(C(F)(F)F)c2)cn1,'=',IC50,5011872.34,Inhibition of fast sodium current (INa) in HEK293 cells transfected with human Nav1.5 measured using IonWorks Quattro automated patch clamp platform,J Pharmacol Toxicol Methods,2014,Outside typical range
CHEMBL3236343,,O=C(NCc1noc(-c2nn(CCn3ccnc3)c3ccccc23)n1)c1ccccc1,'>',IC50,100000.0,Inhibition of human Nav1.5 assessed as tonic block by patch-clamp electrophysiology/cell based assay,J Med Chem,2014,
CHEMBL535,SUNITINIB,CCN(CC)CCNC(=O)c1c(C)[nH]c(/C=C2\C(=O)Nc3ccc(F)cc32)c1C,'=',IC50,39810.72,Inhibition of fast sodium current (INa) in HEK293 cells transfected with human Nav1.5 measured using IonWorks Quattro automated patch clamp platform,J Pharmacol Toxicol Methods,2014,
CHEMBL2164373,,O=C(NCc1ccc(OC(F)(F)F)cc1)C1c2ccccc2C(=O)N1C1CCC(F)(F)CC1,'>',IC50,31000.0,Inhibition of human NaV1.5 alpha subunit expressed in CHOK1 cells at -90 mV holding potential by patch clamp electrophysiological assay,J Med Chem,2012,
CHEMBL2164373,,O=C(NCc1ccc(OC(F)(F)F)cc1)C1c2ccccc2C(=O)N1C1CCC(F)(F)CC1,'>',IC50,33000.0,Inhibition of human NaV1.5 alpha subunit expressed in CHOK1 cells at -90 mV holding potential by patch clamp electrophysiological assay,J Med Chem,2012,
CHEMBL3113248,,CC(C)(C)OC(=O)n1cc(-c2cccc(NC(=O)c3cc[nH]c3)c2)nc1N.Cl,'>',IC50,30000.0,Modulation of human Nav1.5 in closed state assessed as inhibition of inward current after 4 mins by whole-cell electrophysiology,Eur J Med Chem,2014,
CHEMBL4061129,,O=S(=O)(Nc1nccs1)c1cc(Cl)c(NCC23CC4CC(CC(O)(C4)C2)C3)cc1F,'>',IC50,30000.0,Inhibition of human Nav1.5 inactivated state form expressed in HEK293 cells at -50 mV holding potential by by automated patch clamp electrophysiology assay,Bioorg Med Chem,2017,
CHEMBL4100208,,O=S(=O)(Nc1nccs1)c1cc(Cl)c(NCC2CCCO2)cc1F,'=',IC50,4500.0,Inhibition of human Nav1.5 inactivated state form expressed in HEK293 cells at -50 mV holding potential by by automated patch clamp electrophysiology assay,Bioorg Med Chem,2017,
CHEMBL2324000,,Cn1nccc1-c1ccccc1Oc1ccc(S(=O)(=O)Nc2nccs2)cc1C#N,'>',IC50,10000.0,Inhibition of human NaV1.5,Bioorg Med Chem Lett,2017,
CHEMBL3236329,,O=C(NCc1noc(-c2c3ccccc3nn2CCn2ccnc2)n1)c1cccc(OC(F)(F)F)c1,'=',IC50,14800.0,Inhibition of human Nav1.5 assessed as 10 Hz block by patch-clamp electrophysiology/cell based assay,J Med Chem,2014,
CHEMBL2011947,,Nc1ncnc(Nc2ccc(Oc3ccc(Cl)cc3)cc2)n1,'=',IC50,200.0,Antagonist activity at human partially inactivated NaV 1.5 channel expressed in HEK293 cells by manual whole cell patch clamp assay,Bioorg Med Chem Lett,2012,
CHEMBL434394,NEBIVOLOL,OC(CNCC(O)C1CCc2cc(F)ccc2O1)C1CCc2cc(F)ccc2O1,'=',IC50,6309.57,Inhibition of fast sodium current (INa) in Chinese Hamster Ovary (CHO) K1 cells transfected with human Nav1.5 measured using IonWorks Quattro automated patch clamp platform,J Pharmacol Toxicol Methods,2014,
CHEMBL1294,QUINIDINE,C=C[C@H]1CN2CC[C@H]1C[C@@H]2[C@@H](O)c1ccnc2ccc(OC)cc12,'=',IC50,16600.0,Inhibition of sodium current measured using whole-cell patch clamp experiments in HEK-293 cells stably transfected with hNaV1.5 cDNA,Cardiovasc Res,2011,
CHEMBL3341985,,CS(=O)(=O)NC(=O)c1cc(Cl)c(OCC23CC4CC(CC(C4)C2)C3)cc1F,'=',IC50,1900.0,Inhibition of full length human NaV1.5 expressed in HEK293 cells coexpressing Nav beta1 subunit assessed as decrease in sodium current amplitude by PatchXpress automated voltage clamp method,J Med Chem,2018,
CHEMBL3325536,,CN1CC[C@@H](c2ccc(Cl)cc2)[C@H](COc2cc(F)c(S(=O)(=O)Nc3ncns3)cc2F)C1,'>',IC50,10000.0,Inhibition of human Nav1.5 expressed in HEK cells assessed as reduction in sodium current at -60 mV holding potential by PatchXpress platform based whole cell patch clamp electrophysiological assay,Bioorg Med Chem Lett,2014,
CHEMBL1813048,,CC(=O)Nc1cccc(Nc2ncnc(N3CCC(OCc4ccc(OC(F)(F)F)cc4)CC3)n2)c1C,'=',IC50,5200.0,Inhibition of human cardiac sodium channel Nav1.5 expressed in human HEK293 cells by patch-clamp electrophysiological assay,J Med Chem,2011,
CHEMBL3800588,,CC[C@H](C)[C@@H]1NC(=O)[C@@H]2CSSC[C@@H]3NC(=O)[C@H](C(C)C)NC(=O)[C@H](CC(C)C)NC(=O)[C@H](CC(N)=O)NC(=O)[C@@H]4CCCN4C(=O)[C@H](CCCNC(=N)N)NC(=O)[C@H](CSSC[C@H](NC(=O)[C@@H](N)CC(=O)O)C(=O)N[C@@H](CC(C)C)C(=O)NCC(=O)N[C@@H](Cc4ccccc4)C(=O)N[C@@H](CCSC)C(=O)N[C@@H](CCCNC(=N)N)C(=O)N[C@@H](CCCCN)C(=O)N2)NC(=O)[C@H](CSSC[C@@H](C(=O)N[C@@H](CCCCN)C(=O)N[C@@H](Cc2ccc(O)cc2)C(=O)N[C@H](C(=O)N[C@@H](Cc2ccccc2)C(N)=O)C(C)C)NC(=O)[C@H](Cc2c[nH]c4ccccc24)NC(=O)[C@H](CCCCN)NC(=O)[C@H](Cc2c[nH]cn2)NC(=O)[C@H]([C@@H](C)O)NC(=O)[C@H](CCCNC(=N)N)NC(=O)[C@H](CO)NC3=O)NC(=O)[C@H](CCCCN)NC(=O)[C@H](CC(=O)O)NC(=O)[C@H](Cc2cccc3ccccc23)NC(=O)[C@H](CC(=O)O)NC(=O)[C@@H]2CCCN2C1=O,'=',IC50,7800.0,Inhibition of human Nav1.5 expressed in HEK293 cells by whole cell patch clamp electrophysiology method,J Med Chem,2016,
CHEMBL3799543,,CSCC[C@@H]1NC(=O)[C@H](Cc2ccccc2)NC(=O)CNC(=O)[C@H](CC(C)C)NC(=O)[C@@H](NC(=O)[C@@H](N)CC(=O)O)CSSC[C@@H]2NC(=O)[C@@H]3CSSC[C@@H](C(=O)N[C@@H](CCCCN)C(=O)N[C@@H](Cc4ccc(O)cc4)C(=O)N[C@H](C(=O)N[C@@H](Cc4ccccc4)C(N)=O)C(C)C)NC(=O)[C@H](Cc4c[nH]c5ccccc45)NC(=O)[C@H](CCCCN)NC(=O)[C@H](Cc4cnc[nH]4)NC(=O)[C@H]([C@@H](C)O)NC(=O)[C@H](CCCNC(=N)N)NC(=O)[C@H](CO)NC(=O)[C@H](CSSC[C@H](NC(=O)[C@H](CCCCN)NC(=O)[C@H](CCCNC(=N)N)NC1=O)C(=O)N[C@@H](CC(N)=O)C(=O)N1CCC[C@H]1C(=O)N[C@@H](CC(=O)O)C(=O)N[C@@H](CC(N)=O)C(=O)N[C@@H](CC(=O)O)C(=O)N[C@@H](CCCCN)C(=O)N3)NC(=O)[C@H](C(C)C)NC(=O)[C@H](CC(C)C)NC(=O)[C@H](CC(N)=O)NC(=O)[C@@H]1CCCN1C(=O)[C@H](CCCNC(=N)N)NC2=O,'>',IC50,10000.0,Inhibition of human Nav1.5 expressed in HEK293 cells by whole cell patch clamp electrophysiology method,J Med Chem,2016,
CHEMBL3799645,,CC[C@H](C)[C@@H]1NC(=O)[C@@H]2CSSC[C@@H]3NC(=O)[C@H](C(C)C)NC(=O)[C@H](CC(C)C)NC(=O)[C@H](CC(N)=O)NC(=O)[C@@H]4CCCN4C(=O)[C@H](CCCNC(N)=O)NC(=O)[C@H](CSSC[C@H](NC(=O)[C@@H](N)CC(=O)O)C(=O)N[C@@H](CC(C)C)C(=O)NCC(=O)N[C@@H](Cc4ccccc4)C(=O)N[C@@H](CCSC)C(=O)N[C@@H](CCCNC(=N)N)C(=O)N[C@@H](CCCCN)C(=O)N2)NC(=O)[C@H](CSSC[C@@H](C(=O)N[C@@H](CCCCN)C(=O)N[C@@H](Cc2ccc(O)cc2)C(=O)N[C@H](C(=O)N[C@@H](Cc2ccccc2)C(N)=O)C(C)C)NC(=O)[C@H](Cc2c[nH]c4ccccc24)NC(=O)[C@H](CCCCN)NC(=O)[C@H](Cc2cnc[nH]2)NC(=O)[C@H]([C@@H](C)O)NC(=O)[C@H](CCCNC(=N)N)NC(=O)[C@H](CO)NC3=O)NC(=O)[C@H](CCCCN)NC(=O)[C@H](CC(=O)O)NC(=O)[C@H](CC(N)=O)NC(=O)[C@H](CC(=O)O)NC(=O)[C@@H]2CCCN2C1=O,'>',IC50,10000.0,Inhibition of human Nav1.5 expressed in HEK293 cells by whole cell patch clamp electrophysiology method,J Med Chem,2016,
CHEMBL558,MEXILETINE,Cc1cccc(C)c1OCC(C)N,'=',IC50,420000.0,Blockade of human full-length NaV1.5 expressed in HEK293 cells co-transfected with pCD8-IRES-hbeta1 assessed as 0.1 Hz of half-maximal tonic-induced channel current at -120 mV holding potential after 36 to 72 hrs by patch clamp assay,J Med Chem,2012,Outside typical range
CHEMBL4092463,,O=S(=O)(Nc1nccs1)c1cc(Cl)c(NCC2CCCCO2)cc1F,'=',IC50,237.0,Inhibition of human Nav1.5 inactivated state form expressed in HEK293 cells at -60 mV holding potential by by automated patch clamp electrophysiology assay,Bioorg Med Chem,2017,
CHEMBL4087220,,O=S(=O)(Nc1nccs1)c1cc(Cl)c(NCC2COCCO2)cc1F,'=',IC50,3200.0,Inhibition of human Nav1.5 inactivated state form expressed in HEK293 cells at -50 mV holding potential by by automated patch clamp electrophysiology assay,Bioorg Med Chem,2017,
CHEMBL4084685,,O=S(=O)(Nc1nccs1)c1cc(Cl)c(NC[C@H]2CCC[C@H](O)C2)cc1F,'=',IC50,3500.0,Inhibition of human Nav1.5 inactivated state form expressed in HEK293 cells at -50 mV holding potential by by automated patch clamp electrophysiology assay,Bioorg Med Chem,2017,
CHEMBL4094879,,O=S(=O)(Nc1nccs1)c1cc(Cl)c(NC[C@H]2CCC[C@@H](O)C2)cc1F,'=',IC50,1800.0,Inhibition of human Nav1.5 inactivated state form expressed in HEK293 cells at -50 mV holding potential by by automated patch clamp electrophysiology assay,Bioorg Med Chem,2017,
CHEMBL4100176,,CON=C1CCC(CNc2cc(F)c(S(=O)(=O)Nc3nccs3)cc2Cl)CC1,'=',IC50,94.0,Inhibition of human Nav1.5 inactivated state form expressed in HEK293 cells at -60 mV holding potential by by automated patch clamp electrophysiology assay,Bioorg Med Chem,2017,
CHEMBL4095822,,O=S(=O)(Nc1nccs1)c1cc(Cl)c(NCC2CCC3(CC2)OCCO3)cc1F,'=',IC50,407.0,Inhibition of human Nav1.5 inactivated state form expressed in HEK293 cells at -60 mV holding potential by by automated patch clamp electrophysiology assay,Bioorg Med Chem,2017,
CHEMBL4064762,,O=S(=O)(Nc1nccs1)c1cc(Cl)c(NCCC2CCOCC2)cc1F,'=',IC50,2400.0,Inhibition of human Nav1.5 inactivated state form expressed in HEK293 cells at -50 mV holding potential by by automated patch clamp electrophysiology assay,Bioorg Med Chem,2017,
CHEMBL4065798,,O=S(=O)(Nc1nccs1)c1cc(Cl)c(NCCC2CCCCO2)cc1F,'=',IC50,3700.0,Inhibition of human Nav1.5 inactivated state form expressed in HEK293 cells at -50 mV holding potential by by automated patch clamp electrophysiology assay,Bioorg Med Chem,2017,
CHEMBL3416890,,CC[C@H](C)[C@@H]1NC(=O)[C@@H]2CSSC[C@@H]3NC(=O)[C@H](C(C)C)NC(=O)[C@H](CC(C)C)NC(=O)[C@H](CC(N)=O)NC(=O)[C@@H]4CCCN4C(=O)[C@H](CCCNC(=N)N)NC(=O)[C@H](CSSC[C@H](NC(=O)[C@H](C)N)C(=O)N[C@@H](CC(C)C)C(=O)NCC(=O)N[C@@H](Cc4ccccc4)C(=O)N[C@@H](CCSC)C(=O)N[C@@H](CCCNC(=N)N)C(=O)N[C@@H](CCCCN)C(=O)N2)NC(=O)[C@H](CSSC[C@@H](C(=O)N[C@@H](CCCCN)C(=O)N[C@@H](Cc2ccc(O)cc2)C(=O)N[C@H](C(=O)N[C@@H](Cc2ccccc2)C(N)=O)C(C)C)NC(=O)[C@H](Cc2c[nH]c4ccccc24)NC(=O)[C@H](CCCCN)NC(=O)[C@H](Cc2cnc[nH]2)NC(=O)[C@H]([C@@H](C)O)NC(=O)[C@H](CCCNC(=N)N)NC(=O)[C@H](CO)NC3=O)NC(=O)[C@H](CCCCN)NC(=O)[C@H](CC(=O)O)NC(=O)[C@H](CC(N)=O)NC(=O)[C@H](CC(=O)O)NC(=O)[C@@H]2CCCN2C1=O,'>',IC50,5000.0,Inhibition of human Nav1.5 expressed in HEK293 cells assessed as inward peak current by ion-works quattro patch clamp electrophysiology method,J Med Chem,2016,
CHEMBL3416911,,CC[C@H](C)[C@@H]1NC(=O)[C@@H]2CSSC[C@@H]3NC(=O)[C@H](C(C)C)NC(=O)[C@H](CC(C)C)NC(=O)[C@H](CC(N)=O)NC(=O)[C@@H]4CCCN4C(=O)[C@H](CCCNC(=N)N)NC(=O)[C@H](CSSC[C@H](NC(=O)[C@@H](N)CC(=O)O)C(=O)N[C@@H](CC(C)C)C(=O)NCC(=O)N[C@@H](Cc4ccccc4)C(=O)N[C@@H](CCSC)C(=O)N[C@@H](CCCNC(=N)N)C(=O)N[C@@H](CCCCN)C(=O)N2)NC(=O)[C@H](CSSC[C@@H](C(=O)N[C@@H](CCCCN)C(=O)N[C@@H](Cc2ccc(O)cc2)C(=O)N[C@H](C(=O)N[C@@H](Cc2ccccc2)C(N)=O)C(C)C)NC(=O)[C@H](C)NC(=O)[C@H](CCCCN)NC(=O)[C@H](Cc2cnc[nH]2)NC(=O)[C@H]([C@@H](C)O)NC(=O)[C@H](CCCNC(=N)N)NC(=O)[C@H](CO)NC3=O)NC(=O)[C@H](CCCCN)NC(=O)[C@H](CC(=O)O)NC(=O)[C@H](CC(N)=O)NC(=O)[C@H](CC(=O)O)NC(=O)[C@@H]2CCCN2C1=O,'>',IC50,5000.0,Inhibition of human Nav1.5 expressed in HEK293 cells assessed as inward peak current by ion-works quattro patch clamp electrophysiology method,J Med Chem,2016,
CHEMBL3798261,,CSCC[C@@H]1NC(=O)[C@H](Cc2ccccc2)NC(=O)CNC(=O)[C@H](CC(C)C)NC(=O)[C@@H](NC(=O)[C@@H](N)CC(=O)O)CSSC[C@@H]2NC(=O)[C@@H]3CSSC[C@@H](C(=O)N[C@@H](CCCCN)C(=O)N[C@@H](Cc4ccc(O)cc4)C(=O)N[C@H](C(=O)N[C@@H](Cc4ccccc4)C(N)=O)C(C)C)NC(=O)[C@H](Cc4c[nH]c5ccccc45)NC(=O)[C@H](CCCCN)NC(=O)[C@H](Cc4c[nH]cn4)NC(=O)[C@H]([C@@H](C)O)NC(=O)[C@H](CCCNC(=N)N)NC(=O)[C@H](CO)NC(=O)[C@H](CSSC[C@H](NC(=O)[C@H](CCCCN)NC(=O)[C@H](CCCNC(=N)N)NC1=O)C(=O)N[C@@H](Cc1cccc4ccccc14)C(=O)N1CCC[C@H]1C(=O)N[C@@H](CC(=O)O)C(=O)N[C@@H](CC(N)=O)C(=O)N[C@@H](CC(=O)O)C(=O)N[C@@H](CCCCN)C(=O)N3)NC(=O)[C@H](C(C)C)NC(=O)[C@H](CC(C)C)NC(=O)[C@H](CC(N)=O)NC(=O)[C@@H]1CCCN1C(=O)[C@H](CCCNC(=N)N)NC2=O,'>',IC50,5000.0,Inhibition of human Nav1.5 expressed in HEK293 cells assessed as inward peak current by ion-works quattro patch clamp electrophysiology method,J Med Chem,2016,
CHEMBL496189,,O=C1CC2(CCN(C(=O)N[C@H]3C[C@@H]3c3ccccc3)CC2)Oc2ccccc21,'>',IC50,10000.0,Inhibition of Voltage-gated sodium channel subunit alpha Nav1.5,Bioorg Med Chem Lett,2009,
CHEMBL4073353,,O=S(=O)(Nc1nccs1)c1cc(Cl)c(NCCCC2CCOC2)cc1F,'=',IC50,133.0,Inhibition of human Nav1.5 inactivated state form expressed in HEK293 cells at -60 mV holding potential by by automated patch clamp electrophysiology assay,Bioorg Med Chem,2017,
CHEMBL4073324,,O=C1CCC(CNc2cc(F)c(S(=O)(=O)Nc3nccs3)cc2Cl)CC1,'=',IC50,2700.0,Inhibition of human Nav1.5 inactivated state form expressed in HEK293 cells at -50 mV holding potential by by automated patch clamp electrophysiology assay,Bioorg Med Chem,2017,
CHEMBL4062009,,O=S(=O)(Nc1nccs1)c1cc(Cl)c(NC2CCOCC2)cc1F,'=',IC50,336.0,Inhibition of human Nav1.5 inactivated state form expressed in HEK293 cells at -60 mV holding potential by by automated patch clamp electrophysiology assay,Bioorg Med Chem,2017,
CHEMBL4102647,,O=S(=O)(Nc1nccs1)c1cc(Cl)c(NCC2CCOCC2)cc1F,'=',IC50,127.0,Inhibition of human Nav1.5 inactivated state form expressed in HEK293 cells at -60 mV holding potential by by automated patch clamp electrophysiology assay,Bioorg Med Chem,2017,
CHEMBL4065798,,O=S(=O)(Nc1nccs1)c1cc(Cl)c(NCCC2CCCCO2)cc1F,'=',IC50,874.0,Inhibition of human Nav1.5 inactivated state form expressed in HEK293 cells at -60 mV holding potential by by automated patch clamp electrophysiology assay,Bioorg Med Chem,2017,
CHEMBL4061793,,O=S(=O)(Nc1nccs1)c1cc(Cl)c(NCC23CCCN2CCC3)cc1F,'>',IC50,30000.0,Inhibition of human Nav1.5 inactivated state form expressed in HEK293 cells at -50 mV holding potential by by automated patch clamp electrophysiology assay,Bioorg Med Chem,2017,
CHEMBL4099769,,O=S(=O)(Nc1nccs1)c1cc(Cl)c(NC2CCCOC2)cc1F,'=',IC50,7700.0,Inhibition of human Nav1.5 inactivated state form expressed in HEK293 cells at -50 mV holding potential by by automated patch clamp electrophysiology assay,Bioorg Med Chem,2017,
CHEMBL4064295,,CC(C)(C)[C@H]1OCCC[C@@H]1CNc1cc(F)c(S(=O)(=O)Nc2nccs2)cc1Cl,'>',IC50,30000.0,Inhibition of human Nav1.5 inactivated state form expressed in HEK293 cells at -50 mV holding potential by by automated patch clamp electrophysiology assay,Bioorg Med Chem,2017,
CHEMBL3983724,,COc1cc(C(F)(F)F)ccc1N1CCOc2cc(S(=O)(=O)Nc3nccs3)ccc21,'=',IC50,2000.0,Inhibition of human Nav1.5 expressed in HEK293 cells incubated for 3 to 5 mins at -50 mV holding potential by patchXpress electrophysiology assay,J Med Chem,2017,
CHEMBL3682623,,COc1cc(C(F)(F)F)ccc1-c1cccc2cc(S(=O)(=O)Nc3ncns3)ccc12,'=',IC50,11600.0,"In Vitro PX Assay: 293 cells stably transfected with Nav 1.5 were recorded in whole cell voltage clamp mode with the PatchXpress automated electrophysiology system according the manufacturer's specifications (Molecular Devices, LLC, Sunnyvale, Calif.). Cells were held at a holding potential of −50 mV to inactivate sodium channels. To elicit sodium currents the voltage was changed to −120 mV to recover a portion of the channels, followed by delivery of test pulses of 20 msec duration to 0 mV, at 0.1 Hz. A single concentration of test compound was applied to cells for a duration of 5 minutes. Peak sodium current was measured at the end of the compound addition period to determine percent inhibition.",,2015,
CHEMBL709,ALFUZOSIN,COc1cc2nc(N(C)CCCNC(=O)C3CCCO3)nc(N)c2cc1OC,'=',IC50,199526.23,Inhibition of fast sodium current (INa) in Chinese Hamster Ovary (CHO) K1 cells transfected with human Nav1.5 measured using IonWorks Quattro automated patch clamp platform,J Pharmacol Toxicol Methods,2014,Outside typical range
CHEMBL4213433,,COc1cccc(C2NCCOC2Oc2cc(F)c(S(=O)(=O)Nc3ncns3)cc2F)c1,'>',IC50,30000.0,Antagonist activity at recombinant human Nav1.5 expressed in HEK293 cells assessed as reduction in channel current at -50 mV holding potential after 600 secs by barracuda automated electrophysiology method,Bioorg Med Chem Lett,2018,
CHEMBL250699,,COc1cc(NC(=O)c2ccc(-c3ccc(Cl)cc3)o2)cc(OC)c1,'=',IC50,7340.0,Inhibition of human Nav1.5 channel expressed in HEK293 cells at -90 mV by patch clamp method,Proc Natl Acad Sci U S A,2007,
CHEMBL1323,DARUNAVIR,CC(C)CN(C[C@@H](O)[C@H](Cc1ccccc1)NC(=O)O[C@H]1CO[C@H]2OCC[C@H]21)S(=O)(=O)c1ccc(N)cc1,'=',IC50,39810.72,Inhibition of fast sodium current (INa) in Chinese Hamster Ovary (CHO) K1 cells transfected with human Nav1.5 measured using IonWorks Quattro automated patch clamp platform,J Pharmacol Toxicol Methods,2014,
CHEMBL461101,ELTROMBOPAG,CC1=NN(c2ccc(C)c(C)c2)C(=O)/C1=N\Nc1cccc(-c2cccc(C(=O)O)c2)c1O,'=',IC50,158489.32,Inhibition of fast sodium current (INa) in Chinese Hamster Ovary (CHO) K1 cells transfected with human Nav1.5 measured using IonWorks Quattro automated patch clamp platform,J Pharmacol Toxicol Methods,2014,Outside typical range
CHEMBL3325524,,O=S(=O)(Nc1ncns1)c1cc(F)c(OC[C@@H]2CNCC[C@H]2c2ccc(Cl)cc2)cc1F,'>',IC50,10000.0,Inhibition of human Nav1.5 expressed in HEK cells assessed as reduction in sodium current at -60 mV holding potential by PatchXpress platform based whole cell patch clamp electrophysiological assay,Bioorg Med Chem Lett,2014,
CHEMBL2443278,,c1ccc([C@]2(CCNCc3cccs3)CCOC3(CCCC3)C2)nc1,'=',IC50,9000.0,Inhibition of human Nav 1.5 phasic ion channel expressed in HEK293 cells by whole-cell patch clamp technique,J Med Chem,2013,
CHEMBL3707218,FUNAPIDE,O=C1N(Cc2ccc(C(F)(F)F)o2)c2ccccc2[C@]12COc1cc3c(cc12)OCO3,'=',IC50,84.0,Inhibition of human Nav1.5 expressed in HEK293 cells by electrophysiology assay,J Med Chem,2019,
CHEMBL3341979,,Cn1cc(-c2ccc(C(F)(F)F)cc2-c2cn[nH]c2)c2ccc(S(=O)(=O)Nc3ncns3)cc21,'>',IC50,10000.0,"In Vitro Assay: 293 cells stably transfected with either Nav 1.7 or with Nav 1.5 were recorded in population patch-clamp mode with the IonWorks® Quattro automated electrophysiology system in accordance with the manufacturer's specifications (Molecular Devices, LLC, Sunnyvale, Calif.). Sodium channel currents were measured in response to a train of depolarizations that induced successively greater inactivation.Cells were held at −110 mV for three seconds (Nav 1.7) or half a second (Nav 1.5) from a holding voltage of −15 mV, then put through a series of 26 pulses of 150 msec duration to −20 mV at a frequency of 5 Hz. Cells were then left unclamped for a period of 3 to 8 minutes while a single concentration of test compound was added. Cells were then reclamped and put through the same voltage protocol. Current at the end of the 26th pulse to −20 mV was subtracted from the peak current evoked by the 26th pulse to −20 mV to correct for leak current.",,2015,
CHEMBL3128188,,O=C(Nc1ccc(C[C@@H]2CC[C@H]([C@H](O)c3cccnc3)N2)cc1)[C@@H]1CCc2ccnn21,'>',IC50,30000.0,Inhibition of human Nav1.2 channel expressed in Xenopus oocytes by two-intracellular microelectrode voltage clamp method,J Med Chem,2016,
CHEMBL3928121,,N#Cc1cc(C(F)(F)F)ccc1N1CCOc2cc(S(=O)(=O)Nc3ccncn3)ccc21,'=',IC50,4600.0,Inhibition of human NaV1.5 expressed in HEK295 cells at holding potential of -125 mV with test potentials to -10 mV by whole cell voltage clamp method,Bioorg Med Chem Lett,2017,
CHEMBL3906169,,N#Cc1cc(C(F)(F)F)ccc1N1CCOc2cc(S(=O)(=O)Nc3nccs3)ccc21,'=',IC50,1500.0,Inhibition of human NaV1.5 expressed in HEK295 cells at holding potential of -125 mV with test potentials to -10 mV by whole cell voltage clamp method,Bioorg Med Chem Lett,2017,
CHEMBL3963432,,COc1cc(C#N)ccc1N1CCOc2cc(S(=O)(=O)Nc3nccs3)ccc21,'=',IC50,14000.0,Inhibition of human NaV1.5 expressed in HEK295 cells at holding potential of -125 mV with test potentials to -10 mV by whole cell voltage clamp method,Bioorg Med Chem Lett,2017,
CHEMBL3922625,,COc1cc(F)ccc1N1CCOc2cc(S(=O)(=O)Nc3nccs3)ccc21,'>',IC50,30000.0,Inhibition of human NaV1.5 expressed in HEK295 cells at holding potential of -125 mV with test potentials to -10 mV by whole cell voltage clamp method,Bioorg Med Chem Lett,2017,
CHEMBL3948638,,N#Cc1cc(C(F)(F)F)ccc1N1CCOc2cc(S(=O)(=O)Nc3nccs3)cc(F)c21,'=',IC50,650.0,Inhibition of human NaV1.5 expressed in HEK295 cells at holding potential of -125 mV with test potentials to -10 mV by whole cell voltage clamp method,Bioorg Med Chem Lett,2017,
CHEMBL2324000,,Cn1nccc1-c1ccccc1Oc1ccc(S(=O)(=O)Nc2nccs2)cc1C#N,'>',IC50,30000.0,Inhibition of human NaV1.5 expressed in HEK295 cells at holding potential of -125 mV with test potentials to -10 mV by whole cell voltage clamp method,Bioorg Med Chem Lett,2017,
CHEMBL3798843,,CC[C@H](C)[C@@H]1NC(=O)[C@@H]2CSSC[C@@H]3NC(=O)[C@H](C(C)C)NC(=O)[C@H](CC(C)C)NC(=O)[C@H](CC(N)=O)NC(=O)[C@@H]4CCCN4C(=O)[C@H](CCCNC(=N)N)NC(=O)[C@H](CSSC[C@H](NC(=O)[C@@H](N)CC(=O)O)C(=O)N[C@@H](CC(C)C)C(=O)NCC(=O)N[C@@H](Cc4ccccc4)C(=O)N[C@@H](CCSC)C(=O)N[C@@H](CCCNC(=N)N)C(=O)N[C@@H](CCCCN)C(=O)N2)NC(=O)[C@H](CSSC[C@@H](C(=O)N[C@@H](CCCCN)C(=O)N[C@@H](Cc2ccc(O)cc2)C(=O)N[C@H](C(=O)N[C@@H](Cc2cccc4ccccc24)C(N)=O)C(C)C)NC(=O)[C@H](Cc2c[nH]c4ccccc24)NC(=O)[C@H](CCCCN)NC(=O)[C@H](Cc2cnc[nH]2)NC(=O)[C@H]([C@@H](C)O)NC(=O)[C@H](CCCNC(=N)N)NC(=O)[C@H](CO)NC3=O)NC(=O)[C@H](CCCCN)NC(=O)[C@H](CC(=O)O)NC(=O)[C@H](CC(N)=O)NC(=O)[C@H](CC(=O)O)NC(=O)[C@@H]2CCCN2C1=O,'>',IC50,5000.0,Inhibition of human Nav1.5 expressed in HEK293 cells assessed as inward peak current by ion-works quattro patch clamp electrophysiology method,J Med Chem,2016,
CHEMBL3799645,,CC[C@H](C)[C@@H]1NC(=O)[C@@H]2CSSC[C@@H]3NC(=O)[C@H](C(C)C)NC(=O)[C@H](CC(C)C)NC(=O)[C@H](CC(N)=O)NC(=O)[C@@H]4CCCN4C(=O)[C@H](CCCNC(N)=O)NC(=O)[C@H](CSSC[C@H](NC(=O)[C@@H](N)CC(=O)O)C(=O)N[C@@H](CC(C)C)C(=O)NCC(=O)N[C@@H](Cc4ccccc4)C(=O)N[C@@H](CCSC)C(=O)N[C@@H](CCCNC(=N)N)C(=O)N[C@@H](CCCCN)C(=O)N2)NC(=O)[C@H](CSSC[C@@H](C(=O)N[C@@H](CCCCN)C(=O)N[C@@H](Cc2ccc(O)cc2)C(=O)N[C@H](C(=O)N[C@@H](Cc2ccccc2)C(N)=O)C(C)C)NC(=O)[C@H](Cc2c[nH]c4ccccc24)NC(=O)[C@H](CCCCN)NC(=O)[C@H](Cc2cnc[nH]2)NC(=O)[C@H]([C@@H](C)O)NC(=O)[C@H](CCCNC(=N)N)NC(=O)[C@H](CO)NC3=O)NC(=O)[C@H](CCCCN)NC(=O)[C@H](CC(=O)O)NC(=O)[C@H](CC(N)=O)NC(=O)[C@H](CC(=O)O)NC(=O)[C@@H]2CCCN2C1=O,'>',IC50,5000.0,Inhibition of human Nav1.5 expressed in HEK293 cells assessed as inward peak current by ion-works quattro patch clamp electrophysiology method,J Med Chem,2016,
CHEMBL3416892,,CC[C@H](C)[C@@H]1NC(=O)[C@@H]2CSSC[C@@H]3NC(=O)[C@H](C(C)C)NC(=O)[C@H](CC(C)C)NC(=O)[C@H](CC(N)=O)NC(=O)[C@@H]4CCCN4C(=O)[C@H](CCCNC(=N)N)NC(=O)[C@H](CSSC[C@H](NC(=O)[C@@H](N)CC(=O)O)C(=O)N[C@@H](CC(C)C)C(=O)N[C@@H](C)C(=O)N[C@@H](Cc4ccccc4)C(=O)N[C@@H](CCSC)C(=O)N[C@@H](CCCNC(=N)N)C(=O)N[C@@H](CCCCN)C(=O)N2)NC(=O)[C@H](CSSC[C@@H](C(=O)N[C@@H](CCCCN)C(=O)N[C@@H](Cc2ccc(O)cc2)C(=O)N[C@H](C(=O)N[C@@H](Cc2ccccc2)C(N)=O)C(C)C)NC(=O)[C@H](Cc2c[nH]c4ccccc24)NC(=O)[C@H](CCCCN)NC(=O)[C@H](Cc2cnc[nH]2)NC(=O)[C@H]([C@@H](C)O)NC(=O)[C@H](CCCNC(=N)N)NC(=O)[C@H](CO)NC3=O)NC(=O)[C@H](CCCCN)NC(=O)[C@H](CC(=O)O)NC(=O)[C@H](CC(N)=O)NC(=O)[C@H](CC(=O)O)NC(=O)[C@@H]2CCCN2C1=O,'>',IC50,5000.0,Inhibition of human Nav1.5 expressed in HEK293 cells assessed as inward peak current by ion-works quattro patch clamp electrophysiology method,J Med Chem,2016,
CHEMBL3416893,,CC[C@H](C)[C@@H]1NC(=O)[C@@H]2CSSC[C@@H]3NC(=O)[C@H](C(C)C)NC(=O)[C@H](CC(C)C)NC(=O)[C@H](CC(N)=O)NC(=O)[C@@H]4CCCN4C(=O)[C@H](CCCNC(=N)N)NC(=O)[C@H](CSSC[C@H](NC(=O)[C@@H](N)CC(=O)O)C(=O)N[C@@H](CC(C)C)C(=O)NCC(=O)N[C@@H](C)C(=O)N[C@@H](CCSC)C(=O)N[C@@H](CCCNC(=N)N)C(=O)N[C@@H](CCCCN)C(=O)N2)NC(=O)[C@H](CSSC[C@@H](C(=O)N[C@@H](CCCCN)C(=O)N[C@@H](Cc2ccc(O)cc2)C(=O)N[C@H](C(=O)N[C@@H](Cc2ccccc2)C(N)=O)C(C)C)NC(=O)[C@H](Cc2c[nH]c4ccccc24)NC(=O)[C@H](CCCCN)NC(=O)[C@H](Cc2cnc[nH]2)NC(=O)[C@H]([C@@H](C)O)NC(=O)[C@H](CCCNC(=N)N)NC(=O)[C@H](CO)NC3=O)NC(=O)[C@H](CCCCN)NC(=O)[C@H](CC(=O)O)NC(=O)[C@H](CC(N)=O)NC(=O)[C@H](CC(=O)O)NC(=O)[C@@H]2CCCN2C1=O,'=',IC50,27000.0,Inhibition of human Nav1.5 expressed in HEK293 cells assessed as inward peak current by ion-works quattro patch clamp electrophysiology method,J Med Chem,2016,
CHEMBL3800477,,CC[C@H](C)[C@@H]1NC(=O)[C@@H]2CSSC[C@@H]3NC(=O)[C@H](C(C)C)NC(=O)[C@H](CC(C)C)NC(=O)[C@H](CC(N)=O)NC(=O)[C@@H]4CCCN4C(=O)[C@H](CCCNC(=N)N)NC(=O)[C@H](CSSC[C@H](NC(=O)[C@@H](N)CC(=O)O)C(=O)N[C@@H](CC(C)C)C(=O)NCC(=O)N[C@@H](Cc4ccccc4)C(=O)N[C@@H](CCSC)C(=O)N[C@@H](CCCNC(=N)N)C(=O)N[C@@H](CCCCN)C(=O)N2)NC(=O)[C@H](CSSC[C@@H](C(=O)N[C@@H](CCCCN)C(=O)N[C@@H](Cc2ccc(O)cc2)C(=O)N[C@H](C(=O)N[C@@H](Cc2ccccc2)C(N)=O)C(C)C)NC(=O)[C@H](Cc2cccc4ccccc24)NC(=O)[C@H](CCCCN)NC(=O)[C@H](Cc2cnc[nH]2)NC(=O)[C@H]([C@@H](C)O)NC(=O)[C@H](CCCNC(=N)N)NC(=O)[C@H](CO)NC3=O)NC(=O)[C@H](CCCCN)NC(=O)[C@H](CC(=O)O)NC(=O)[C@H](CC(N)=O)NC(=O)[C@H](CC(=O)O)NC(=O)[C@@H]2CCCN2C1=O,'>',IC50,5000.0,Inhibition of human Nav1.5 expressed in HEK293 cells assessed as inward peak current by ion-works quattro patch clamp electrophysiology method,J Med Chem,2016,
CHEMBL3341980,,COc1cc(-c2cccc(F)c2)c(Cl)cc1-c1ncnc2cc(S(=O)(=O)Nc3ncns3)ccc12,'=',IC50,4750.0,"In Vitro PX Assay: 293 cells stably transfected with Nav 1.5 were recorded in whole cell voltage clamp mode with the PatchXpress automated electrophysiology system according the manufacturer's specifications (Molecular Devices, LLC, Sunnyvale, Calif.). Cells were held at a holding potential of −50 mV to inactivate sodium channels. To elicit sodium currents the voltage was changed to −120 mV to recover a portion of the channels, followed by delivery of test pulses of 20 msec duration to 0 mV, at 0.1 Hz. A single concentration of test compound was applied to cells for a duration of 5 minutes. Peak sodium current was measured at the end of the compound addition period to determine percent inhibition.",,2015,
CHEMBL3687602,,COc1cc(-c2cccc(F)c2)ccc1-c1ncnc2cc(S(=O)(=O)Nc3ccncn3)ccc12,'>',IC50,30000.0,"In Vitro PX Assay: 293 cells stably transfected with Nav 1.5 were recorded in whole cell voltage clamp mode with the PatchXpress automated electrophysiology system according the manufacturer's specifications (Molecular Devices, LLC, Sunnyvale, Calif.). Cells were held at a holding potential of −50 mV to inactivate sodium channels. To elicit sodium currents the voltage was changed to −120 mV to recover a portion of the channels, followed by delivery of test pulses of 20 msec duration to 0 mV, at 0.1 Hz. A single concentration of test compound was applied to cells for a duration of 5 minutes. Peak sodium current was measured at the end of the compound addition period to determine percent inhibition.",,2015,
CHEMBL4129030,,CS(=O)(=O)NC(=O)c1cc(F)c(COc2ccc(Cl)c(Cl)c2)cc1F,'=',IC50,11000.0,Inhibition of human Nav1.5 expressed in HEK293 cells incubated for 3 to 5 mins at -50 mV holding potential by electrophysiology assay,J Med Chem,2016,
CHEMBL3926166,,COc1cc(C(F)(F)F)ccc1N1C(=O)COc2cc(S(=O)(=O)Nc3nccs3)ccc21,'>',IC50,30000.0,Inhibition of human Nav1.5 expressed in HEK293 cells incubated for 3 to 5 mins at -50 mV holding potential by patchXpress electrophysiology assay,J Med Chem,2017,
CHEMBL3947470,,COc1cc(C(F)(F)F)ccc1-n1c(=O)ccc2cc(S(=O)(=O)Nc3nccs3)ccc21,'>',IC50,30000.0,Inhibition of human Nav1.5 expressed in HEK293 cells incubated for 3 to 5 mins at -50 mV holding potential by patchXpress electrophysiology assay,J Med Chem,2017,
CHEMBL3128178,,O=C(Nc1ccc(C[C@@H]2CC[C@H]([C@H](O)c3cccnc3)N2)cc1)[C@@H]1CCc2scnc21,'>',IC50,30000.0,Inhibition of human Nav1.2 channel expressed in Xenopus oocytes by two-intracellular microelectrode voltage clamp method,J Med Chem,2016,
CHEMBL3113263,,CC(C)(C)OC(=O)n1cc(-c2cccc(NC(=O)c3ccc[nH]3)c2)nc1N,'>',IC50,30000.0,Modulation of human Nav1.5 in closed state assessed as inhibition of inward current after 4 mins by whole-cell electrophysiology,Eur J Med Chem,2014,
CHEMBL2325014,PF-05089771,Nc1[nH]ncc1-c1cc(Cl)ccc1Oc1cc(F)c(S(=O)(=O)Nc2cscn2)cc1Cl,'=',IC50,11.0,Inhibition of 50% inactivated human Nav1.5alpha expressed in HEK293 cells measured after 5 to 10 mins post compound washout by PatchXpress automated electrophysiology method,Bioorg Med Chem Lett,2017,
CHEMBL741,LAMOTRIGINE,Nc1nnc(-c2cccc(Cl)c2Cl)c(N)n1,'=',IC50,62000.0,Inhibition of human recombinant Nav1.5 channel expressed in HEK293 cells by whole cell voltage clamp technique,Bioorg Med Chem,2008,
CHEMBL3617063,,Nc1nc2cc(-c3cc(Cl)ccc3Oc3cc(F)c(S(=O)(=O)Nc4ncns4)cc3F)ccc2[nH]1,'>',IC50,10000.0,Inhibition of human NaV1.5 channel expressed in HEK293 cells by patch clamp electrophysiology assay,J Med Chem,2015,
CHEMBL2164389,,O=C(NCc1ccc(OC(F)(F)F)cc1)C1c2ccccc2C(=O)N1CCc1ccccn1,'=',IC50,730.0,Inhibition of human NaV1.5 alpha subunit expressed in CHOK1 cells at -90 mV holding potential by patch clamp electrophysiological assay,J Med Chem,2012,
CHEMBL2164389,,O=C(NCc1ccc(OC(F)(F)F)cc1)C1c2ccccc2C(=O)N1CCc1ccccn1,'=',IC50,1200.0,Inhibition of human NaV1.5 alpha subunit expressed in CHOK1 cells at -90 mV holding potential by patch clamp electrophysiological assay,J Med Chem,2012,
CHEMBL3906169,,N#Cc1cc(C(F)(F)F)ccc1N1CCOc2cc(S(=O)(=O)Nc3nccs3)ccc21,'=',IC50,1150.0,"In Vitro Assay: HEK 293 cells stably transfected with either Nav 1.7 or with Nav 1.5 were recorded in population patch-clamp mode with the IonWorks® Quattro automated electrophysiology system in accordance with the manufacturer's specifications (Molecular Devices, LLC, Sunnyvale, Calif.). Sodium channel currents were measured in response to a train of depolarizations that induced successively greater inactivation. Cells were held at −110 mV for three seconds (Nav 1.7) or half a second (Nav 1.5) from a holding voltage of −15 mV, then put through a series of 26 pulses of 150 msec duration to −20 mV at a frequency of 5 Hz. Cells were then left unclamped for a period of 3 to 8 minutes while a single concentration of test compound was added. Cells were then reclamped and put through the same voltage protocol. Current at the end of the 26th pulse to −20 mV was subtracted from the peak current evoked by the 26th pulse to −20 mV to correct for leak current.",,2016,
CHEMBL3960275,,Cc1cc(Cl)ccc1N1CCOc2cc(S(=O)(=O)Nc3nccs3)ccc21,'>',IC50,10000.0,"In Vitro Assay: HEK 293 cells stably transfected with either Nav 1.7 or with Nav 1.5 were recorded in population patch-clamp mode with the IonWorks® Quattro automated electrophysiology system in accordance with the manufacturer's specifications (Molecular Devices, LLC, Sunnyvale, Calif.). Sodium channel currents were measured in response to a train of depolarizations that induced successively greater inactivation. Cells were held at −110 mV for three seconds (Nav 1.7) or half a second (Nav 1.5) from a holding voltage of −15 mV, then put through a series of 26 pulses of 150 msec duration to −20 mV at a frequency of 5 Hz. Cells were then left unclamped for a period of 3 to 8 minutes while a single concentration of test compound was added. Cells were then reclamped and put through the same voltage protocol. Current at the end of the 26th pulse to −20 mV was subtracted from the peak current evoked by the 26th pulse to −20 mV to correct for leak current.",,2016,
CHEMBL3947470,,COc1cc(C(F)(F)F)ccc1-n1c(=O)ccc2cc(S(=O)(=O)Nc3nccs3)ccc21,'>',IC50,30000.0,Inhibition of human Nav1.5 expressed in HEK293 cells incubated for 3 to 5 mins at -50 mV holding potential by patchXpress electrophysiology assay,J Med Chem,2017,
CHEMBL3416900,,CC[C@H](C)[C@@H]1NC(=O)[C@@H]2CSSC[C@@H]3NC(=O)[C@H](C(C)C)NC(=O)[C@H](CC(C)C)NC(=O)[C@H](CC(N)=O)NC(=O)[C@@H]4CCCN4C(=O)[C@H](CCCNC(=N)N)NC(=O)[C@H](CSSC[C@H](NC(=O)[C@@H](N)CC(=O)O)C(=O)N[C@@H](CC(C)C)C(=O)NCC(=O)N[C@@H](Cc4ccccc4)C(=O)N[C@@H](CCSC)C(=O)N[C@@H](CCCNC(=N)N)C(=O)N[C@@H](CCCCN)C(=O)N2)NC(=O)[C@H](CSSC[C@@H](C(=O)N[C@@H](CCCCN)C(=O)N[C@@H](Cc2ccc(O)cc2)C(=O)N[C@H](C(=O)N[C@@H](Cc2ccccc2)C(N)=O)C(C)C)NC(=O)[C@H](Cc2c[nH]c4ccccc24)NC(=O)[C@H](CCCCN)NC(=O)[C@H](Cc2cnc[nH]2)NC(=O)[C@H]([C@@H](C)O)NC(=O)[C@H](CCCNC(=N)N)NC(=O)[C@H](CO)NC3=O)NC(=O)[C@H](C)NC(=O)[C@H](CC(=O)O)NC(=O)[C@H](CC(N)=O)NC(=O)[C@H](CC(=O)O)NC(=O)[C@@H]2CCCN2C1=O,'>',IC50,5000.0,Inhibition of human Nav1.5 expressed in HEK293 cells assessed as inward peak current by ion-works quattro patch clamp electrophysiology method,J Med Chem,2016,
CHEMBL3416914,,CC[C@H](C)[C@@H]1NC(=O)[C@@H]2CSSC[C@@H]3NC(=O)[C@H](C(C)C)NC(=O)[C@H](CC(C)C)NC(=O)[C@H](CC(N)=O)NC(=O)[C@@H]4CCCN4C(=O)[C@H](CCCNC(=N)N)NC(=O)[C@H](CSSC[C@H](NC(=O)[C@@H](N)CC(=O)O)C(=O)N[C@@H](CC(C)C)C(=O)NCC(=O)N[C@@H](Cc4ccccc4)C(=O)N[C@@H](CCSC)C(=O)N[C@@H](CCCNC(=N)N)C(=O)N[C@@H](CCCCN)C(=O)N2)NC(=O)[C@H](CSSC[C@@H](C(=O)N[C@@H](CCCCN)C(=O)N[C@@H](Cc2ccc(O)cc2)C(=O)N[C@@H](C)C(=O)N[C@@H](Cc2ccccc2)C(N)=O)NC(=O)[C@H](Cc2c[nH]c4ccccc24)NC(=O)[C@H](CCCCN)NC(=O)[C@H](Cc2cnc[nH]2)NC(=O)[C@H]([C@@H](C)O)NC(=O)[C@H](CCCNC(=N)N)NC(=O)[C@H](CO)NC3=O)NC(=O)[C@H](CCCCN)NC(=O)[C@H](CC(=O)O)NC(=O)[C@H](CC(N)=O)NC(=O)[C@H](CC(=O)O)NC(=O)[C@@H]2CCCN2C1=O,'>',IC50,5000.0,Inhibition of human Nav1.5 expressed in HEK293 cells assessed as inward peak current by ion-works quattro patch clamp electrophysiology method,J Med Chem,2016,
CHEMBL3798267,,CC[C@H](C)[C@@H]1NC(=O)[C@@H]2CSSC[C@@H]3NC(=O)[C@H](C(C)C)NC(=O)[C@H](CC(C)C)NC(=O)[C@H](CC(N)=O)NC(=O)[C@@H]4CCCN4C(=O)[C@H](CCCNC(=N)N)NC(=O)[C@H](CSSC[C@H](NC(=O)[C@@H](N)CC(=O)O)C(=O)N[C@@H](CC(C)C)C(=O)NCC(=O)N[C@@H](Cc4ccccc4)C(=O)N[C@@H](CCSC)C(=O)N[C@@H](CCCNC(=N)N)C(=O)N[C@@H](CCCCN)C(=O)N2)NC(=O)[C@H](CSSC[C@@H](C(=O)N[C@@H](CCCCN)C(=O)N[C@@H](Cc2ccc(O)cc2)C(=O)N[C@H](C(=O)N[C@@H](Cc2ccccc2)C(=O)O)C(C)C)NC(=O)[C@H](Cc2c[nH]c4ccccc24)NC(=O)[C@H](CCCCN)NC(=O)[C@H](Cc2c[nH]cn2)NC(=O)[C@H]([C@@H](C)O)NC(=O)[C@H](CCCNC(=N)N)NC(=O)[C@H](CO)NC3=O)NC(=O)[C@H](CCCCN)NC(=O)[C@H](CC(=O)O)NC(=O)[C@H](CC(N)=O)NC(=O)[C@H](CC(=O)O)NC(=O)[C@@H]2CCCN2C1=O,'>',IC50,5000.0,Inhibition of human Nav1.5 expressed in HEK293 cells assessed as inward peak current by ion-works quattro patch clamp electrophysiology method,J Med Chem,2016,
CHEMBL3797725,,CC[C@H](C)[C@@H]1NC(=O)[C@@H]2CSSC[C@@H]3NC(=O)[C@H](C(C)C)NC(=O)[C@H](CC(C)C)NC(=O)[C@H](CC(N)=O)NC(=O)[C@@H]4CCCN4C(=O)[C@H](CCCCN(C)C)NC(=O)[C@H](CSSC[C@H](NC(=O)[C@@H](N)CC(=O)O)C(=O)N[C@@H](CC(C)C)C(=O)NCC(=O)N[C@@H](Cc4ccccc4)C(=O)N[C@@H](CCSC)C(=O)N[C@@H](CCCNC(=N)N)C(=O)N[C@@H](CCCCN)C(=O)N2)NC(=O)[C@H](CSSC[C@@H](C(=O)N[C@@H](CCCCN)C(=O)N[C@@H](Cc2ccc(O)cc2)C(=O)N[C@H](C(=O)N[C@@H](Cc2ccccc2)C(N)=O)C(C)C)NC(=O)[C@H](Cc2c[nH]c4ccccc24)NC(=O)[C@H](CCCCN)NC(=O)[C@H](Cc2cnc[nH]2)NC(=O)[C@H]([C@@H](C)O)NC(=O)[C@H](CCCNC(=N)N)NC(=O)[C@H](CO)NC3=O)NC(=O)[C@H](CCCCN)NC(=O)[C@H](CC(=O)O)NC(=O)[C@H](CC(N)=O)NC(=O)[C@H](CC(=O)O)NC(=O)[C@@H]2CCCN2C1=O,'>',IC50,5000.0,Inhibition of human Nav1.5 expressed in HEK293 cells assessed as inward peak current by ion-works quattro patch clamp electrophysiology method,J Med Chem,2016,
CHEMBL3341981,,O=S(=O)(Nc1ncns1)c1ccc2c(c1)OCCN2c1ccc(C(F)(F)F)cc1Cl,'>',IC50,10000.0,"In Vitro Assay: HEK 293 cells stably transfected with either Nav 1.7 or with Nav 1.5 were recorded in population patch-clamp mode with the IonWorks® Quattro automated electrophysiology system in accordance with the manufacturer's specifications (Molecular Devices, LLC, Sunnyvale, Calif.). Sodium channel currents were measured in response to a train of depolarizations that induced successively greater inactivation. Cells were held at −110 mV for three seconds (Nav 1.7) or half a second (Nav 1.5) from a holding voltage of −15 mV, then put through a series of 26 pulses of 150 msec duration to −20 mV at a frequency of 5 Hz. Cells were then left unclamped for a period of 3 to 8 minutes while a single concentration of test compound was added. Cells were then reclamped and put through the same voltage protocol. Current at the end of the 26th pulse to −20 mV was subtracted from the peak current evoked by the 26th pulse to −20 mV to correct for leak current.",,2016,
CHEMBL1813048,,CC(=O)Nc1cccc(Nc2ncnc(N3CCC(OCc4ccc(OC(F)(F)F)cc4)CC3)n2)c1C,'>',IC50,10000.0,Inhibition of fully inactivated TTX-resistant human sodium channel Nav1.5 expressed in human HEK293 cells at 1 uM by patch-clamp electrophysiological assay,J Med Chem,2011,
CHEMBL250699,,COc1cc(NC(=O)c2ccc(-c3ccc(Cl)cc3)o2)cc(OC)c1,'=',IC50,7440.0,Inhibition of inactivated human Nav1.5 sodium channel,J Med Chem,2007,
CHEMBL4287506,,CC(C)COc1ccc(-c2cn(C)c3cc(C(=O)NS(=O)(=O)C4CC4)c(F)cc23)cn1,'=',IC50,3697.0,Inhibition of Nav1.5 (unknown origin) expressed in HEK293 cells at -40 mV holding potential measured after 600 secs by patch clamp method,ACS Med Chem Lett,2018,
CHEMBL3341985,,CS(=O)(=O)NC(=O)c1cc(Cl)c(OCC23CC4CC(CC(C4)C2)C3)cc1F,'=',IC50,1070.0,Inhibition of Nav1.5 (unknown origin) by PatchXpress method,Bioorg Med Chem Lett,2014,
CHEMBL1079256,,O=C(O)CCC1(c2ccccc2)CCCN(C(=O)Nc2ccc(Cl)cc2)C1,'>',IC50,10000.0,Inhibition of Nav1.5 channel,Bioorg Med Chem Lett,2009,
CHEMBL3617064,,O=C(NS(=O)(=O)N1CCC1)c1cc(C2CC2)c(O[C@H]2C3CC4CC2C[C@](Cl)(C4)C3)cc1F,'=',IC50,22000.0,Inhibition of human NaV1.5 channel expressed in HEK293 cells by patch clamp electrophysiology assay,J Med Chem,2015,
CHEMBL4089301,,O=S(=O)(Nc1nccs1)c1cc(Cl)c(NCC23CC4CC(C2)C(O)C(C4)C3)cc1F,'=',IC50,916.0,Inhibition of human Nav1.5 inactivated state form expressed in HEK293 cells at -60 mV holding potential by by automated patch clamp electrophysiology assay,Bioorg Med Chem,2017,
CHEMBL4061129,,O=S(=O)(Nc1nccs1)c1cc(Cl)c(NCC23CC4CC(CC(O)(C4)C2)C3)cc1F,'=',IC50,260.0,Inhibition of human Nav1.5 inactivated state form expressed in HEK293 cells at -60 mV holding potential by by automated patch clamp electrophysiology assay,Bioorg Med Chem,2017,
CHEMBL4102624,,O=C1CCCC(CNc2cc(F)c(S(=O)(=O)Nc3nccs3)cc2Cl)C1,'=',IC50,52.0,Inhibition of human Nav1.5 inactivated state form expressed in HEK293 cells at -60 mV holding potential by by automated patch clamp electrophysiology assay,Bioorg Med Chem,2017,
CHEMBL4104727,,O=S(=O)(Nc1nccs1)c1cc(Cl)c(NC[C@]23CCO[C@H]2OCC3)cc1F,'=',IC50,18300.0,Inhibition of human Nav1.5 inactivated state form expressed in HEK293 cells at -50 mV holding potential by by automated patch clamp electrophysiology assay,Bioorg Med Chem,2017,
CHEMBL4071736,,O=S(=O)(Nc1nccs1)c1cc(Cl)c(NC[C@]23CCC[C@@]2(O)CCC3)cc1F,'=',IC50,750.0,Inhibition of human Nav1.5 inactivated state form expressed in HEK293 cells at -50 mV holding potential by by automated patch clamp electrophysiology assay,Bioorg Med Chem,2017,
CHEMBL4069801,,O=S(=O)(Nc1nccs1)c1cc(Cl)c(NC2CC3CCC2O3)cc1F,'>',IC50,30000.0,Inhibition of human Nav1.5 inactivated state form expressed in HEK293 cells at -50 mV holding potential by by automated patch clamp electrophysiology assay,Bioorg Med Chem,2017,
CHEMBL4073353,,O=S(=O)(Nc1nccs1)c1cc(Cl)c(NCCCC2CCOC2)cc1F,'=',IC50,800.0,Inhibition of human Nav1.5 inactivated state form expressed in HEK293 cells at -50 mV holding potential by by automated patch clamp electrophysiology assay,Bioorg Med Chem,2017,
CHEMBL4092463,,O=S(=O)(Nc1nccs1)c1cc(Cl)c(NCC2CCCCO2)cc1F,'=',IC50,3900.0,Inhibition of human Nav1.5 inactivated state form expressed in HEK293 cells at -50 mV holding potential by by automated patch clamp electrophysiology assay,Bioorg Med Chem,2017,
CHEMBL4074392,,O=S(=O)(Nc1nccs1)c1cc(Cl)c(NCC2CCCC3(C2)OCCO3)cc1F,'=',IC50,6100.0,Inhibition of human Nav1.5 inactivated state form expressed in HEK293 cells at -50 mV holding potential by by automated patch clamp electrophysiology assay,Bioorg Med Chem,2017,
CHEMBL2409209,,Cn1nccc1-c1cc(C(F)(F)F)ccc1-c1cn(C)c2cc(S(=O)(=O)Nc3ncns3)ccc12,'>',IC50,10000.0,"In Vitro Assay: 293 cells stably transfected with either Nav 1.7 or with Nav 1.5 were recorded in population patch-clamp mode with the IonWorks® Quattro automated electrophysiology system in accordance with the manufacturer's specifications (Molecular Devices, LLC, Sunnyvale, Calif.). Sodium channel currents were measured in response to a train of depolarizations that induced successively greater inactivation.Cells were held at −110 mV for three seconds (Nav 1.7) or half a second (Nav 1.5) from a holding voltage of −15 mV, then put through a series of 26 pulses of 150 msec duration to −20 mV at a frequency of 5 Hz. Cells were then left unclamped for a period of 3 to 8 minutes while a single concentration of test compound was added. Cells were then reclamped and put through the same voltage protocol. Current at the end of the 26th pulse to −20 mV was subtracted from the peak current evoked by the 26th pulse to −20 mV to correct for leak current.",,2015,
CHEMBL2325014,PF-05089771,Nc1[nH]ncc1-c1cc(Cl)ccc1Oc1cc(F)c(S(=O)(=O)Nc2cscn2)cc1Cl,'=',IC50,25000.0,Inhibition of human Nav1.5 expressed in HEK293 cells,Bioorg Med Chem Lett,2017,
CHEMBL698,TETRACAINE,CCCCNc1ccc(C(=O)OCCN(C)C)cc1,'=',IC50,200.0,Inhibition of human Nav1.5 expressed in HEK293 cells at -120 mV holding potential incubated over 5 mins measured at 15 secs interval by Qpatch clamp assay,Bioorg Med Chem Lett,2017,
CHEMBL3341980,,COc1cc(-c2cccc(F)c2)c(Cl)cc1-c1ncnc2cc(S(=O)(=O)Nc3ncns3)ccc12,'=',IC50,4750.0,Inhibition of Nav1.5 (unknown origin) expressed in HEK293 cells by IonWorks patch-clamp method,Bioorg Med Chem Lett,2014,
CHEMBL3919149,,N#Cc1cc(C(F)(F)F)ccc1N1CCOc2c1ccc(S(=O)(=O)Nc1nccs1)c2F,'=',IC50,5730.0,"In Vitro Assay: HEK 293 cells stably transfected with either Nav 1.7 or with Nav 1.5 were recorded in population patch-clamp mode with the IonWorks® Quattro automated electrophysiology system in accordance with the manufacturer's specifications (Molecular Devices, LLC, Sunnyvale, Calif.). Sodium channel currents were measured in response to a train of depolarizations that induced successively greater inactivation. Cells were held at −110 mV for three seconds (Nav 1.7) or half a second (Nav 1.5) from a holding voltage of −15 mV, then put through a series of 26 pulses of 150 msec duration to −20 mV at a frequency of 5 Hz. Cells were then left unclamped for a period of 3 to 8 minutes while a single concentration of test compound was added. Cells were then reclamped and put through the same voltage protocol. Current at the end of the 26th pulse to −20 mV was subtracted from the peak current evoked by the 26th pulse to −20 mV to correct for leak current.",,2016,
CHEMBL3926166,,COc1cc(C(F)(F)F)ccc1N1C(=O)COc2cc(S(=O)(=O)Nc3nccs3)ccc21,'>',IC50,10000.0,"In Vitro Assay: HEK 293 cells stably transfected with either Nav 1.7 or with Nav 1.5 were recorded in population patch-clamp mode with the IonWorks® Quattro automated electrophysiology system in accordance with the manufacturer's specifications (Molecular Devices, LLC, Sunnyvale, Calif.). Sodium channel currents were measured in response to a train of depolarizations that induced successively greater inactivation. Cells were held at −110 mV for three seconds (Nav 1.7) or half a second (Nav 1.5) from a holding voltage of −15 mV, then put through a series of 26 pulses of 150 msec duration to −20 mV at a frequency of 5 Hz. Cells were then left unclamped for a period of 3 to 8 minutes while a single concentration of test compound was added. Cells were then reclamped and put through the same voltage protocol. Current at the end of the 26th pulse to −20 mV was subtracted from the peak current evoked by the 26th pulse to −20 mV to correct for leak current.",,2016,
CHEMBL3322777,,COc1ccc2c(c1)NC1(CCN(C(=O)c3ccc(OC)c(N(C)C)c3)CC1)c1cccn1-2,'=',IC50,572.0,Inhibition of human Nav1.5 expressed in HEK293 cells after 60 mins by FLIPR assay,Bioorg Med Chem Lett,2014,
CHEMBL3687608,,COc1cc(-c2cccc(F)c2)c(Cl)cc1-c1nccc2cc(S(=O)(=O)Nc3ccon3)ccc12,'>',IC50,30000.0,"In Vitro PX Assay: 293 cells stably transfected with Nav 1.5 were recorded in whole cell voltage clamp mode with the PatchXpress automated electrophysiology system according the manufacturer's specifications (Molecular Devices, LLC, Sunnyvale, Calif.). Cells were held at a holding potential of −50 mV to inactivate sodium channels. To elicit sodium currents the voltage was changed to −120 mV to recover a portion of the channels, followed by delivery of test pulses of 20 msec duration to 0 mV, at 0.1 Hz. A single concentration of test compound was applied to cells for a duration of 5 minutes. Peak sodium current was measured at the end of the compound addition period to determine percent inhibition.",,2015,
CHEMBL3687538,,COc1cc(C(F)(F)F)ccc1-c1ncnc2cc(S(=O)(=O)Nc3nccs3)ccc12,'>',IC50,30000.0,"In Vitro PX Assay: 293 cells stably transfected with Nav 1.5 were recorded in whole cell voltage clamp mode with the PatchXpress automated electrophysiology system according the manufacturer's specifications (Molecular Devices, LLC, Sunnyvale, Calif.). Cells were held at a holding potential of −50 mV to inactivate sodium channels. To elicit sodium currents the voltage was changed to −120 mV to recover a portion of the channels, followed by delivery of test pulses of 20 msec duration to 0 mV, at 0.1 Hz. A single concentration of test compound was applied to cells for a duration of 5 minutes. Peak sodium current was measured at the end of the compound addition period to determine percent inhibition.",,2015,
CHEMBL2386850,,Cc1cc(Oc2cncnc2)cc(C(=O)Nc2ccc(F)cn2)n1,'>',IC50,100000.0,Inhibition of human Nav1.5 at tonic phase expressed in CHO cells by automated patch clamp assay,J Med Chem,2017,
CHEMBL3325536,,CN1CC[C@@H](c2ccc(Cl)cc2)[C@H](COc2cc(F)c(S(=O)(=O)Nc3ncns3)cc2F)C1,'>',IC50,10000.0,Inhibition of human Nav1.5 expressed in HEK cells assessed as reduction in sodium current at -60 mV holding potential by PatchXpress platform based whole cell patch clamp electrophysiological assay,Bioorg Med Chem Lett,2014,
CHEMBL2069427,,COc1cnc(-c2cccc3c2C[C@H](NC(=O)c2ccc(COCC(F)(F)F)nc2)CO3)cn1,'=',IC50,13000.0,Inhibition of human voltage-gated Na channel 1.5 by cell based patch clamp technique,J Med Chem,2013,
CHEMBL2011947,,Nc1ncnc(Nc2ccc(Oc3ccc(Cl)cc3)cc2)n1,'>',IC50,10000.0,Antagonist activity at human non-inactivated NaV 1.5 channel expressed in HEK293 cells by manual whole cell patch clamp assay,Bioorg Med Chem Lett,2012,
CHEMBL2010816,,Nc1cncc(Nc2ccc(Oc3ccc(OC(F)(F)F)cc3)cc2)n1,'=',IC50,10000.0,Antagonist activity at human non-inactivated NaV 1.5 channel expressed in HEK293 cells by manual whole cell patch clamp assay,Bioorg Med Chem Lett,2012,
CHEMBL1915364,,Cl.O=C(CCc1ccccc1)c1cc(F)ccc1OCC(O)CN1CCN(C(c2ccccc2)c2ccccc2)CC1,'>',IC50,5000.0,Inhibition of human cloned Nav1.5 channel expressed in chinese hamster CHO cells assessed as phasic inhibition after 5 mins by patch clamp assay,J Med Chem,2011,
CHEMBL3930997,,COc1ccccc1N1CCOc2cc(S(=O)(=O)Nc3nccs3)ccc21,'>',IC50,30000.0,Inhibition of human NaV1.5 expressed in HEK295 cells at holding potential of -125 mV with test potentials to -10 mV by whole cell voltage clamp method,Bioorg Med Chem Lett,2017,
CHEMBL3617053,,O=C(Nc1ccc(S(=O)(=O)Nc2nccs2)cc1)C(c1ccccc1)c1ccccc1,'>',IC50,10000.0,Inhibition of human NaV1.5 channel expressed in HEK293 cells by patch clamp electrophysiology assay,J Med Chem,2015,
CHEMBL2324000,,Cn1nccc1-c1ccccc1Oc1ccc(S(=O)(=O)Nc2nccs2)cc1C#N,'>',IC50,10000.0,Inhibition of human Nav1.5,Bioorg Med Chem Lett,2014,
CHEMBL3341985,,CS(=O)(=O)NC(=O)c1cc(Cl)c(OCC23CC4CC(CC(C4)C2)C3)cc1F,'=',IC50,1900.0,"Electrophysiological Assay: Patch voltage clamp electrophysiology allows for the direct measurement and quantification of block of voltage-gated sodium channels (NaV's), and allows the determination of the time- and voltage-dependence of block which has been interpreted as differential binding to the resting, open, and inactivated states of the sodium channel (Hille, B., Journal of General Physiology (1977), 69: 497-515).The following patch voltage clamp electrophysiology studies were performed on representative compounds of the invention using human embryonic kidney cells (HEK), permanently transfected with an expression vector containing the full-length cDNA coding for the desired human sodium channel alpha -subunit, grown in culture media containing 10% FBS, 1% PSG, and 0.5 mg/mL G418 at 37 C. with 5% CO2. HEK cells used for the electrophysiology (EP) recordings had a passage number of less than 40 for all studies and were used within three days from the time of plating.",,2015,
CHEMBL3657943,,O=C(NS(=O)(=O)N1CC(F)(F)C1)c1cc(C2CC2)c(OCC23CC4CC(CC(C4)C2)C3)cc1F,'=',IC50,326.0,"Electrophysiological Assay: Patch voltage clamp electrophysiology allows for the direct measurement and quantification of block of voltage-gated sodium channels (NaV's), and allows the determination of the time- and voltage-dependence of block which has been interpreted as differential binding to the resting, open, and inactivated states of the sodium channel (Hille, B., Journal of General Physiology (1977), 69: 497-515).The following patch voltage clamp electrophysiology studies were performed on representative compounds of the invention using human embryonic kidney cells (HEK), permanently transfected with an expression vector containing the full-length cDNA coding for the desired human sodium channel alpha -subunit, grown in culture media containing 10% FBS, 1% PSG, and 0.5 mg/mL G418 at 37 C. with 5% CO2. HEK cells used for the electrophysiology (EP) recordings had a passage number of less than 40 for all studies and were used within three days from the time of plating.",,2015,
CHEMBL3236343,,O=C(NCc1noc(-c2nn(CCn3ccnc3)c3ccccc23)n1)c1ccccc1,'=',IC50,19000.0,Inhibition of human Nav1.5 assessed as inactivated-state block by patch-clamp electrophysiology/cell based assay,J Med Chem,2014,
CHEMBL2018453,,Cc1ccc(O)c(C)c1OCC(C)N,'=',IC50,174000.0,Blockade of human full-length NaV1.5 expressed in HEK293 cells co-transfected with pCD8-IRES-hbeta1 assessed as 0.1 Hz of half-maximal tonic-induced channel current at -120 mV holding potential after 36 to 72 hrs by patch clamp assay,J Med Chem,2012,Outside typical range
CHEMBL2164367,,CC1(C(=O)NCc2ccc(OC(F)(F)F)cc2)c2ccccc2C(=O)N1CCc1ccccn1,'>',IC50,31000.0,Inhibition of human NaV1.5 alpha subunit expressed in CHOK1 cells at -90 mV holding potential by patch clamp electrophysiological assay,J Med Chem,2012,
CHEMBL2164373,,O=C(NCc1ccc(OC(F)(F)F)cc1)C1c2ccccc2C(=O)N1C1CCC(F)(F)CC1,'=',IC50,14000.0,Inhibition of human NaV1.5 alpha subunit expressed in CHOK1 cells at -90 mV holding potential by patch clamp electrophysiological assay,J Med Chem,2012,
CHEMBL3687606,,COc1cc(-c2cccc(F)c2)c(Cl)cc1-c1nccc2cc(S(=O)(=O)Nc3ccncn3)ccc12,'=',IC50,20300.0,"In Vitro PX Assay: 293 cells stably transfected with Nav 1.5 were recorded in whole cell voltage clamp mode with the PatchXpress automated electrophysiology system according the manufacturer's specifications (Molecular Devices, LLC, Sunnyvale, Calif.). Cells were held at a holding potential of −50 mV to inactivate sodium channels. To elicit sodium currents the voltage was changed to −120 mV to recover a portion of the channels, followed by delivery of test pulses of 20 msec duration to 0 mV, at 0.1 Hz. A single concentration of test compound was applied to cells for a duration of 5 minutes. Peak sodium current was measured at the end of the compound addition period to determine percent inhibition.",,2015,
CHEMBL4071860,,O=S(=O)(Nc1nccs1)c1cc(Cl)c(NC[C@@]23CCCO[C@@H]2OCC3)cc1F,'=',IC50,614.0,Inhibition of human Nav1.5 inactivated state form expressed in HEK293 cells at -60 mV holding potential by by automated patch clamp electrophysiology assay,Bioorg Med Chem,2017,
CHEMBL4071736,,O=S(=O)(Nc1nccs1)c1cc(Cl)c(NC[C@]23CCC[C@@]2(O)CCC3)cc1F,'=',IC50,169.0,Inhibition of human Nav1.5 inactivated state form expressed in HEK293 cells at -60 mV holding potential by by automated patch clamp electrophysiology assay,Bioorg Med Chem,2017,
CHEMBL4099769,,O=S(=O)(Nc1nccs1)c1cc(Cl)c(NC2CCCOC2)cc1F,'=',IC50,796.0,Inhibition of human Nav1.5 inactivated state form expressed in HEK293 cells at -60 mV holding potential by by automated patch clamp electrophysiology assay,Bioorg Med Chem,2017,
CHEMBL4084685,,O=S(=O)(Nc1nccs1)c1cc(Cl)c(NC[C@H]2CCC[C@H](O)C2)cc1F,'=',IC50,281.0,Inhibition of human Nav1.5 inactivated state form expressed in HEK293 cells at -60 mV holding potential by by automated patch clamp electrophysiology assay,Bioorg Med Chem,2017,
CHEMBL4094879,,O=S(=O)(Nc1nccs1)c1cc(Cl)c(NC[C@H]2CCC[C@@H](O)C2)cc1F,'=',IC50,151.0,Inhibition of human Nav1.5 inactivated state form expressed in HEK293 cells at -60 mV holding potential by by automated patch clamp electrophysiology assay,Bioorg Med Chem,2017,
CHEMBL4092435,,O=S(=O)(Nc1nccs1)c1cc(Cl)c(NC[C@H]2CC[C@H](O)CC2)cc1F,'=',IC50,156.0,Inhibition of human Nav1.5 inactivated state form expressed in HEK293 cells at -60 mV holding potential by by automated patch clamp electrophysiology assay,Bioorg Med Chem,2017,
CHEMBL4101414,,O=S(=O)(Nc1nccs1)c1cc(Cl)c(NCC2CCOC2)cc1F,'=',IC50,3200.0,Inhibition of human Nav1.5 inactivated state form expressed in HEK293 cells at -50 mV holding potential by by automated patch clamp electrophysiology assay,Bioorg Med Chem,2017,
CHEMBL4072883,,O=S(=O)(Nc1nccs1)c1cc(Cl)c(NC[C@H]2CCCOC2)cc1F,'=',IC50,6400.0,Inhibition of human Nav1.5 inactivated state form expressed in HEK293 cells at -50 mV holding potential by by automated patch clamp electrophysiology assay,Bioorg Med Chem,2017,
CHEMBL4092025,,O=S(=O)(Nc1nccs1)c1cc(Cl)c(NC[C@@H]2CCCOC2)cc1F,'=',IC50,5000.0,Inhibition of human Nav1.5 inactivated state form expressed in HEK293 cells at -50 mV holding potential by by automated patch clamp electrophysiology assay,Bioorg Med Chem,2017,
CHEMBL4094490,,O=S(=O)(Nc1nccs1)c1cc(Cl)c(NCCC2CCCOC2)cc1F,'=',IC50,2000.0,Inhibition of human Nav1.5 inactivated state form expressed in HEK293 cells at -50 mV holding potential by by automated patch clamp electrophysiology assay,Bioorg Med Chem,2017,
CHEMBL4065325,,CC1(CNc2cc(F)c(S(=O)(=O)Nc3nccs3)cc2Cl)COC1,'=',IC50,14800.0,Inhibition of human Nav1.5 inactivated state form expressed in HEK293 cells at -50 mV holding potential by by automated patch clamp electrophysiology assay,Bioorg Med Chem,2017,
CHEMBL4100176,,CON=C1CCC(CNc2cc(F)c(S(=O)(=O)Nc3nccs3)cc2Cl)CC1,'=',IC50,3600.0,Inhibition of human Nav1.5 inactivated state form expressed in HEK293 cells at -50 mV holding potential by by automated patch clamp electrophysiology assay,Bioorg Med Chem,2017,
CHEMBL4068484,,O=S(=O)(Nc1nccs1)c1cc(Cl)c(NC[C@H]2CC[C@@H](O)CC2)cc1F,'=',IC50,730.0,Inhibition of human Nav1.5 inactivated state form expressed in HEK293 cells at -50 mV holding potential by by automated patch clamp electrophysiology assay,Bioorg Med Chem,2017,
CHEMBL4095822,,O=S(=O)(Nc1nccs1)c1cc(Cl)c(NCC2CCC3(CC2)OCCO3)cc1F,'=',IC50,3200.0,Inhibition of human Nav1.5 inactivated state form expressed in HEK293 cells at -50 mV holding potential by by automated patch clamp electrophysiology assay,Bioorg Med Chem,2017,
CHEMBL4849813,,O=S(=O)(Nc1cccc(F)n1)c1cc(F)c(OC2CCN(CC(F)(F)F)CC2c2ccc(F)c(F)c2)cc1F,'=',IC50,240.0,Inhibition of human Nav1.5 by automated voltage clamp electrophysiology,Bioorg Med Chem Lett,2021,
CHEMBL4854735,,O=S(=O)(Nc1cccc(F)n1)c1cc(F)c(O[C@H]2CCN(CC(F)(F)F)C[C@@H]2c2ccc(F)c(F)c2)c(F)c1,'=',IC50,65.0,Inhibition of human Nav1.5 by automated voltage clamp electrophysiology,Bioorg Med Chem Lett,2021,
CHEMBL3682841,,COc1cc(C(F)(F)F)ccc1-c1cnnc2cc(S(=O)(=O)Nc3nccs3)ccc12,'>',IC50,30000.0,"In Vitro PX Assay: 293 cells stably transfected with Nav 1.5 were recorded in whole cell voltage clamp mode with the PatchXpress automated electrophysiology system according the manufacturer's specifications (Molecular Devices, LLC, Sunnyvale, Calif.). Cells were held at a holding potential of −50 mV to inactivate sodium channels. To elicit sodium currents the voltage was changed to −120 mV to recover a portion of the channels, followed by delivery of test pulses of 20 msec duration to 0 mV, at 0.1 Hz. A single concentration of test compound was applied to cells for a duration of 5 minutes. Peak sodium current was measured at the end of the compound addition period to determine percent inhibition.",,2015,
CHEMBL1914835,,Cl.O=C(CCc1ccccc1)c1ccccc1OCC(O)CN1CCC(c2ccccc2)CC1,'>',IC50,5000.0,Inhibition of human cloned Nav1.5 channel expressed in chinese hamster CHO cells assessed as phasic inhibition after 5 mins by patch clamp assay,J Med Chem,2011,
CHEMBL3947470,,COc1cc(C(F)(F)F)ccc1-n1c(=O)ccc2cc(S(=O)(=O)Nc3nccs3)ccc21,'>',IC50,30000.0,"Nav1.5 In Vitro PX Assay: 293 cells stably transfected with Nav 1.5 were recorded in whole cell voltage clamp mode with the PatchXpress automated electrophysiology system according the manufacturer's specifications (Molecular Devices, LLC, Sunnyvale, Calif.). Cells were held at a holding potential of -50 mV to inactivate sodium channels. To elicit sodium currents the voltage was changed -120 mV to recover a portion of the channels, followed by delivery of test pulses of 20 msec duration to 0 mV, at 0.1 Hz. A single concentration of test compound was applied to cells for a duration of 5 minutes.",,2015,
CHEMBL3617064,,O=C(NS(=O)(=O)N1CCC1)c1cc(C2CC2)c(O[C@H]2C3CC4CC2C[C@](Cl)(C4)C3)cc1F,'=',IC50,21600.0,"Electrophysiological Assay: Patch voltage clamp electrophysiology allows for the direct measurement and quantification of block of voltage-gated sodium channels (NaV's), and allows the determination of the time- and voltage-dependence of block which has been interpreted as differential binding to the resting, open, and inactivated states of the sodium channel (Hille, B., Journal of General Physiology (1977), 69: 497-515).The following patch voltage clamp electrophysiology studies were performed on representative compounds of the invention using human embryonic kidney cells (HEK), permanently transfected with an expression vector containing the full-length cDNA coding for the desired human sodium channel alpha -subunit, grown in culture media containing 10% FBS, 1% PSG, and 0.5 mg/mL G418 at 37 C. with 5% CO2. HEK cells used for the electrophysiology (EP) recordings had a passage number of less than 40 for all studies and were used within three days from the time of plating.",,2015,
CHEMBL3657855,,O=C(NS(=O)(=O)N1CCC1)c1cc(C2CC2)c(OCC23CC4CC(CC(C4)C2)C3)cc1F,'=',IC50,51.5,"Electrophysiological Assay: Patch voltage clamp electrophysiology allows for the direct measurement and quantification of block of voltage-gated sodium channels (NaV's), and allows the determination of the time- and voltage-dependence of block which has been interpreted as differential binding to the resting, open, and inactivated states of the sodium channel (Hille, B., Journal of General Physiology (1977), 69: 497-515).The following patch voltage clamp electrophysiology studies were performed on representative compounds of the invention using human embryonic kidney cells (HEK), permanently transfected with an expression vector containing the full-length cDNA coding for the desired human sodium channel alpha -subunit, grown in culture media containing 10% FBS, 1% PSG, and 0.5 mg/mL G418 at 37 C. with 5% CO2. HEK cells used for the electrophysiology (EP) recordings had a passage number of less than 40 for all studies and were used within three days from the time of plating.",,2015,
CHEMBL4205556,,O=S(=O)(Nc1ncns1)c1cc(F)c(OC2OCCNC2c2cccc3nccnc23)cc1F,'>',IC50,30000.0,Antagonist activity at recombinant human Nav1.5 expressed in HEK293 cells assessed as reduction in channel current at -50 mV holding potential after 600 secs by barracuda automated electrophysiology method,Bioorg Med Chem Lett,2018,
CHEMBL1963307,,O=C(CCc1ccccc1)c1cc(F)ccc1OCC(O)CN1CCN(C(c2ccccc2)c2ccccc2)CC1,'>',IC50,5000.0,Inhibition of Nav1.5 assessed as phasic inhibition by patch clamp assay,J Med Chem,2012,
CHEMBL3416892,,CC[C@H](C)[C@@H]1NC(=O)[C@@H]2CSSC[C@@H]3NC(=O)[C@H](C(C)C)NC(=O)[C@H](CC(C)C)NC(=O)[C@H](CC(N)=O)NC(=O)[C@@H]4CCCN4C(=O)[C@H](CCCNC(=N)N)NC(=O)[C@H](CSSC[C@H](NC(=O)[C@@H](N)CC(=O)O)C(=O)N[C@@H](CC(C)C)C(=O)N[C@@H](C)C(=O)N[C@@H](Cc4ccccc4)C(=O)N[C@@H](CCSC)C(=O)N[C@@H](CCCNC(=N)N)C(=O)N[C@@H](CCCCN)C(=O)N2)NC(=O)[C@H](CSSC[C@@H](C(=O)N[C@@H](CCCCN)C(=O)N[C@@H](Cc2ccc(O)cc2)C(=O)N[C@H](C(=O)N[C@@H](Cc2ccccc2)C(N)=O)C(C)C)NC(=O)[C@H](Cc2c[nH]c4ccccc24)NC(=O)[C@H](CCCCN)NC(=O)[C@H](Cc2cnc[nH]2)NC(=O)[C@H]([C@@H](C)O)NC(=O)[C@H](CCCNC(=N)N)NC(=O)[C@H](CO)NC3=O)NC(=O)[C@H](CCCCN)NC(=O)[C@H](CC(=O)O)NC(=O)[C@H](CC(N)=O)NC(=O)[C@H](CC(=O)O)NC(=O)[C@@H]2CCCN2C1=O,'>',IC50,10000.0,Inhibition of human Nav1.5 expressed in HEK293 cells by whole cell patch clamp electrophysiology method,J Med Chem,2016,
CHEMBL3800494,,CC[C@H](C)[C@@H]1NC(=O)[C@@H]2CSSC[C@@H]3NC(=O)[C@H](C(C)C)NC(=O)[C@H](CC(C)C)NC(=O)[C@H](CC(N)=O)NC(=O)[C@H](CCCCN)NC(=O)[C@H](CCCNC(=N)N)NC(=O)[C@H](CSSC[C@H](NC(=O)[C@@H](N)CC(=O)O)C(=O)N[C@@H](CC(C)C)C(=O)NCC(=O)N[C@@H](Cc4ccccc4)C(=O)N[C@@H](CCSC)C(=O)N[C@@H](CCCNC(=N)N)C(=O)N[C@@H](CCCCN)C(=O)N2)NC(=O)[C@H](CSSC[C@@H](C(=O)N[C@@H](CCCCN)C(=O)N[C@@H](Cc2ccc(O)cc2)C(=O)N[C@H](C(=O)N[C@@H](Cc2ccccc2)C(N)=O)C(C)C)NC(=O)[C@H](Cc2c[nH]c4ccccc24)NC(=O)[C@H](CCCCN)NC(=O)[C@H](Cc2cnc[nH]2)NC(=O)[C@H]([C@@H](C)O)NC(=O)[C@H](CCCNC(=N)N)NC(=O)[C@H](CO)NC3=O)NC(=O)[C@H](CCCCN)NC(=O)[C@H](CC(=O)O)NC(=O)[C@H](CC(N)=O)NC(=O)[C@H](CC(=O)O)NC(=O)[C@@H]2CCCN2C1=O,'>',IC50,10000.0,Inhibition of human Nav1.5 expressed in HEK293 cells by whole cell patch clamp electrophysiology method,J Med Chem,2016,
CHEMBL631,PROPAFENONE,CCCNCC(O)COc1ccccc1C(=O)CCc1ccccc1,'=',IC50,1190.0,Inhibition of sodium current measured using whole-cell patch clamp experiments in HEK-293 cells stably transfected with hNaV1.5 cDNA,Cardiovasc Res,2011,
CHEMBL3416899,,CC[C@H](C)[C@@H]1NC(=O)[C@@H]2CSSC[C@@H]3NC(=O)[C@H](C(C)C)NC(=O)[C@H](CC(C)C)NC(=O)[C@H](CC(N)=O)NC(=O)[C@@H]4CCCN4C(=O)[C@H](CCCNC(=N)N)NC(=O)[C@H](CSSC[C@H](NC(=O)[C@@H](N)CC(=O)O)C(=O)N[C@@H](CC(C)C)C(=O)NCC(=O)N[C@@H](Cc4ccccc4)C(=O)N[C@@H](CCSC)C(=O)N[C@@H](CCCNC(=N)N)C(=O)N[C@@H](CCCCN)C(=O)N2)NC(=O)[C@H](CSSC[C@@H](C(=O)N[C@@H](CCCCN)C(=O)N[C@@H](Cc2ccc(O)cc2)C(=O)N[C@H](C(=O)N[C@@H](Cc2ccccc2)C(N)=O)C(C)C)NC(=O)[C@H](Cc2c[nH]c4ccccc24)NC(=O)[C@H](CCCCN)NC(=O)[C@H](Cc2cnc[nH]2)NC(=O)[C@H]([C@@H](C)O)NC(=O)[C@H](CCCNC(=N)N)NC(=O)[C@H](CO)NC3=O)NC(=O)[C@H](CCCCN)NC(=O)[C@H](CC(=O)O)NC(=O)[C@H](C)NC(=O)[C@H](CC(=O)O)NC(=O)[C@@H]2CCCN2C1=O,'>',IC50,5000.0,Inhibition of human NaV1.5 at -140 mV holding potential by whole-cell patch clamp assay,J Med Chem,2015,
CHEMBL3113250,,CC(C)(C)OC(=O)n1cc(-c2cccc(NC(=O)c3cc4ccccc4[nH]3)c2)nc1N,'>',IC50,30000.0,Modulation of human Nav1.5 in closed state assessed as inhibition of inward current after 4 mins by whole-cell electrophysiology,Eur J Med Chem,2014,
CHEMBL3113255,,Cl.Nc1nc(-c2cccc(NC(=O)c3c[nH]c4ccccc34)c2)c[nH]1,'>',IC50,30000.0,Modulation of human Nav1.5 in closed state assessed as inhibition of inward current after 4 mins by whole-cell electrophysiology,Eur J Med Chem,2014,
CHEMBL3113253,,Cl.Nc1nc(-c2ccc(NC(=O)c3cc4ccccc4[nH]3)cc2)c[nH]1,'>',IC50,30000.0,Modulation of human Nav1.5 in open-inactivated state assessed as inhibition of inward current after 4 mins by whole-cell electrophysiology,Eur J Med Chem,2014,
CHEMBL3113256,,CC(C)(C)OC(=O)n1cc(-c2cccc(NC(=O)[C@H]3CCCN3)c2)nc1N,'>',IC50,30000.0,Modulation of human Nav1.5 in closed state assessed as inhibition of inward current after 4 mins by whole-cell electrophysiology,Eur J Med Chem,2014,
CHEMBL3325524,,O=S(=O)(Nc1ncns1)c1cc(F)c(OC[C@@H]2CNCC[C@H]2c2ccc(Cl)cc2)cc1F,'>',IC50,10000.0,Inhibition of human Nav1.5 expressed in HEK cells assessed as reduction in sodium current at -60 mV holding potential by PatchXpress platform based whole cell patch clamp electrophysiological assay,Bioorg Med Chem Lett,2014,
CHEMBL3416896,,CSCC[C@@H]1NC(=O)[C@H](Cc2ccccc2)NC(=O)CNC(=O)[C@H](CC(C)C)NC(=O)[C@@H](NC(=O)[C@@H](N)CC(=O)O)CSSC[C@@H]2NC(=O)[C@@H]3CSSC[C@@H](C(=O)N[C@@H](CCCCN)C(=O)N[C@@H](Cc4ccc(O)cc4)C(=O)N[C@H](C(=O)N[C@@H](Cc4ccccc4)C(N)=O)C(C)C)NC(=O)[C@H](Cc4c[nH]c5ccccc45)NC(=O)[C@H](CCCCN)NC(=O)[C@H](Cc4cnc[nH]4)NC(=O)[C@H]([C@@H](C)O)NC(=O)[C@H](CCCNC(=N)N)NC(=O)[C@H](CO)NC(=O)[C@H](CSSC[C@H](NC(=O)[C@H](CCCCN)NC(=O)[C@H](CCCNC(=N)N)NC1=O)C(=O)N[C@@H](C)C(=O)N1CCC[C@H]1C(=O)N[C@@H](CC(=O)O)C(=O)N[C@@H](CC(N)=O)C(=O)N[C@@H](CC(=O)O)C(=O)N[C@@H](CCCCN)C(=O)N3)NC(=O)[C@H](C(C)C)NC(=O)[C@H](CC(C)C)NC(=O)[C@H](CC(N)=O)NC(=O)[C@@H]1CCCN1C(=O)[C@H](CCCNC(=N)N)NC2=O,'>',IC50,5000.0,Inhibition of human Nav1.5 expressed in HEK293 cells assessed as inward peak current by ion-works quattro patch clamp electrophysiology method,J Med Chem,2016,
CHEMBL3416899,,CC[C@H](C)[C@@H]1NC(=O)[C@@H]2CSSC[C@@H]3NC(=O)[C@H](C(C)C)NC(=O)[C@H](CC(C)C)NC(=O)[C@H](CC(N)=O)NC(=O)[C@@H]4CCCN4C(=O)[C@H](CCCNC(=N)N)NC(=O)[C@H](CSSC[C@H](NC(=O)[C@@H](N)CC(=O)O)C(=O)N[C@@H](CC(C)C)C(=O)NCC(=O)N[C@@H](Cc4ccccc4)C(=O)N[C@@H](CCSC)C(=O)N[C@@H](CCCNC(=N)N)C(=O)N[C@@H](CCCCN)C(=O)N2)NC(=O)[C@H](CSSC[C@@H](C(=O)N[C@@H](CCCCN)C(=O)N[C@@H](Cc2ccc(O)cc2)C(=O)N[C@H](C(=O)N[C@@H](Cc2ccccc2)C(N)=O)C(C)C)NC(=O)[C@H](Cc2c[nH]c4ccccc24)NC(=O)[C@H](CCCCN)NC(=O)[C@H](Cc2cnc[nH]2)NC(=O)[C@H]([C@@H](C)O)NC(=O)[C@H](CCCNC(=N)N)NC(=O)[C@H](CO)NC3=O)NC(=O)[C@H](CCCCN)NC(=O)[C@H](CC(=O)O)NC(=O)[C@H](C)NC(=O)[C@H](CC(=O)O)NC(=O)[C@@H]2CCCN2C1=O,'>',IC50,5000.0,Inhibition of human Nav1.5 expressed in HEK293 cells assessed as inward peak current by ion-works quattro patch clamp electrophysiology method,J Med Chem,2016,
CHEMBL3416913,,CC[C@H](C)[C@@H]1NC(=O)[C@@H]2CSSC[C@@H]3NC(=O)[C@H](C(C)C)NC(=O)[C@H](CC(C)C)NC(=O)[C@H](CC(N)=O)NC(=O)[C@@H]4CCCN4C(=O)[C@H](CCCNC(=N)N)NC(=O)[C@H](CSSC[C@H](NC(=O)[C@@H](N)CC(=O)O)C(=O)N[C@@H](CC(C)C)C(=O)NCC(=O)N[C@@H](Cc4ccccc4)C(=O)N[C@@H](CCSC)C(=O)N[C@@H](CCCNC(=N)N)C(=O)N[C@@H](CCCCN)C(=O)N2)NC(=O)[C@H](CSSC[C@@H](C(=O)N[C@@H](CCCCN)C(=O)N[C@@H](C)C(=O)N[C@H](C(=O)N[C@@H](Cc2ccccc2)C(N)=O)C(C)C)NC(=O)[C@H](Cc2c[nH]c4ccccc24)NC(=O)[C@H](CCCCN)NC(=O)[C@H](Cc2cnc[nH]2)NC(=O)[C@H]([C@@H](C)O)NC(=O)[C@H](CCCNC(=N)N)NC(=O)[C@H](CO)NC3=O)NC(=O)[C@H](CCCCN)NC(=O)[C@H](CC(=O)O)NC(=O)[C@H](CC(N)=O)NC(=O)[C@H](CC(=O)O)NC(=O)[C@@H]2CCCN2C1=O,'>',IC50,5000.0,Inhibition of human Nav1.5 expressed in HEK293 cells assessed as inward peak current by ion-works quattro patch clamp electrophysiology method,J Med Chem,2016,
CHEMBL3416915,,CC[C@H](C)[C@@H]1NC(=O)[C@@H]2CSSC[C@@H]3NC(=O)[C@H](C(C)C)NC(=O)[C@H](CC(C)C)NC(=O)[C@H](CC(N)=O)NC(=O)[C@@H]4CCCN4C(=O)[C@H](CCCNC(=N)N)NC(=O)[C@H](CSSC[C@H](NC(=O)[C@@H](N)CC(=O)O)C(=O)N[C@@H](CC(C)C)C(=O)NCC(=O)N[C@@H](Cc4ccccc4)C(=O)N[C@@H](CCSC)C(=O)N[C@@H](CCCNC(=N)N)C(=O)N[C@@H](CCCCN)C(=O)N2)NC(=O)[C@H](CSSC[C@@H](C(=O)N[C@@H](CCCCN)C(=O)N[C@@H](Cc2ccc(O)cc2)C(=O)N[C@H](C(=O)N[C@@H](C)C(N)=O)C(C)C)NC(=O)[C@H](Cc2c[nH]c4ccccc24)NC(=O)[C@H](CCCCN)NC(=O)[C@H](Cc2cnc[nH]2)NC(=O)[C@H]([C@@H](C)O)NC(=O)[C@H](CCCNC(=N)N)NC(=O)[C@H](CO)NC3=O)NC(=O)[C@H](CCCCN)NC(=O)[C@H](CC(=O)O)NC(=O)[C@H](CC(N)=O)NC(=O)[C@H](CC(=O)O)NC(=O)[C@@H]2CCCN2C1=O,'>',IC50,5000.0,Inhibition of human Nav1.5 expressed in HEK293 cells assessed as inward peak current by ion-works quattro patch clamp electrophysiology method,J Med Chem,2016,
CHEMBL3416945,,CC[C@H](C)[C@@H]1NC(=O)[C@@H]2CSSC[C@@H]3NC(=O)[C@H](C(C)C)NC(=O)[C@H](CC(C)C)NC(=O)[C@H](CC(N)=O)NC(=O)[C@@H]4CCCN4C(=O)[C@H](CCCNC(=N)N)NC(=O)[C@H](CSSC[C@H](NC(=O)[C@@H](N)CC(=O)O)C(=O)N[C@@H](CC(C)C)C(=O)NCC(=O)N[C@@H](Cc4ccccc4)C(=O)N[C@@H](CCSC)C(=O)N[C@@H](CCCNC(=N)N)C(=O)N[C@@H](CCCCN)C(=O)N2)NC(=O)[C@H](CSSC[C@@H](C(=O)N[C@@H](CCCCN)C(=O)N[C@@H](Cc2ccc(O)cc2)C(=O)N[C@H](C(=O)N[C@@H](Cc2ccccc2)C(N)=O)C(C)C)NC(=O)[C@H](Cc2c[nH]c4ccccc24)NC(=O)[C@H](CCCCN)NC(=O)[C@H](Cc2cnc[nH]2)NC(=O)[C@H](CCC(=O)O)NC(=O)[C@H](CCCNC(=N)N)NC(=O)[C@H](CO)NC3=O)NC(=O)[C@H](CCCCN)NC(=O)[C@H](CC(=O)O)NC(=O)[C@H](CC(N)=O)NC(=O)[C@H](CC(=O)O)NC(=O)[C@@H]2CCCN2C1=O,'>',IC50,5000.0,Inhibition of human Nav1.5 expressed in HEK293 cells assessed as inward peak current by ion-works quattro patch clamp electrophysiology method,J Med Chem,2016,
CHEMBL3799550,,CC[C@H](C)[C@@H]1NC(=O)[C@@H]2CSSC[C@@H]3NC(=O)[C@H](C(C)C)NC(=O)[C@H](CC(C)C)NC(=O)[C@H](CC(N)=O)NC(=O)[C@@H]4CCCN4C(=O)[C@H](CCCNC(=N)N)NC(=O)[C@H](CSSC[C@H](NC(=O)[C@@H](N)CC(=O)O)C(=O)N[C@@H](CC(C)C)C(=O)N[C@@H](CCCNC(=N)N)C(=O)N[C@@H](Cc4ccccc4)C(=O)N[C@@H](CCSC)C(=O)N[C@@H](CCCNC(=N)N)C(=O)N[C@@H](CCCCN)C(=O)N2)NC(=O)[C@H](CSSC[C@@H](C(=O)N[C@@H](CCCCN)C(=O)N[C@@H](Cc2ccc(O)cc2)C(=O)N[C@H](C(=O)N[C@@H](Cc2ccccc2)C(N)=O)C(C)C)NC(=O)[C@H](Cc2c[nH]c4ccccc24)NC(=O)[C@H](CCCCN)NC(=O)[C@H](Cc2cnc[nH]2)NC(=O)[C@H]([C@@H](C)O)NC(=O)[C@H](CCCNC(=N)N)NC(=O)[C@H](CO)NC3=O)NC(=O)[C@H](CCCCN)NC(=O)[C@H](CC(=O)O)NC(=O)[C@H](CC(N)=O)NC(=O)[C@H](CC(=O)O)NC(=O)[C@@H]2CCCN2C1=O,'>',IC50,5000.0,Inhibition of human Nav1.5 expressed in HEK293 cells assessed as inward peak current by ion-works quattro patch clamp electrophysiology method,J Med Chem,2016,
CHEMBL3799619,,CC[C@H](C)[C@@H]1NC(=O)[C@@H]2CSSC[C@@H]3NC(=O)[C@H](C(C)C)NC(=O)[C@H](CC(C)C)NC(=O)[C@H](CC(N)=O)NC(=O)[C@@H]4CCCN4C(=O)[C@H](Cc4cc5ccccc5[nH]4)NC(=O)[C@H](CSSC[C@H](NC(=O)[C@@H](N)CC(=O)O)C(=O)N[C@@H](CC(C)C)C(=O)NCC(=O)N[C@@H](Cc4ccccc4)C(=O)N[C@@H](CCSC)C(=O)N[C@@H](CCCNC(=N)N)C(=O)N[C@@H](CCCCN)C(=O)N2)NC(=O)[C@H](CSSC[C@@H](C(=O)N[C@@H](CCCCN)C(=O)N[C@@H](Cc2ccc(O)cc2)C(=O)N[C@H](C(=O)N[C@@H](Cc2ccccc2)C(N)=O)C(C)C)NC(=O)[C@H](Cc2c[nH]c4ccccc24)NC(=O)[C@H](CCCCN)NC(=O)[C@H](Cc2cnc[nH]2)NC(=O)[C@H]([C@@H](C)O)NC(=O)[C@H](CCCNC(=N)N)NC(=O)[C@H](CO)NC3=O)NC(=O)[C@H](CCCCN)NC(=O)[C@H](CC(=O)O)NC(=O)[C@H](CC(N)=O)NC(=O)[C@H](CC(=O)O)NC(=O)[C@@H]2CCCN2C1=O,'>',IC50,5000.0,Inhibition of human Nav1.5 expressed in HEK293 cells assessed as inward peak current by ion-works quattro patch clamp electrophysiology method,J Med Chem,2016,
CHEMBL3416937,,CC[C@H](C)[C@@H]1NC(=O)[C@@H]2CSSC[C@@H]3NC(=O)[C@H](C(C)C)NC(=O)[C@H](CC(C)C)NC(=O)[C@H](CC(N)=O)NC(=O)[C@@H]4CCCN4C(=O)[C@H](CCCNC(=N)N)NC(=O)[C@H](CSSC[C@H](NC(=O)[C@@H](N)CC(=O)O)C(=O)N[C@@H](CC(C)C)C(=O)NCC(=O)N[C@@H](Cc4ccccc4)C(=O)N[C@@H](Cc4cccc5ccccc45)C(=O)N[C@@H](CCCNC(=N)N)C(=O)N[C@@H](CCCCN)C(=O)N2)NC(=O)[C@H](CSSC[C@@H](C(=O)N[C@@H](CCCCN)C(=O)N[C@@H](Cc2ccc(O)cc2)C(=O)N[C@H](C(=O)N[C@@H](Cc2ccccc2)C(N)=O)C(C)C)NC(=O)[C@H](Cc2c[nH]c4ccccc24)NC(=O)[C@H](CCCCN)NC(=O)[C@H](Cc2cnc[nH]2)NC(=O)[C@H]([C@@H](C)O)NC(=O)[C@H](CCCNC(=N)N)NC(=O)[C@H](CO)NC3=O)NC(=O)[C@H](CCCCN)NC(=O)[C@H](CC(=O)O)NC(=O)[C@H](CC(N)=O)NC(=O)[C@H](CC(=O)O)NC(=O)[C@@H]2CCCN2C1=O,'=',IC50,2300.0,Inhibition of human Nav1.5 expressed in HEK293 cells assessed as inward peak current by ion-works quattro patch clamp electrophysiology method,J Med Chem,2016,
CHEMBL3798824,,CC[C@H](C)[C@@H]1NC(=O)[C@@H]2CSSC[C@@H]3NC(=O)[C@H](C(C)C)NC(=O)[C@H](CC(C)C)NC(=O)[C@H](CC(N)=O)NC(=O)[C@@H]4CCCN4C(=O)[C@H](CCCNC(=N)N)NC(=O)[C@H](CSSC[C@H](NC(=O)[C@@H](N)CC(=O)O)C(=O)N[C@@H](CC(C)C)C(=O)NCC(=O)N[C@@H](Cc4ccccc4)C(=O)N[C@@H](CCSC)C(=O)N[C@@H](CCCNC(=N)N)C(=O)N[C@@H](CCCCN)C(=O)N2)NC(=O)[C@H](CSSC[C@@H](C(=O)N[C@@H](CCCCN)C(=O)N[C@@H](Cc2cccc4ccccc24)C(=O)N[C@H](C(=O)N[C@@H](Cc2ccccc2)C(N)=O)C(C)C)NC(=O)[C@H](Cc2c[nH]c4ccccc24)NC(=O)[C@H](CCCCN)NC(=O)[C@H](Cc2cnc[nH]2)NC(=O)[C@H]([C@@H](C)O)NC(=O)[C@H](CCCNC(=N)N)NC(=O)[C@H](CO)NC3=O)NC(=O)[C@H](CCCCN)NC(=O)[C@H](CC(=O)O)NC(=O)[C@H](CC(N)=O)NC(=O)[C@H](CC(=O)O)NC(=O)[C@@H]2CCCN2C1=O,'=',IC50,3500.0,Inhibition of human Nav1.5 expressed in HEK293 cells assessed as inward peak current by ion-works quattro patch clamp electrophysiology method,J Med Chem,2016,
CHEMBL3799252,,CC[C@H](C)[C@@H]1NC(=O)[C@@H]2CSSC[C@@H]3NC(=O)[C@H](C(C)C)NC(=O)[C@H](CC(C)C)NC(=O)[C@H](CC(N)=O)NC(=O)[C@@H]4CCCN4C(=O)[C@H](CCCNC(=N)N)NC(=O)[C@H](CSSC[C@H](NC(=O)[C@H](CC(=O)O)NC(C)=O)C(=O)N[C@@H](CC(C)C)C(=O)NCC(=O)N[C@@H](Cc4ccccc4)C(=O)N[C@@H](CCSC)C(=O)N[C@@H](CCCNC(=N)N)C(=O)N[C@@H](CCCCN)C(=O)N2)NC(=O)[C@H](CSSC[C@@H](C(=O)N[C@@H](CCCCN)C(=O)N[C@@H](Cc2ccc(O)cc2)C(=O)N[C@H](C(=O)N[C@@H](Cc2ccccc2)C(N)=O)C(C)C)NC(=O)[C@H](Cc2c[nH]c4ccccc24)NC(=O)[C@H](CCCCN)NC(=O)[C@H](Cc2cnc[nH]2)NC(=O)[C@H]([C@@H](C)O)NC(=O)[C@H](CCCNC(=N)N)NC(=O)[C@H](CO)NC3=O)NC(=O)[C@H](CCCCN)NC(=O)[C@H](CC(=O)O)NC(=O)[C@H](CC(N)=O)NC(=O)[C@H](CC(=O)O)NC(=O)[C@@H]2CCCN2C1=O,'>',IC50,5000.0,Inhibition of human Nav1.5 expressed in HEK293 cells assessed as inward peak current by ion-works quattro patch clamp electrophysiology method,J Med Chem,2016,
CHEMBL3798267,,CC[C@H](C)[C@@H]1NC(=O)[C@@H]2CSSC[C@@H]3NC(=O)[C@H](C(C)C)NC(=O)[C@H](CC(C)C)NC(=O)[C@H](CC(N)=O)NC(=O)[C@@H]4CCCN4C(=O)[C@H](CCCNC(=N)N)NC(=O)[C@H](CSSC[C@H](NC(=O)[C@@H](N)CC(=O)O)C(=O)N[C@@H](CC(C)C)C(=O)NCC(=O)N[C@@H](Cc4ccccc4)C(=O)N[C@@H](CCSC)C(=O)N[C@@H](CCCNC(=N)N)C(=O)N[C@@H](CCCCN)C(=O)N2)NC(=O)[C@H](CSSC[C@@H](C(=O)N[C@@H](CCCCN)C(=O)N[C@@H](Cc2ccc(O)cc2)C(=O)N[C@H](C(=O)N[C@@H](Cc2ccccc2)C(=O)O)C(C)C)NC(=O)[C@H](Cc2c[nH]c4ccccc24)NC(=O)[C@H](CCCCN)NC(=O)[C@H](Cc2c[nH]cn2)NC(=O)[C@H]([C@@H](C)O)NC(=O)[C@H](CCCNC(=N)N)NC(=O)[C@H](CO)NC3=O)NC(=O)[C@H](CCCCN)NC(=O)[C@H](CC(=O)O)NC(=O)[C@H](CC(N)=O)NC(=O)[C@H](CC(=O)O)NC(=O)[C@@H]2CCCN2C1=O,'>',IC50,5000.0,Inhibition of human Nav1.5 expressed in HEK293 cells assessed as inward peak current by ion-works quattro patch clamp electrophysiology method,J Med Chem,2016,
CHEMBL3799757,,CSCC[C@@H]1NC(=O)[C@H](Cc2ccccc2)NC(=O)CNC(=O)[C@H](CC(C)C)NC(=O)[C@@H](NC(=O)[C@@H](N)CC(=O)O)CSSC[C@@H]2NC(=O)[C@@H]3CSSC[C@@H](C(=O)N[C@@H](CCCCN)C(=O)N[C@@H](Cc4ccc(O)cc4)C(=O)N[C@H](C(=O)N[C@@H](Cc4ccccc4)C(N)=O)C(C)C)NC(=O)[C@H](Cc4c[nH]c5ccccc45)NC(=O)[C@H](CCCCN)NC(=O)[C@H](Cc4cnc[nH]4)NC(=O)[C@H]([C@@H](C)O)NC(=O)[C@H](CCCNC(=N)N)NC(=O)[C@H](CO)NC(=O)[C@H](CSSC[C@H](NC(=O)[C@H](CCCCN)NC(=O)[C@H](CCCNC(=N)N)NC1=O)C(=O)N[C@@H](CCC(=O)O)C(=O)N1CCC[C@H]1C(=O)N[C@@H](CC(=O)O)C(=O)N[C@@H](CC(N)=O)C(=O)N[C@@H](CC(=O)O)C(=O)N[C@@H](CCCCN)C(=O)N3)NC(=O)[C@H](C(C)C)NC(=O)[C@H](CC(C)C)NC(=O)[C@H](CC(N)=O)NC(=O)[C@@H]1CCCN1C(=O)[C@H](CCCNC(=N)N)NC2=O,'>',IC50,10000.0,Inhibition of human Nav1.5 expressed in HEK293 cells by whole cell patch clamp electrophysiology method,J Med Chem,2016,
CHEMBL3800248,,CC[C@H](C)[C@@H]1NC(=O)[C@@H]2CSSC[C@@H]3NC(=O)[C@H](C(C)C)NC(=O)[C@H](CC(C)C)NC(=O)[C@H](CC(N)=O)NC(=O)[C@@H]4CCCN4C(=O)[C@H](CCCNC(=N)N)NC(=O)[C@H](CSSC[C@H](NC(=O)[C@@H](N)CC(=O)O)C(=O)N[C@@H](CC(C)C)C(=O)N[C@@H](CCCCN)C(=O)N[C@@H](Cc4ccccc4)C(=O)N[C@@H](CCSC)C(=O)N[C@@H](CCCNC(=N)N)C(=O)N[C@@H](CCCCN)C(=O)N2)NC(=O)[C@H](CSSC[C@@H](C(=O)N[C@@H](CCCCN)C(=O)N[C@@H](Cc2ccc(O)cc2)C(=O)N[C@H](C(=O)N[C@@H](Cc2ccccc2)C(N)=O)C(C)C)NC(=O)[C@H](Cc2c[nH]c4ccccc24)NC(=O)[C@H](CCCCN)NC(=O)[C@H](Cc2cnc[nH]2)NC(=O)[C@H]([C@@H](C)O)NC(=O)[C@H](CCCNC(=N)N)NC(=O)[C@H](CO)NC3=O)NC(=O)[C@H](CCCCN)NC(=O)[C@H](CC(=O)O)NC(=O)[C@H](CC(N)=O)NC(=O)[C@H](CC(=O)O)NC(=O)[C@@H]2CCCN2C1=O,'=',IC50,10100.0,Inhibition of human Nav1.5 expressed in HEK293 cells by whole cell patch clamp electrophysiology method,J Med Chem,2016,
CHEMBL4299620,,CC[C@@H](C)[C@@H]1NC(=O)[C@@H]2CSSC[C@H]3NC(=O)[C@H](C(C)C)NC(=O)[C@@H](CC(C)C)NC(=O)[C@H](CC(N)=O)NC(=O)[C@H]4CCCN4C(=O)[C@H](CCCNC(=N)N)NC(=O)[C@@H](CSSC[C@H](NC(=O)[C@@H](N)CC(=O)O)C(=O)N[C@@H](CC(C)C)C(=O)NCC(=O)N[C@H](Cc4ccccc4)C(=O)N[C@@H](CCSC)C(=O)N[C@H](CCCNC(=N)N)C(=O)N[C@H](CCCCN)C(=O)N2)NC(=O)[C@H](CSSC[C@@H](C(=O)N[C@H](CCCCN)C(=O)N[C@H](Cc2ccc(O)cc2)C(=O)N[C@H](C(=O)N[C@H](Cc2ccccc2)C(=O)N[C@H](Cc2c[nH]c4ccccc24)C(N)=O)C(C)C)NC(=O)[C@H](Cc2c[nH]c4ccccc24)NC(=O)[C@@H](CCCCN)NC(=O)[C@@H](Cc2c[nH]cn2)NC(=O)[C@H]([C@@H](C)O)NC(=O)[C@H](CCCNC(=N)N)NC(=O)[C@@H](CO)NC3=O)NC(=O)[C@@H](CCCCN)NC(=O)[C@H](CC(=O)O)NC(=O)[C@H](CC(N)=O)NC(=O)[C@@H](CC(=O)O)NC(=O)[C@@H]2CCCN2C1=O,'=',IC50,2700.0,Inhibition of human Nav1.5 expressed in HEK293 cells by whole cell patch clamp electrophysiology method,J Med Chem,2016,
CHEMBL3799874,,CC[C@H](C)[C@@H]1NC(=O)[C@@H]2CSSC[C@@H]3NC(=O)[C@H](C(C)C)NC(=O)[C@H](CC(C)C)NC(=O)[C@H](CC(N)=O)NC(=O)[C@@H]4CCCN4C(=O)[C@H](CCC(=O)O)NC(=O)[C@H](CSSC[C@H](NC(=O)[C@@H](N)CC(=O)O)C(=O)N[C@@H](CC(C)C)C(=O)NCC(=O)N[C@@H](Cc4ccccc4)C(=O)N[C@@H](CCSC)C(=O)N[C@@H](CCCNC(=N)N)C(=O)N[C@@H](CCCCN)C(=O)N2)NC(=O)[C@H](CSSC[C@@H](C(=O)N[C@@H](CCCCN)C(=O)N[C@@H](Cc2ccc(O)cc2)C(=O)N[C@H](C(=O)N[C@@H](Cc2ccccc2)C(N)=O)C(C)C)NC(=O)[C@H](Cc2c[nH]c4ccccc24)NC(=O)[C@H](CCCCN)NC(=O)[C@H](Cc2cnc[nH]2)NC(=O)[C@H]([C@@H](C)O)NC(=O)[C@H](CCCNC(=N)N)NC(=O)[C@H](CO)NC3=O)NC(=O)[C@H](CCCCN)NC(=O)[C@H](CC(=O)O)NC(=O)[C@H](CC(N)=O)NC(=O)[C@H](CC(=O)O)NC(=O)[C@@H]2CCCN2C1=O,'>',IC50,10000.0,Inhibition of human Nav1.5 expressed in HEK293 cells by whole cell patch clamp electrophysiology method,J Med Chem,2016,
CHEMBL3799545,,CSCC[C@@H]1NC(=O)[C@H](Cc2ccccc2)NC(=O)CNC(=O)[C@H](CC(C)C)NC(=O)[C@@H](NC(=O)[C@@H](N)CC(=O)O)CSSC[C@@H]2NC(=O)[C@@H]3CSSC[C@@H](C(=O)N[C@@H](CCCCN)C(=O)N[C@@H](Cc4ccc(O)cc4)C(=O)N[C@H](C(=O)N[C@@H](Cc4ccccc4)C(N)=O)C(C)C)NC(=O)[C@H](Cc4c[nH]c5ccccc45)NC(=O)[C@H](CCCCN)NC(=O)[C@H](Cc4cnc[nH]4)NC(=O)[C@H]([C@@H](C)O)NC(=O)[C@H](CCCNC(=N)N)NC(=O)[C@H](CO)NC(=O)[C@H](CSSC[C@H](NC(=O)[C@H](CCCCN)NC(=O)[C@H](CCCNC(=N)N)NC1=O)C(=O)N[C@@H](CC(=O)O)C(=O)N1CCC[C@H]1C(=O)N[C@@H](CC(=O)O)C(=O)N[C@@H](CC(N)=O)C(=O)N[C@@H](CC(=O)O)C(=O)N[C@@H](CCCCN)C(=O)N3)NC(=O)[C@H](C(C)C)NC(=O)[C@H](CC(C)C)NC(=O)[C@H](CC(N)=O)NC(=O)[C@@H]1CCCN1C(=O)[C@H](CCCNC(=N)N)NC2=O,'>',IC50,10000.0,Inhibition of human Nav1.5 expressed in HEK293 cells by whole cell patch clamp electrophysiology method,J Med Chem,2016,
CHEMBL308954,ETRAVIRINE,Cc1cc(C#N)cc(C)c1Oc1nc(Nc2ccc(C#N)cc2)nc(N)c1Br,'=',IC50,3981071.71,Inhibition of fast sodium current (INa) in HEK293 cells transfected with human Nav1.5 measured using IonWorks Quattro automated patch clamp platform,J Pharmacol Toxicol Methods,2014,Outside typical range
CHEMBL1382,TOLTERODINE,Cc1ccc(O)c([C@H](CCN(C(C)C)C(C)C)c2ccccc2)c1,'=',IC50,31622.78,Inhibition of fast sodium current (INa) in HEK293 cells transfected with human Nav1.5 measured using IonWorks Quattro automated patch clamp platform,J Pharmacol Toxicol Methods,2014,
CHEMBL3113249,,CC(C)(C)OC(=O)n1cc(-c2ccc(NC(=O)c3ccco3)cc2)nc1N,'>',IC50,30000.0,Modulation of human Nav1.5 in closed state assessed as inhibition of inward current after 4 mins by whole-cell electrophysiology,Eur J Med Chem,2014,
CHEMBL3113243,,CNc1nc(-c2cccc(NC(=O)c3cc4ccccc4[nH]3)c2)cn1C(=O)OC(C)(C)C,'>',IC50,30000.0,Modulation of human Nav1.5 in open-inactivated state assessed as inhibition of inward current after 4 mins by whole-cell electrophysiology,Eur J Med Chem,2014,
CHEMBL3113244,,CC(C)(C)OC(=O)n1cc(-c2ccc(NC(=O)c3ccc[nH]3)cc2)nc1N,'>',IC50,30000.0,Modulation of human Nav1.5 in open-inactivated state assessed as inhibition of inward current after 4 mins by whole-cell electrophysiology,Eur J Med Chem,2014,
CHEMBL3236343,,O=C(NCc1noc(-c2nn(CCn3ccnc3)c3ccccc23)n1)c1ccccc1,'=',IC50,69000.0,Inhibition of human Nav1.5 assessed as 10 Hz block by patch-clamp electrophysiology/cell based assay,J Med Chem,2014,
CHEMBL3341982,,O=S(=O)(Nc1ncns1)N1CCc2c(cccc2-c2ccc(C(F)(F)F)cc2C2=CCNCC2)C1,'>',IC50,10000.0,"Ion Works Quattro (IWQ) Assay: In Vitro Assays 293 cells stably transfected with either Nav 1.7 or with Nav 1.5 were recorded in population patch-clamp mode with the Ion Works® Quattro automated electrophysiology system in accordance with the manufacturer's specifications (Molecular Devices, LLC, Sunnyvale, CA). Sodium channel currents were measured in response to a train of depolarizations that induced successively greater inactivation.",,2015,
CHEMBL3677849,,Cn1nccc1-c1cc(C(F)(F)F)ccc1-c1cccc2cc(S(=O)(=O)Nc3ncns3)ccc12,'=',IC50,30.0,"In Vitro PX Assay: 293 cells stably transfected with Nav 1.5 were recorded in whole cell voltage clamp mode with the PatchXpress automated electrophysiology system according the manufacturer's specifications (Molecular Devices, LLC, Sunnyvale, Calif.). Cells were held at a holding potential of −50 mV to inactivate sodium channels. To elicit sodium currents the voltage was changed to −120 mV to recover a portion of the channels, followed by delivery of test pulses of 20 msec duration to 0 mV, at 0.1 Hz. A single concentration of test compound was applied to cells for a duration of 5 minutes. Peak sodium current was measured at the end of the compound addition period to determine percent inhibition.",,2015,
CHEMBL698,TETRACAINE,CCCCNc1ccc(C(=O)OCCN(C)C)cc1,'=',IC50,530.0,Inhibition of human NaV1.5 alpha subunit expressed in CHOK1 cells at -90 mV holding potential by patch clamp electrophysiological assay,J Med Chem,2012,
CHEMBL2386850,,Cc1cc(Oc2cncnc2)cc(C(=O)Nc2ccc(F)cn2)n1,'>',IC50,100000.0,Inhibition of human Nav1.5 at phasic phase expressed in CHO cells by automated patch clamp assay,J Med Chem,2017,
CHEMBL3128178,,O=C(Nc1ccc(C[C@@H]2CC[C@H]([C@H](O)c3cccnc3)N2)cc1)[C@@H]1CCc2scnc21,'>',IC50,30000.0,Inhibition of human NaV1.5,J Med Chem,2014,
CHEMBL3934179,,O=S(=O)(Nc1ccncn1)c1ccc2c(c1)OCCN2c1ccc(C(F)(F)F)cc1C1=CCNCC1,'=',IC50,1200.0,"In Vitro Assay: HEK 293 cells stably transfected with either Nav 1.7 or with Nav 1.5 were recorded in population patch-clamp mode with the IonWorks® Quattro automated electrophysiology system in accordance with the manufacturer's specifications (Molecular Devices, LLC, Sunnyvale, Calif.). Sodium channel currents were measured in response to a train of depolarizations that induced successively greater inactivation. Cells were held at −110 mV for three seconds (Nav 1.7) or half a second (Nav 1.5) from a holding voltage of −15 mV, then put through a series of 26 pulses of 150 msec duration to −20 mV at a frequency of 5 Hz. Cells were then left unclamped for a period of 3 to 8 minutes while a single concentration of test compound was added. Cells were then reclamped and put through the same voltage protocol. Current at the end of the 26th pulse to −20 mV was subtracted from the peak current evoked by the 26th pulse to −20 mV to correct for leak current.",,2016,
CHEMBL1323,DARUNAVIR,CC(C)CN(C[C@@H](O)[C@H](Cc1ccccc1)NC(=O)O[C@H]1CO[C@H]2OCC[C@H]21)S(=O)(=O)c1ccc(N)cc1,'=',IC50,100000.0,Inhibition of fast sodium current (INa) in HEK293 cells transfected with human Nav1.5 measured using IonWorks Quattro automated patch clamp platform,J Pharmacol Toxicol Methods,2014,
CHEMBL229125,,O=C1CCN([C@@H]2CCCC[C@H]2OCCc2cccc3ccccc23)C1,'=',IC50,25000.0,Inhibition of human heart sodium channel Nav1.5 by patch-clamp method,J Med Chem,2007,
CHEMBL2010816,,Nc1cncc(Nc2ccc(Oc3ccc(OC(F)(F)F)cc3)cc2)n1,'=',IC50,1260.0,Antagonist activity at human partially inactivated NaV 1.5 channel expressed in HEK293 cells by PatchXpress voltage patch clamp assay,Bioorg Med Chem Lett,2012,
CHEMBL3322777,,COc1ccc2c(c1)NC1(CCN(C(=O)c3ccc(OC)c(N(C)C)c3)CC1)c1cccn1-2,'=',IC50,10485.0,Inhibition of human Nav1.5 channel expressed in HEK293 cells by whole cell voltage clamp technique,Bioorg Med Chem Lett,2014,
CHEMBL3341982,,O=S(=O)(Nc1ncns1)N1CCc2c(cccc2-c2ccc(C(F)(F)F)cc2C2=CCNCC2)C1,'>',IC50,10000.0,Inhibition of Nav1.5 (unknown origin) expressed in HEK293 cells by IonWorks patch-clamp method,Bioorg Med Chem Lett,2014,
CHEMBL552382,,O=C(NC1CC1c1ccccc1)N1CCC(c2nc(-c3ccccn3)no2)CC1,'>',IC50,10000.0,Inhibition of Nav1.5 channel,J Med Chem,2009,
CHEMBL3657929,,CS(=O)(=O)NC(=O)c1cc(Cl)c(OCC2CC3C4CCC(C4)C3C2)cc1F,'=',IC50,743.0,"Electrophysiological Assay: Patch voltage clamp electrophysiology allows for the direct measurement and quantification of block of voltage-gated sodium channels (NaV's), and allows the determination of the time- and voltage-dependence of block which has been interpreted as differential binding to the resting, open, and inactivated states of the sodium channel (Hille, B., Journal of General Physiology (1977), 69: 497-515).The following patch voltage clamp electrophysiology studies were performed on representative compounds of the invention using human embryonic kidney cells (HEK), permanently transfected with an expression vector containing the full-length cDNA coding for the desired human sodium channel alpha -subunit, grown in culture media containing 10% FBS, 1% PSG, and 0.5 mg/mL G418 at 37 C. with 5% CO2. HEK cells used for the electrophysiology (EP) recordings had a passage number of less than 40 for all studies and were used within three days from the time of plating.",,2015,
CHEMBL1079256,,O=C(O)CCC1(c2ccccc2)CCCN(C(=O)Nc2ccc(Cl)cc2)C1,'>',IC50,10000.0,Inhibition of Nav1.5 channel,Bioorg Med Chem Lett,2009,
CHEMBL1914844,,Cc1ccc(N2CCN(CC(O)COc3ccccc3C(=O)CCc3ccccc3)CC2)cc1.Cl,'>',IC50,5000.0,Inhibition of human cloned Nav1.5 channel expressed in chinese hamster CHO cells assessed as tonic inhibition after 5 mins by patch clamp assay,J Med Chem,2011,
CHEMBL1175,DULOXETINE,CNCC[C@H](Oc1cccc2ccccc12)c1cccs1,'=',IC50,7943.28,Inhibition of fast sodium current (INa) in Chinese Hamster Ovary (CHO) K1 cells transfected with human Nav1.5 measured using IonWorks Quattro automated patch clamp platform,J Pharmacol Toxicol Methods,2014,
CHEMBL1621,PALIPERIDONE,Cc1nc2n(c(=O)c1CCN1CCC(c3noc4cc(F)ccc34)CC1)CCCC2O,'=',IC50,25118.86,Inhibition of fast sodium current (INa) in Chinese Hamster Ovary (CHO) K1 cells transfected with human Nav1.5 measured using IonWorks Quattro automated patch clamp platform,J Pharmacol Toxicol Methods,2014,
CHEMBL1201187,MARAVIROC,Cc1nnc(C(C)C)n1[C@@H]1C[C@H]2CC[C@@H](C1)N2CC[C@H](NC(=O)C1CCC(F)(F)CC1)c1ccccc1,'=',IC50,630957.34,Inhibition of fast sodium current (INa) in HEK293 cells transfected with human Nav1.5 measured using IonWorks Quattro automated patch clamp platform,J Pharmacol Toxicol Methods,2014,Outside typical range
CHEMBL496189,,O=C1CC2(CCN(C(=O)N[C@H]3C[C@@H]3c3ccccc3)CC2)Oc2ccccc21,'>',IC50,10000.0,Inhibition of Voltage-gated sodium channel subunit alpha Nav1.5,Bioorg Med Chem Lett,2009,
CHEMBL3113246,,Cl.Nc1nc(-c2ccc(NC(=O)c3ccc[nH]3)cc2)c[nH]1,'>',IC50,30000.0,Modulation of human Nav1.5 in closed state assessed as inhibition of inward current after 4 mins by whole-cell electrophysiology,Eur J Med Chem,2014,
CHEMBL3113243,,CNc1nc(-c2cccc(NC(=O)c3cc4ccccc4[nH]3)c2)cn1C(=O)OC(C)(C)C,'>',IC50,30000.0,Modulation of human Nav1.5 in closed state assessed as inhibition of inward current after 4 mins by whole-cell electrophysiology,Eur J Med Chem,2014,
CHEMBL2018453,,Cc1ccc(O)c(C)c1OCC(C)N,'=',IC50,30000.0,Blockade of human full-length NaV1.5 expressed in HEK293 cells co-transfected with pCD8-IRES-hbeta1 assessed as 10 Hz of use-dependent-induced channel current at -120 mV holding potential after 36 to 72 hrs by patch clamp assay,J Med Chem,2012,
CHEMBL3341983,,Nc1noc2ccc(-c3cc(Cl)ccc3Oc3cc(F)c(S(=O)(=O)Nc4ncns4)cc3F)cc12,'>',IC50,1000.0,Inhibition of Nav1.5 (unknown origin),Bioorg Med Chem Lett,2014,
CHEMBL1422,SITAGLIPTIN,N[C@@H](CC(=O)N1CCn2c(nnc2C(F)(F)F)C1)Cc1cc(F)c(F)cc1F,'=',IC50,630957.34,Inhibition of fast sodium current (INa) in HEK293 cells transfected with human Nav1.5 measured using IonWorks Quattro automated patch clamp platform,J Pharmacol Toxicol Methods,2014,Outside typical range
CHEMBL1422,SITAGLIPTIN,N[C@@H](CC(=O)N1CCn2c(nnc2C(F)(F)F)C1)Cc1cc(F)c(F)cc1F,'=',IC50,794328.23,Inhibition of fast sodium current (INa) in Chinese Hamster Ovary (CHO) K1 cells transfected with human Nav1.5 measured using IonWorks Quattro automated patch clamp platform,J Pharmacol Toxicol Methods,2014,Outside typical range
CHEMBL550348,DEFERASIROX,O=C(O)c1ccc(-n2nc(-c3ccccc3O)nc2-c2ccccc2O)cc1,'=',IC50,501187.23,Inhibition of fast sodium current (INa) in HEK293 cells transfected with human Nav1.5 measured using IonWorks Quattro automated patch clamp platform,J Pharmacol Toxicol Methods,2014,Outside typical range
CHEMBL3113257,,CC(C)(C)OC(=O)n1cc(-c2ccc(NC(=O)[C@H]3CCCN3)cc2)nc1N,'=',IC50,20000.0,Modulation of human Nav1.5 in open-inactivated state assessed as inhibition of inward current after 4 mins by whole-cell electrophysiology,Eur J Med Chem,2014,
CHEMBL3113245,,Cl.Nc1nc(-c2cccc(NC(=O)c3ccc[nH]3)c2)c[nH]1,'>',IC50,30000.0,Modulation of human Nav1.5 in open-inactivated state assessed as inhibition of inward current after 4 mins by whole-cell electrophysiology,Eur J Med Chem,2014,
CHEMBL3113263,,CC(C)(C)OC(=O)n1cc(-c2cccc(NC(=O)c3ccc[nH]3)c2)nc1N,'>',IC50,30000.0,Modulation of human Nav1.5 in open-inactivated state assessed as inhibition of inward current after 4 mins by whole-cell electrophysiology,Eur J Med Chem,2014,
CHEMBL1684585,,Nc1nc(CC(=O)Nc2ccc(C[C@@H]3CC[C@H]([C@H](O)c4ccccc4)N3)cc2)cs1,'=',IC50,30000.0,Inhibition of human Nav1.2 channel expressed in Xenopus oocytes by two-intracellular microelectrode voltage clamp method,J Med Chem,2016,
CHEMBL3318132,,CSCC[C@@H]1NC(=O)CNC(=O)[C@H](CCC(=O)O)NC(=O)[C@@H]2CSSC[C@H](NC(=O)[C@@H](N)Cc3ccc(O)cc3)C(=O)N[C@@H](CCC(N)=O)C(=O)N[C@@H](CCCCN)C(=O)N[C@@H](Cc3c[nH]c4ccccc34)C(=O)N[C@@H](CCSC)C(=O)N[C@@H](Cc3c[nH]c4ccccc34)C(=O)N[C@@H]([C@@H](C)O)C(=O)N[C@H]3CSSC[C@H](NC(=O)[C@H](C(C)C)NC1=O)C(=O)N[C@@H](CCCNC(=N)N)C(=O)N[C@@H](CC(C)C)C(=O)N[C@@H](Cc1c[nH]c4ccccc14)C(=O)N[C@H](C(=O)N[C@@H](CCCCN)C(=O)N[C@@H](CCCCN)C(=O)N[C@@H](CCCCN)C(=O)N[C@@H](CC(C)C)C(=O)N[C@@H](Cc1c[nH]c4ccccc14)C(=O)O)CSSC[C@H](NC(=O)[C@H](CCCCN)NC(=O)[C@H](CCCNC(=N)N)NC(=O)[C@H](CCC(=O)O)NC(=O)[C@H](CO)NC(=O)[C@H](CC(=O)O)NC3=O)C(=O)N2,'=',IC50,90.0,Inhibition of human NaV1.5 at -140 mV holding potential by whole-cell patch clamp assay,J Med Chem,2015,
CHEMBL3799602,,CC[C@H](C)[C@@H]1NC(=O)[C@@H]2CSSC[C@@H]3NC(=O)[C@H](C(C)C)NC(=O)[C@H](CC(C)C)NC(=O)[C@H](CC(N)=O)NC(=O)[C@@H]4CCCN4C(=O)[C@H](CCCNC(=N)N)NC(=O)[C@H](CSSC[C@H](NC(=O)[C@@H](N)CC(=O)O)C(=O)N[C@@H](CC(C)C)C(=O)NCC(=O)N[C@@H](Cc4ccccc4)C(=O)N[C@@H](CCSC)C(=O)N[C@@H](CCCNC(=N)N)C(=O)N[C@@H](CCCCN)C(=O)N2)NC(=O)[C@H](CSSC[C@@H](C(=O)N[C@@H](CCCCN)C(=O)N[C@@H](Cc2ccc(O)cc2)C(=O)N[C@H](C(=O)N[C@@H](Cc2ccccc2)C(N)=O)C(C)C)NC(=O)[C@H](Cc2c[nH]c4ccccc24)NC(=O)[C@H](CCCCN)NC(=O)[C@H](Cc2cnc[nH]2)NC(=O)[C@H]([C@@H](C)O)NC(=O)[C@H](CCCNC(=N)N)NC(=O)[C@H](CO)NC3=O)NC(=O)[C@H](CCCCN)NC(=O)[C@H](CC(=O)O)NC(=O)[C@H](CC(N)=O)NC(=O)[C@H](CC(=O)O)NC(=O)[C@H](CCC(=O)O)NC1=O,'>',IC50,10000.0,Inhibition of human Nav1.5 expressed in HEK293 cells by whole cell patch clamp electrophysiology method,J Med Chem,2016,
CHEMBL3800477,,CC[C@H](C)[C@@H]1NC(=O)[C@@H]2CSSC[C@@H]3NC(=O)[C@H](C(C)C)NC(=O)[C@H](CC(C)C)NC(=O)[C@H](CC(N)=O)NC(=O)[C@@H]4CCCN4C(=O)[C@H](CCCNC(=N)N)NC(=O)[C@H](CSSC[C@H](NC(=O)[C@@H](N)CC(=O)O)C(=O)N[C@@H](CC(C)C)C(=O)NCC(=O)N[C@@H](Cc4ccccc4)C(=O)N[C@@H](CCSC)C(=O)N[C@@H](CCCNC(=N)N)C(=O)N[C@@H](CCCCN)C(=O)N2)NC(=O)[C@H](CSSC[C@@H](C(=O)N[C@@H](CCCCN)C(=O)N[C@@H](Cc2ccc(O)cc2)C(=O)N[C@H](C(=O)N[C@@H](Cc2ccccc2)C(N)=O)C(C)C)NC(=O)[C@H](Cc2cccc4ccccc24)NC(=O)[C@H](CCCCN)NC(=O)[C@H](Cc2cnc[nH]2)NC(=O)[C@H]([C@@H](C)O)NC(=O)[C@H](CCCNC(=N)N)NC(=O)[C@H](CO)NC3=O)NC(=O)[C@H](CCCCN)NC(=O)[C@H](CC(=O)O)NC(=O)[C@H](CC(N)=O)NC(=O)[C@H](CC(=O)O)NC(=O)[C@@H]2CCCN2C1=O,'>',IC50,10000.0,Inhibition of human Nav1.5 expressed in HEK293 cells by whole cell patch clamp electrophysiology method,J Med Chem,2016,
CHEMBL3416903,,CC[C@H](C)[C@@H]1NC(=O)[C@@H]2CSSC[C@@H]3NC(=O)[C@H](C(C)C)NC(=O)[C@H](CC(C)C)NC(=O)[C@H](C)NC(=O)[C@@H]4CCCN4C(=O)[C@H](CCCNC(=N)N)NC(=O)[C@H](CSSC[C@H](NC(=O)[C@@H](N)CC(=O)O)C(=O)N[C@@H](CC(C)C)C(=O)NCC(=O)N[C@@H](Cc4ccccc4)C(=O)N[C@@H](CCSC)C(=O)N[C@@H](CCCNC(=N)N)C(=O)N[C@@H](CCCCN)C(=O)N2)NC(=O)[C@H](CSSC[C@@H](C(=O)N[C@@H](CCCCN)C(=O)N[C@@H](Cc2ccc(O)cc2)C(=O)N[C@H](C(=O)N[C@@H](Cc2ccccc2)C(N)=O)C(C)C)NC(=O)[C@H](Cc2c[nH]c4ccccc24)NC(=O)[C@H](CCCCN)NC(=O)[C@H](Cc2cnc[nH]2)NC(=O)[C@H]([C@@H](C)O)NC(=O)[C@H](CCCNC(=N)N)NC(=O)[C@H](CO)NC3=O)NC(=O)[C@H](CCCCN)NC(=O)[C@H](CC(=O)O)NC(=O)[C@H](CC(N)=O)NC(=O)[C@H](CC(=O)O)NC(=O)[C@@H]2CCCN2C1=O,'>',IC50,5000.0,Inhibition of human Nav1.5 expressed in HEK293 cells assessed as inward peak current by ion-works quattro patch clamp electrophysiology method,J Med Chem,2016,
CHEMBL3799874,,CC[C@H](C)[C@@H]1NC(=O)[C@@H]2CSSC[C@@H]3NC(=O)[C@H](C(C)C)NC(=O)[C@H](CC(C)C)NC(=O)[C@H](CC(N)=O)NC(=O)[C@@H]4CCCN4C(=O)[C@H](CCC(=O)O)NC(=O)[C@H](CSSC[C@H](NC(=O)[C@@H](N)CC(=O)O)C(=O)N[C@@H](CC(C)C)C(=O)NCC(=O)N[C@@H](Cc4ccccc4)C(=O)N[C@@H](CCSC)C(=O)N[C@@H](CCCNC(=N)N)C(=O)N[C@@H](CCCCN)C(=O)N2)NC(=O)[C@H](CSSC[C@@H](C(=O)N[C@@H](CCCCN)C(=O)N[C@@H](Cc2ccc(O)cc2)C(=O)N[C@H](C(=O)N[C@@H](Cc2ccccc2)C(N)=O)C(C)C)NC(=O)[C@H](Cc2c[nH]c4ccccc24)NC(=O)[C@H](CCCCN)NC(=O)[C@H](Cc2cnc[nH]2)NC(=O)[C@H]([C@@H](C)O)NC(=O)[C@H](CCCNC(=N)N)NC(=O)[C@H](CO)NC3=O)NC(=O)[C@H](CCCCN)NC(=O)[C@H](CC(=O)O)NC(=O)[C@H](CC(N)=O)NC(=O)[C@H](CC(=O)O)NC(=O)[C@@H]2CCCN2C1=O,'>',IC50,5000.0,Inhibition of human Nav1.5 expressed in HEK293 cells assessed as inward peak current by ion-works quattro patch clamp electrophysiology method,J Med Chem,2016,
CHEMBL2164371,,O=C(NCc1ccc(OC(F)(F)F)cc1)C1c2ccccc2C(=O)N1C1CCOCC1,'>',IC50,33000.0,Inhibition of human NaV1.5 alpha subunit expressed in CHOK1 cells at -90 mV holding potential by patch clamp electrophysiological assay,J Med Chem,2012,
CHEMBL461101,ELTROMBOPAG,CC1=NN(c2ccc(C)c(C)c2)C(=O)/C1=N\Nc1cccc(-c2cccc(C(=O)O)c2)c1O,'=',IC50,316227.77,Inhibition of fast sodium current (INa) in HEK293 cells transfected with human Nav1.5 measured using IonWorks Quattro automated patch clamp platform,J Pharmacol Toxicol Methods,2014,Outside typical range
CHEMBL698,TETRACAINE,CCCCNc1ccc(C(=O)OCCN(C)C)cc1,'=',IC50,650.0,Inhibition of human Nav1.5 expressed in HEK293 cells by whole cell-patch clamp method,J Med Chem,2016,
CHEMBL2164389,,O=C(NCc1ccc(OC(F)(F)F)cc1)C1c2ccccc2C(=O)N1CCc1ccccn1,'=',IC50,18000.0,Inhibition of human NaV1.5 alpha subunit expressed in CHOK1 cells at -90 mV holding potential by patch clamp electrophysiological assay,J Med Chem,2012,
CHEMBL3416903,,CC[C@H](C)[C@@H]1NC(=O)[C@@H]2CSSC[C@@H]3NC(=O)[C@H](C(C)C)NC(=O)[C@H](CC(C)C)NC(=O)[C@H](C)NC(=O)[C@@H]4CCCN4C(=O)[C@H](CCCNC(=N)N)NC(=O)[C@H](CSSC[C@H](NC(=O)[C@@H](N)CC(=O)O)C(=O)N[C@@H](CC(C)C)C(=O)NCC(=O)N[C@@H](Cc4ccccc4)C(=O)N[C@@H](CCSC)C(=O)N[C@@H](CCCNC(=N)N)C(=O)N[C@@H](CCCCN)C(=O)N2)NC(=O)[C@H](CSSC[C@@H](C(=O)N[C@@H](CCCCN)C(=O)N[C@@H](Cc2ccc(O)cc2)C(=O)N[C@H](C(=O)N[C@@H](Cc2ccccc2)C(N)=O)C(C)C)NC(=O)[C@H](Cc2c[nH]c4ccccc24)NC(=O)[C@H](CCCCN)NC(=O)[C@H](Cc2cnc[nH]2)NC(=O)[C@H]([C@@H](C)O)NC(=O)[C@H](CCCNC(=N)N)NC(=O)[C@H](CO)NC3=O)NC(=O)[C@H](CCCCN)NC(=O)[C@H](CC(=O)O)NC(=O)[C@H](CC(N)=O)NC(=O)[C@H](CC(=O)O)NC(=O)[C@@H]2CCCN2C1=O,'>',IC50,5000.0,Inhibition of human NaV1.5 at -140 mV holding potential by whole-cell patch clamp assay,J Med Chem,2015,
CHEMBL3416897,,CC[C@H](C)[C@@H]1NC(=O)[C@@H]2CSSC[C@@H]3NC(=O)[C@H](C(C)C)NC(=O)[C@H](CC(C)C)NC(=O)[C@H](CC(N)=O)NC(=O)[C@@H]4CCCN4C(=O)[C@H](CCCNC(=N)N)NC(=O)[C@H](CSSC[C@H](NC(=O)[C@@H](N)CC(=O)O)C(=O)N[C@@H](CC(C)C)C(=O)NCC(=O)N[C@@H](Cc4ccccc4)C(=O)N[C@@H](CCSC)C(=O)N[C@@H](CCCNC(=N)N)C(=O)N[C@@H](CCCCN)C(=O)N2)NC(=O)[C@H](CSSC[C@@H](C(=O)N[C@@H](CCCCN)C(=O)N[C@@H](Cc2ccc(O)cc2)C(=O)N[C@H](C(=O)N[C@@H](Cc2ccccc2)C(N)=O)C(C)C)NC(=O)[C@H](Cc2c[nH]c4ccccc24)NC(=O)[C@H](CCCCN)NC(=O)[C@H](Cc2cnc[nH]2)NC(=O)[C@H]([C@@H](C)O)NC(=O)[C@H](CCCNC(=N)N)NC(=O)[C@H](CO)NC3=O)NC(=O)[C@H](CCCCN)NC(=O)[C@H](CC(=O)O)NC(=O)[C@H](CC(N)=O)NC(=O)[C@H](CC(=O)O)NC(=O)[C@H](C)NC1=O,'>',IC50,5000.0,Inhibition of human NaV1.5 at -140 mV holding potential by whole-cell patch clamp assay,J Med Chem,2015,
CHEMBL4217988,,N#Cc1cc(S(=O)(=O)Nc2ncns2)ccc1Oc1ccc(-c2cccc(C(F)(F)F)c2)cc1-c1ccnc(CNCCC2CCNCC2)c1,'=',IC50,12797.25,Inhibition of human Nav1.5 by Q-patch clamp electrophysiology method,Bioorg Med Chem Lett,2017,
CHEMBL1963307,,O=C(CCc1ccccc1)c1cc(F)ccc1OCC(O)CN1CCN(C(c2ccccc2)c2ccccc2)CC1,'>',IC50,5000.0,Inhibition of Nav1.5 assessed as tonic inhibition by patch clamp assay,J Med Chem,2012,
CHEMBL3236329,,O=C(NCc1noc(-c2c3ccccc3nn2CCn2ccnc2)n1)c1cccc(OC(F)(F)F)c1,'=',IC50,920.0,Inhibition of human Nav1.5 assessed as inactivated-state block by patch-clamp electrophysiology/cell based assay,J Med Chem,2014,
CHEMBL2164367,,CC1(C(=O)NCc2ccc(OC(F)(F)F)cc2)c2ccccc2C(=O)N1CCc1ccccn1,'=',IC50,27000.0,Inhibition of human NaV1.5 alpha subunit expressed in CHOK1 cells at -90 mV holding potential by patch clamp electrophysiological assay,J Med Chem,2012,
CHEMBL4087220,,O=S(=O)(Nc1nccs1)c1cc(Cl)c(NCC2COCCO2)cc1F,'=',IC50,74.0,Inhibition of human Nav1.5 inactivated state form expressed in HEK293 cells at -60 mV holding potential by by automated patch clamp electrophysiology assay,Bioorg Med Chem,2017,
CHEMBL4064737,,O=S(=O)(Nc1nccs1)c1cc(Cl)c(NCC2CCC(=NOCc3ccccc3)CC2)cc1F,'=',IC50,6700.0,Inhibition of human Nav1.5 inactivated state form expressed in HEK293 cells at -50 mV holding potential by by automated patch clamp electrophysiology assay,Bioorg Med Chem,2017,
CHEMBL4299620,,CC[C@@H](C)[C@@H]1NC(=O)[C@@H]2CSSC[C@H]3NC(=O)[C@H](C(C)C)NC(=O)[C@@H](CC(C)C)NC(=O)[C@H](CC(N)=O)NC(=O)[C@H]4CCCN4C(=O)[C@H](CCCNC(=N)N)NC(=O)[C@@H](CSSC[C@H](NC(=O)[C@@H](N)CC(=O)O)C(=O)N[C@@H](CC(C)C)C(=O)NCC(=O)N[C@H](Cc4ccccc4)C(=O)N[C@@H](CCSC)C(=O)N[C@H](CCCNC(=N)N)C(=O)N[C@H](CCCCN)C(=O)N2)NC(=O)[C@H](CSSC[C@@H](C(=O)N[C@H](CCCCN)C(=O)N[C@H](Cc2ccc(O)cc2)C(=O)N[C@H](C(=O)N[C@H](Cc2ccccc2)C(=O)N[C@H](Cc2c[nH]c4ccccc24)C(N)=O)C(C)C)NC(=O)[C@H](Cc2c[nH]c4ccccc24)NC(=O)[C@@H](CCCCN)NC(=O)[C@@H](Cc2c[nH]cn2)NC(=O)[C@H]([C@@H](C)O)NC(=O)[C@H](CCCNC(=N)N)NC(=O)[C@@H](CO)NC3=O)NC(=O)[C@@H](CCCCN)NC(=O)[C@H](CC(=O)O)NC(=O)[C@H](CC(N)=O)NC(=O)[C@@H](CC(=O)O)NC(=O)[C@@H]2CCCN2C1=O,'>',IC50,5000.0,Inhibition of human Nav1.5 expressed in HEK293 cells assessed as inward peak current by ion-works quattro patch clamp electrophysiology method,J Med Chem,2016,
CHEMBL3799379,,CC[C@H](C)[C@@H]1NC(=O)[C@@H]2CSSC[C@@H]3NC(=O)[C@H](C(C)C)NC(=O)[C@H](CC(C)C)NC(=O)[C@H](CC(N)=O)NC(=O)[C@@H]4CCCN4C(=O)[C@H](CCCNC(=N)N)NC(=O)[C@H](CSSC[C@H](NC(=O)[C@@H](N)CC(=O)O)C(=O)N[C@@H](CC(C)C)C(=O)NCC(=O)N[C@@H](Cc4ccccc4)C(=O)N[C@@H](CCSC)C(=O)N[C@@H](CCCNC(=N)N)C(=O)N[C@@H](CCCCN)C(=O)N2)NC(=O)[C@H](CSSC[C@@H](C(=O)N[C@@H](CCCCN)C(=O)N[C@@H](Cc2ccc(O)cc2)C(=O)N[C@H](C(=O)N[C@@H](Cc2ccccc2)C(N)=O)C(C)C)NC(=O)[C@H](Cc2c[nH]c4ccccc24)NC(=O)[C@H](CC(=O)O)NC(=O)[C@H](Cc2cnc[nH]2)NC(=O)[C@H]([C@@H](C)O)NC(=O)[C@H](CCCNC(=N)N)NC(=O)[C@H](CO)NC3=O)NC(=O)[C@H](CCCCN)NC(=O)[C@H](CC(=O)O)NC(=O)[C@H](CC(N)=O)NC(=O)[C@H](CC(=O)O)NC(=O)[C@@H]2CCCN2C1=O,'=',IC50,37900.0,Inhibition of human Nav1.5 expressed in HEK293 cells assessed as inward peak current by ion-works quattro patch clamp electrophysiology method,J Med Chem,2016,
CHEMBL4204409,,N#Cc1ccc(C2NCCOC2Oc2cc(F)c(S(=O)(=O)Nc3ncns3)cc2F)cc1,'>',IC50,30000.0,Antagonist activity at recombinant human Nav1.5 expressed in HEK293 cells assessed as reduction in channel current at -50 mV holding potential after 600 secs by barracuda automated electrophysiology method,Bioorg Med Chem Lett,2018,
CHEMBL4203201,,N#Cc1cccc(C2NCCOC2Oc2cc(F)c(S(=O)(=O)Nc3ncns3)cc2F)c1,'>',IC50,30000.0,Antagonist activity at recombinant human Nav1.5 expressed in HEK293 cells assessed as reduction in channel current at -50 mV holding potential after 600 secs by barracuda automated electrophysiology method,Bioorg Med Chem Lett,2018,
CHEMBL3799378,,CC[C@H](C)[C@@H]1NC(=O)[C@@H]2CSSC[C@@H]3NC(=O)[C@H](C(C)C)NC(=O)[C@H](CC(C)C)NC(=O)[C@H](CC(N)=O)NC(=O)[C@@H]4CCCN4C(=O)[C@H](CCCN/C(=N/C)NC)NC(=O)[C@H](CSSC[C@H](NC(=O)[C@@H](N)CC(=O)O)C(=O)N[C@@H](CC(C)C)C(=O)NCC(=O)N[C@@H](Cc4ccccc4)C(=O)N[C@@H](CCSC)C(=O)N[C@@H](CCCNC(=N)N)C(=O)N[C@@H](CCCCN)C(=O)N2)NC(=O)[C@H](CSSC[C@@H](C(=O)N[C@@H](CCCCN)C(=O)N[C@@H](Cc2ccc(O)cc2)C(=O)N[C@H](C(=O)N[C@@H](Cc2ccccc2)C(N)=O)C(C)C)NC(=O)[C@H](Cc2c[nH]c4ccccc24)NC(=O)[C@H](CCCCN)NC(=O)[C@H](Cc2cnc[nH]2)NC(=O)[C@H]([C@@H](C)O)NC(=O)[C@H](CCCNC(=N)N)NC(=O)[C@H](CO)NC3=O)NC(=O)[C@H](CCCCN)NC(=O)[C@H](CC(=O)O)NC(=O)[C@H](CC(N)=O)NC(=O)[C@H](CC(=O)O)NC(=O)[C@@H]2CCCN2C1=O,'>',IC50,10000.0,Inhibition of human Nav1.5 expressed in HEK293 cells by whole cell patch clamp electrophysiology method,J Med Chem,2016,
CHEMBL3416913,,CC[C@H](C)[C@@H]1NC(=O)[C@@H]2CSSC[C@@H]3NC(=O)[C@H](C(C)C)NC(=O)[C@H](CC(C)C)NC(=O)[C@H](CC(N)=O)NC(=O)[C@@H]4CCCN4C(=O)[C@H](CCCNC(=N)N)NC(=O)[C@H](CSSC[C@H](NC(=O)[C@@H](N)CC(=O)O)C(=O)N[C@@H](CC(C)C)C(=O)NCC(=O)N[C@@H](Cc4ccccc4)C(=O)N[C@@H](CCSC)C(=O)N[C@@H](CCCNC(=N)N)C(=O)N[C@@H](CCCCN)C(=O)N2)NC(=O)[C@H](CSSC[C@@H](C(=O)N[C@@H](CCCCN)C(=O)N[C@@H](C)C(=O)N[C@H](C(=O)N[C@@H](Cc2ccccc2)C(N)=O)C(C)C)NC(=O)[C@H](Cc2c[nH]c4ccccc24)NC(=O)[C@H](CCCCN)NC(=O)[C@H](Cc2cnc[nH]2)NC(=O)[C@H]([C@@H](C)O)NC(=O)[C@H](CCCNC(=N)N)NC(=O)[C@H](CO)NC3=O)NC(=O)[C@H](CCCCN)NC(=O)[C@H](CC(=O)O)NC(=O)[C@H](CC(N)=O)NC(=O)[C@H](CC(=O)O)NC(=O)[C@@H]2CCCN2C1=O,'>',IC50,5000.0,Inhibition of human NaV1.5 at -140 mV holding potential by whole-cell patch clamp assay,J Med Chem,2015,
CHEMBL4061793,,O=S(=O)(Nc1nccs1)c1cc(Cl)c(NCC23CCCN2CCC3)cc1F,'=',IC50,2.2,Inhibition of human Nav1.5 inactivated state form expressed in HEK293 cells at -60 mV holding potential by by automated patch clamp electrophysiology assay,Bioorg Med Chem,2017,
CHEMBL4071860,,O=S(=O)(Nc1nccs1)c1cc(Cl)c(NC[C@@]23CCCO[C@@H]2OCC3)cc1F,'=',IC50,12800.0,Inhibition of human Nav1.5 inactivated state form expressed in HEK293 cells at -50 mV holding potential by by automated patch clamp electrophysiology assay,Bioorg Med Chem,2017,
CHEMBL4086750,,O=S(=O)(Nc1nccs1)c1cc(Cl)c(NC2CC3(COC3)C2)cc1F,'>',IC50,30000.0,Inhibition of human Nav1.5 inactivated state form expressed in HEK293 cells at -50 mV holding potential by by automated patch clamp electrophysiology assay,Bioorg Med Chem,2017,
CHEMBL4061793,,O=S(=O)(Nc1nccs1)c1cc(Cl)c(NCC23CCCN2CCC3)cc1F,'>',IC50,30000.0,Inhibition of 50% inactivated human Nav1.5alpha expressed in HEK293 cells at holding potential of -60 mV incubated for 5 mins measured at 10 secs interval by PatchXpress electrophysiology assay,Bioorg Med Chem Lett,2017,
CHEMBL4084713,,CC1CC(CNc2cc(F)c(S(=O)(=O)Nc3nccs3)cc2Cl)CC(C)O1,'=',IC50,706.0,Inhibition of human Nav1.5 inactivated state form expressed in HEK293 cells at -60 mV holding potential by by automated patch clamp electrophysiology assay,Bioorg Med Chem,2017,
CHEMBL4086750,,O=S(=O)(Nc1nccs1)c1cc(Cl)c(NC2CC3(COC3)C2)cc1F,'=',IC50,1500.0,Inhibition of human Nav1.5 inactivated state form expressed in HEK293 cells at -60 mV holding potential by by automated patch clamp electrophysiology assay,Bioorg Med Chem,2017,
CHEMBL3979498,,COc1cc(-c2cccc(C(F)(F)F)c2)ccc1-n1c(=O)ccc2cc(S(=O)(=O)Nc3ncccn3)ccc21,'>',IC50,30000.0,Inhibition of human Nav1.5 expressed in HEK293 cells incubated for 3 to 5 mins at -50 mV holding potential by patchXpress electrophysiology assay,J Med Chem,2017,
CHEMBL3682649,,O=S(=O)(Nc1ncns1)c1ccc2c(-c3ccc(C(F)(F)F)cc3O)cccc2c1,'=',IC50,23000.0,Inhibition of human Nav1.5 expressed in HEK293 cells assessed as inhibition of sodium current at holding potential of -125 mV measured for 3 to 5 mins by whole cell voltage clamp method,ACS Med Chem Lett,2016,
CHEMBL3677849,,Cn1nccc1-c1cc(C(F)(F)F)ccc1-c1cccc2cc(S(=O)(=O)Nc3ncns3)ccc12,'>',IC50,30000.0,Inhibition of human Nav1.5 expressed in HEK293 cells assessed as inhibition of sodium current at holding potential of -125 mV measured for 3 to 5 mins by whole cell voltage clamp method,ACS Med Chem Lett,2016,
CHEMBL2324000,,Cn1nccc1-c1ccccc1Oc1ccc(S(=O)(=O)Nc2nccs2)cc1C#N,'>',IC50,10000.0,Inhibition of human Nav1.5 expressed in HEK293 cells at -140 mV holding potential measured for 8 secs by patch-clamp method,Bioorg Med Chem Lett,2017,
CHEMBL4064295,,CC(C)(C)[C@H]1OCCC[C@@H]1CNc1cc(F)c(S(=O)(=O)Nc2nccs2)cc1Cl,'=',IC50,156.0,Inhibition of human Nav1.5 inactivated state form expressed in HEK293 cells at -60 mV holding potential by by automated patch clamp electrophysiology assay,Bioorg Med Chem,2017,
CHEMBL3416895,,CC[C@H](C)[C@@H]1NC(=O)[C@@H]2CSSC[C@@H]3NC(=O)[C@H](C(C)C)NC(=O)[C@H](CC(C)C)NC(=O)[C@H](CC(N)=O)NC(=O)[C@@H]4CCCN4C(=O)[C@H](CCCNC(=N)N)NC(=O)[C@H](CSSC[C@H](NC(=O)[C@@H](N)CC(=O)O)C(=O)N[C@@H](CC(C)C)C(=O)NCC(=O)N[C@@H](Cc4ccccc4)C(=O)N[C@@H](CCSC)C(=O)N[C@@H](C)C(=O)N[C@@H](CCCCN)C(=O)N2)NC(=O)[C@H](CSSC[C@@H](C(=O)N[C@@H](CCCCN)C(=O)N[C@@H](Cc2ccc(O)cc2)C(=O)N[C@H](C(=O)N[C@@H](Cc2ccccc2)C(N)=O)C(C)C)NC(=O)[C@H](Cc2c[nH]c4ccccc24)NC(=O)[C@H](CCCCN)NC(=O)[C@H](Cc2cnc[nH]2)NC(=O)[C@H]([C@@H](C)O)NC(=O)[C@H](CCCNC(=N)N)NC(=O)[C@H](CO)NC3=O)NC(=O)[C@H](CCCCN)NC(=O)[C@H](CC(=O)O)NC(=O)[C@H](CC(N)=O)NC(=O)[C@H](CC(=O)O)NC(=O)[C@@H]2CCCN2C1=O,'>',IC50,5000.0,Inhibition of human NaV1.5 at -140 mV holding potential by whole-cell patch clamp assay,J Med Chem,2015,
CHEMBL3113258,,CC(C)(C)OC(=O)n1cc(-c2ccc(NC(=O)[C@@H]3CCCN3)cc2)nc1N,'>',IC50,30000.0,Modulation of human Nav1.5 in closed state assessed as inhibition of inward current after 4 mins by whole-cell electrophysiology,Eur J Med Chem,2014,
CHEMBL3113262,,Nc1nc(-c2cccc(NC(=O)c3ccc[nH]3)c2)cn1C(=O)c1ccc[nH]1,'=',IC50,27000.0,Modulation of human Nav1.5 in open-inactivated state assessed as inhibition of inward current after 4 mins by whole-cell electrophysiology,Eur J Med Chem,2014,
CHEMBL3113252,,Cl.Nc1nc(-c2cccc(NC(=O)c3cc4ccccc4[nH]3)c2)c[nH]1,'>',IC50,30000.0,Modulation of human Nav1.5 in closed state assessed as inhibition of inward current after 4 mins by whole-cell electrophysiology,Eur J Med Chem,2014,
CHEMBL3416897,,CC[C@H](C)[C@@H]1NC(=O)[C@@H]2CSSC[C@@H]3NC(=O)[C@H](C(C)C)NC(=O)[C@H](CC(C)C)NC(=O)[C@H](CC(N)=O)NC(=O)[C@@H]4CCCN4C(=O)[C@H](CCCNC(=N)N)NC(=O)[C@H](CSSC[C@H](NC(=O)[C@@H](N)CC(=O)O)C(=O)N[C@@H](CC(C)C)C(=O)NCC(=O)N[C@@H](Cc4ccccc4)C(=O)N[C@@H](CCSC)C(=O)N[C@@H](CCCNC(=N)N)C(=O)N[C@@H](CCCCN)C(=O)N2)NC(=O)[C@H](CSSC[C@@H](C(=O)N[C@@H](CCCCN)C(=O)N[C@@H](Cc2ccc(O)cc2)C(=O)N[C@H](C(=O)N[C@@H](Cc2ccccc2)C(N)=O)C(C)C)NC(=O)[C@H](Cc2c[nH]c4ccccc24)NC(=O)[C@H](CCCCN)NC(=O)[C@H](Cc2cnc[nH]2)NC(=O)[C@H]([C@@H](C)O)NC(=O)[C@H](CCCNC(=N)N)NC(=O)[C@H](CO)NC3=O)NC(=O)[C@H](CCCCN)NC(=O)[C@H](CC(=O)O)NC(=O)[C@H](CC(N)=O)NC(=O)[C@H](CC(=O)O)NC(=O)[C@H](C)NC1=O,'>',IC50,5000.0,Inhibition of human Nav1.5 expressed in HEK293 cells assessed as inward peak current by ion-works quattro patch clamp electrophysiology method,J Med Chem,2016,
CHEMBL3416902,,CC[C@H](C)[C@@H]1NC(=O)[C@@H]2CSSC[C@@H]3NC(=O)[C@H](C(C)C)NC(=O)[C@H](CC(C)C)NC(=O)[C@H](CC(N)=O)NC(=O)[C@H](C)NC(=O)[C@H](CCCNC(=N)N)NC(=O)[C@H](CSSC[C@H](NC(=O)[C@@H](N)CC(=O)O)C(=O)N[C@@H](CC(C)C)C(=O)NCC(=O)N[C@@H](Cc4ccccc4)C(=O)N[C@@H](CCSC)C(=O)N[C@@H](CCCNC(=N)N)C(=O)N[C@@H](CCCCN)C(=O)N2)NC(=O)[C@H](CSSC[C@@H](C(=O)N[C@@H](CCCCN)C(=O)N[C@@H](Cc2ccc(O)cc2)C(=O)N[C@H](C(=O)N[C@@H](Cc2ccccc2)C(N)=O)C(C)C)NC(=O)[C@H](Cc2c[nH]c4ccccc24)NC(=O)[C@H](CCCCN)NC(=O)[C@H](Cc2cnc[nH]2)NC(=O)[C@H]([C@@H](C)O)NC(=O)[C@H](CCCNC(=N)N)NC(=O)[C@H](CO)NC3=O)NC(=O)[C@H](CCCCN)NC(=O)[C@H](CC(=O)O)NC(=O)[C@H](CC(N)=O)NC(=O)[C@H](CC(=O)O)NC(=O)[C@@H]2CCCN2C1=O,'>',IC50,20000.0,Inhibition of human Nav1.5 expressed in HEK293 cells assessed as inward peak current by ion-works quattro patch clamp electrophysiology method,J Med Chem,2016,
CHEMBL3687606,,COc1cc(-c2cccc(F)c2)c(Cl)cc1-c1nccc2cc(S(=O)(=O)Nc3ccncn3)ccc12,'>',IC50,10000.0,Inhibition of human Nav1.5 expressed in HEK293 cells assessed as reduction in peak inward current by ionworks quattro electrophysiology assay,J Med Chem,2017,
CHEMBL3947470,,COc1cc(C(F)(F)F)ccc1-n1c(=O)ccc2cc(S(=O)(=O)Nc3nccs3)ccc21,'>',IC50,30000.0,Inhibition of human Nav1.5 expressed in HEK293 cells incubated for 3 to 5 mins at -50 mV holding potential by patchXpress electrophysiology assay,J Med Chem,2017,
CHEMBL3113253,,Cl.Nc1nc(-c2ccc(NC(=O)c3cc4ccccc4[nH]3)cc2)c[nH]1,'>',IC50,30000.0,Modulation of human Nav1.5 in closed state assessed as inhibition of inward current after 4 mins by whole-cell electrophysiology,Eur J Med Chem,2014,
CHEMBL3113260,,Cl.Nc1nc(-c2ccc(NC(=O)[C@@H]3CCCN3)cc2)c[nH]1,'>',IC50,30000.0,Modulation of human Nav1.5 in closed state assessed as inhibition of inward current after 4 mins by whole-cell electrophysiology,Eur J Med Chem,2014,
CHEMBL3113247,,CC(C)(C)OC(=O)n1cc(-c2cccc(NC(=O)c3cc[nH]c3)c2)nc1N,'>',IC50,30000.0,Modulation of human Nav1.5 in open-inactivated state assessed as inhibition of inward current after 4 mins by whole-cell electrophysiology,Eur J Med Chem,2014,
CHEMBL3113246,,Cl.Nc1nc(-c2ccc(NC(=O)c3ccc[nH]3)cc2)c[nH]1,'>',IC50,30000.0,Modulation of human Nav1.5 in open-inactivated state assessed as inhibition of inward current after 4 mins by whole-cell electrophysiology,Eur J Med Chem,2014,
CHEMBL1421,DASATINIB,Cc1nc(Nc2ncc(C(=O)Nc3c(C)cccc3Cl)s2)cc(N2CCN(CCO)CC2)n1,'=',IC50,398107.17,Inhibition of fast sodium current (INa) in HEK293 cells transfected with human Nav1.5 measured using IonWorks Quattro automated patch clamp platform,J Pharmacol Toxicol Methods,2014,Outside typical range
CHEMBL550348,DEFERASIROX,O=C(O)c1ccc(-n2nc(-c3ccccc3O)nc2-c2ccccc2O)cc1,'=',IC50,79432.82,Inhibition of fast sodium current (INa) in Chinese Hamster Ovary (CHO) K1 cells transfected with human Nav1.5 measured using IonWorks Quattro automated patch clamp platform,J Pharmacol Toxicol Methods,2014,
CHEMBL1118,DESVENLAFAXINE,CN(C)CC(c1ccc(O)cc1)C1(O)CCCCC1,'=',IC50,199526.23,Inhibition of fast sodium current (INa) in Chinese Hamster Ovary (CHO) K1 cells transfected with human Nav1.5 measured using IonWorks Quattro automated patch clamp platform,J Pharmacol Toxicol Methods,2014,Outside typical range
CHEMBL3657929,,CS(=O)(=O)NC(=O)c1cc(Cl)c(OCC2CC3C4CCC(C4)C3C2)cc1F,'=',IC50,743.0,"Electrophysiological Assay: Patch voltage clamp electrophysiology allows for the direct measurement and quantification of block of voltage-gated sodium channels (NaV's), and allows the determination of the time- and voltage-dependence of block which has been interpreted as differential binding to the resting, open, and inactivated states of the sodium channel (Hille, B., Journal of General Physiology (1977), 69: 497-515).The following patch voltage clamp electrophysiology studies were performed on representative compounds of the invention using human embryonic kidney cells (HEK), permanently transfected with an expression vector containing the full-length cDNA coding for the desired human sodium channel alpha -subunit, grown in culture media containing 10% FBS, 1% PSG, and 0.5 mg/mL G418 at 37 C. with 5% CO2. HEK cells used for the electrophysiology (EP) recordings had a passage number of less than 40 for all studies and were used within three days from the time of plating.",,2015,
CHEMBL558,MEXILETINE,Cc1cccc(C)c1OCC(C)N,'=',IC50,58000.0,Blockade of human full-length NaV1.5 expressed in HEK293 cells co-transfected with pCD8-IRES-hbeta1 assessed as 10 Hz of use-dependent-induced channel current at -120 mV holding potential after 36 to 72 hrs by patch clamp assay,J Med Chem,2012,
CHEMBL1963280,,O=C(CCc1ccccc1)c1ccccc1OCC(O)CN1CCC(c2ccccc2)CC1,'>',IC50,5000.0,Inhibition of Nav1.5 assessed as phasic inhibition by patch clamp assay,J Med Chem,2012,
CHEMBL1963594,,Cc1ccc(N2CCN(CC(O)COc3ccccc3C(=O)CCc3ccccc3)CC2)cc1,'>',IC50,5000.0,Inhibition of Nav1.5 assessed as phasic inhibition by patch clamp assay,J Med Chem,2012,
CHEMBL3417035,,CC[C@H](C)[C@@H]1NC(=O)[C@@H]2CSSC[C@@H]3NC(=O)[C@H](C(C)C)NC(=O)[C@H](CC(C)C)NC(=O)[C@H](CC(N)=O)NC(=O)[C@@H]4CCCN4C(=O)[C@H](CCCNC(=N)N)NC(=O)[C@H](CSSC[C@H](NC(=O)[C@@H](N)CC(=O)O)C(=O)N[C@@H](CC(C)C)C(=O)NCC(=O)N[C@@H](Cc4ccccc4)C(=O)N[C@@H](CCSC)C(=O)N[C@@H](CCCNC(=N)N)C(=O)N[C@@H](CCCCN)C(=O)N2)NC(=O)[C@H](CSSC[C@@H](C(=O)N[C@@H](CCCCN)C(=O)N[C@@H](Cc2ccc(O)cc2)C(=O)N[C@H](C(=O)N[C@@H](Cc2ccccc2)C(N)=O)C(C)C)NC(=O)[C@H](Cc2c[nH]c4ccccc24)NC(=O)[C@H](CCCNC(=N)N)NC(=O)[C@H](Cc2cnc[nH]2)NC(=O)[C@H]([C@@H](C)O)NC(=O)[C@H](CCCNC(=N)N)NC(=O)[C@H](CO)NC3=O)NC(=O)[C@H](CCCCN)NC(=O)[C@H](CC(=O)O)NC(=O)[C@H](CC(N)=O)NC(=O)[C@H](CC(=O)O)NC(=O)[C@@H]2CCCN2C1=O,'=',IC50,8800.0,Inhibition of human NaV1.5 at -140 mV holding potential by whole-cell patch clamp assay,J Med Chem,2015,
CHEMBL3341983,,Nc1noc2ccc(-c3cc(Cl)ccc3Oc3cc(F)c(S(=O)(=O)Nc4ncns4)cc3F)cc12,'=',IC50,1380.0,Inhibition of full length human Nav1.5 channel expressed in HEK cells co-expressing human sodium channel subunit beta1 at holding potential -60 mV by automated voltage clamp analysis,ACS Med Chem Lett,2016,
CHEMBL3657939,,O=C(NS(=O)(=O)N1CCOCC1)c1cc(C2CC2)c(OCC23CC4CC(CC(C4)C2)C3)cc1F,'=',IC50,14.0,"Electrophysiological Assay: Patch voltage clamp electrophysiology allows for the direct measurement and quantification of block of voltage-gated sodium channels (NaV's), and allows the determination of the time- and voltage-dependence of block which has been interpreted as differential binding to the resting, open, and inactivated states of the sodium channel (Hille, B., Journal of General Physiology (1977), 69: 497-515).The following patch voltage clamp electrophysiology studies were performed on representative compounds of the invention using human embryonic kidney cells (HEK), permanently transfected with an expression vector containing the full-length cDNA coding for the desired human sodium channel alpha -subunit, grown in culture media containing 10% FBS, 1% PSG, and 0.5 mg/mL G418 at 37 C. with 5% CO2. HEK cells used for the electrophysiology (EP) recordings had a passage number of less than 40 for all studies and were used within three days from the time of plating.",,2015,
CHEMBL3682841,,COc1cc(C(F)(F)F)ccc1-c1cnnc2cc(S(=O)(=O)Nc3nccs3)ccc12,'>',IC50,30000.0,Inhibition of human Nav1.5 expressed in HEK293 cells assessed as inhibition of sodium current at holding potential of -125 mV measured for 3 to 5 mins by whole cell voltage clamp method,ACS Med Chem Lett,2016,
CHEMBL3682623,,COc1cc(C(F)(F)F)ccc1-c1cccc2cc(S(=O)(=O)Nc3ncns3)ccc12,'=',IC50,12000.0,Inhibition of human Nav1.5 expressed in HEK293 cells assessed as inhibition of sodium current at holding potential of -125 mV measured for 3 to 5 mins by whole cell voltage clamp method,ACS Med Chem Lett,2016,
CHEMBL3416907,,CC[C@H](C)[C@@H]1NC(=O)[C@@H]2CSSC[C@@H]3NC(=O)[C@H](C(C)C)NC(=O)[C@H](CC(C)C)NC(=O)[C@H](CC(N)=O)NC(=O)[C@@H]4CCCN4C(=O)[C@H](CCCNC(=N)N)NC(=O)[C@H](CSSC[C@H](NC(=O)[C@@H](N)CC(=O)O)C(=O)N[C@@H](CC(C)C)C(=O)NCC(=O)N[C@@H](Cc4ccccc4)C(=O)N[C@@H](CCSC)C(=O)N[C@@H](CCCNC(=N)N)C(=O)N[C@@H](CCCCN)C(=O)N2)NC(=O)[C@H](CSSC[C@@H](C(=O)N[C@@H](CCCCN)C(=O)N[C@@H](Cc2ccc(O)cc2)C(=O)N[C@H](C(=O)N[C@@H](Cc2ccccc2)C(N)=O)C(C)C)NC(=O)[C@H](Cc2c[nH]c4ccccc24)NC(=O)[C@H](CCCCN)NC(=O)[C@H](Cc2cnc[nH]2)NC(=O)[C@H]([C@@H](C)O)NC(=O)[C@H](C)NC(=O)[C@H](CO)NC3=O)NC(=O)[C@H](CCCCN)NC(=O)[C@H](CC(=O)O)NC(=O)[C@H](CC(N)=O)NC(=O)[C@H](CC(=O)O)NC(=O)[C@@H]2CCCN2C1=O,'>',IC50,5000.0,Inhibition of human NaV1.5 at -140 mV holding potential by whole-cell patch clamp assay,J Med Chem,2015,
CHEMBL3416944,,CC[C@H](C)[C@@H]1NC(=O)[C@@H]2CSSC[C@@H]3NC(=O)[C@H](C(C)C)NC(=O)[C@H](CC(C)C)NC(=O)[C@H](CC(N)=O)NC(=O)[C@@H]4CCCN4C(=O)[C@H](CCCNC(=N)N)NC(=O)[C@H](CSSC[C@H](NC(=O)[C@@H](N)CC(=O)O)C(=O)N[C@@H](CC(C)C)C(=O)NCC(=O)N[C@@H](Cc4ccccc4)C(=O)N[C@@H](CCSC)C(=O)N[C@@H](CCCNC(=N)N)C(=O)N[C@@H](CCCCN)C(=O)N2)NC(=O)[C@H](CSSC[C@@H](C(=O)N[C@@H](CCCCN)C(=O)N[C@@H](Cc2ccc(O)cc2)C(=O)N[C@H](C(=O)N[C@@H](Cc2ccccc2)C(N)=O)C(C)C)NC(=O)[C@H](Cc2c[nH]c4ccccc24)NC(=O)[C@H](CCCCN)NC(=O)[C@H](Cc2cnc[nH]2)NC(=O)[C@H](CCCNC(=N)N)NC(=O)[C@H](CCCNC(=N)N)NC(=O)[C@H](CO)NC3=O)NC(=O)[C@H](CCCCN)NC(=O)[C@H](CC(=O)O)NC(=O)[C@H](CC(N)=O)NC(=O)[C@H](CC(=O)O)NC(=O)[C@@H]2CCCN2C1=O,'=',IC50,500.0,Inhibition of human NaV1.5 at -140 mV holding potential by whole-cell patch clamp assay,J Med Chem,2015,
CHEMBL3799378,,CC[C@H](C)[C@@H]1NC(=O)[C@@H]2CSSC[C@@H]3NC(=O)[C@H](C(C)C)NC(=O)[C@H](CC(C)C)NC(=O)[C@H](CC(N)=O)NC(=O)[C@@H]4CCCN4C(=O)[C@H](CCCN/C(=N/C)NC)NC(=O)[C@H](CSSC[C@H](NC(=O)[C@@H](N)CC(=O)O)C(=O)N[C@@H](CC(C)C)C(=O)NCC(=O)N[C@@H](Cc4ccccc4)C(=O)N[C@@H](CCSC)C(=O)N[C@@H](CCCNC(=N)N)C(=O)N[C@@H](CCCCN)C(=O)N2)NC(=O)[C@H](CSSC[C@@H](C(=O)N[C@@H](CCCCN)C(=O)N[C@@H](Cc2ccc(O)cc2)C(=O)N[C@H](C(=O)N[C@@H](Cc2ccccc2)C(N)=O)C(C)C)NC(=O)[C@H](Cc2c[nH]c4ccccc24)NC(=O)[C@H](CCCCN)NC(=O)[C@H](Cc2cnc[nH]2)NC(=O)[C@H]([C@@H](C)O)NC(=O)[C@H](CCCNC(=N)N)NC(=O)[C@H](CO)NC3=O)NC(=O)[C@H](CCCCN)NC(=O)[C@H](CC(=O)O)NC(=O)[C@H](CC(N)=O)NC(=O)[C@H](CC(=O)O)NC(=O)[C@@H]2CCCN2C1=O,'>',IC50,5000.0,Inhibition of human Nav1.5 expressed in HEK293 cells assessed as inward peak current by ion-works quattro patch clamp electrophysiology method,J Med Chem,2016,
CHEMBL1421,DASATINIB,Cc1nc(Nc2ncc(C(=O)Nc3c(C)cccc3Cl)s2)cc(N2CCN(CCO)CC2)n1,'=',IC50,100000.0,Inhibition of fast sodium current (INa) in Chinese Hamster Ovary (CHO) K1 cells transfected with human Nav1.5 measured using IonWorks Quattro automated patch clamp platform,J Pharmacol Toxicol Methods,2014,
CHEMBL3128188,,O=C(Nc1ccc(C[C@@H]2CC[C@H]([C@H](O)c3cccnc3)N2)cc1)[C@@H]1CCc2ccnn21,'>',IC50,30000.0,Inhibition of human NaV1.5,J Med Chem,2014,
CHEMBL552382,,O=C(NC1CC1c1ccccc1)N1CCC(c2nc(-c3ccccn3)no2)CC1,'>',IC50,10000.0,Inhibition of Nav1.5 channel,J Med Chem,2009,
CHEMBL2010816,,Nc1cncc(Nc2ccc(Oc3ccc(OC(F)(F)F)cc3)cc2)n1,'=',IC50,1500.0,Antagonist activity at human partially inactivated NaV 1.5 channel expressed in HEK293 cells by manual whole cell patch clamp assay,Bioorg Med Chem Lett,2012,
CHEMBL741,LAMOTRIGINE,Nc1nnc(-c2cccc(Cl)c2Cl)c(N)n1,'=',IC50,100000.0,Inhibition of fast sodium current (INa) in Chinese Hamster Ovary (CHO) K1 cells transfected with human Nav1.5 measured using IonWorks Quattro automated patch clamp platform,J Pharmacol Toxicol Methods,2014,
CHEMBL192,SILDENAFIL,CCCc1nn(C)c2c(=O)[nH]c(-c3cc(S(=O)(=O)N4CCN(C)CC4)ccc3OCC)nc12,'=',IC50,501187.23,Inhibition of fast sodium current (INa) in Chinese Hamster Ovary (CHO) K1 cells transfected with human Nav1.5 measured using IonWorks Quattro automated patch clamp platform,J Pharmacol Toxicol Methods,2014,Outside typical range
CHEMBL254316,RALTEGRAVIR,Cc1nnc(C(=O)NC(C)(C)c2nc(C(=O)NCc3ccc(F)cc3)c(O)c(=O)n2C)o1,'=',IC50,1584893.19,Inhibition of fast sodium current (INa) in HEK293 cells transfected with human Nav1.5 measured using IonWorks Quattro automated patch clamp platform,J Pharmacol Toxicol Methods,2014,Outside typical range
CHEMBL1118,DESVENLAFAXINE,CN(C)CC(c1ccc(O)cc1)C1(O)CCCCC1,'=',IC50,316227.77,Inhibition of fast sodium current (INa) in HEK293 cells transfected with human Nav1.5 measured using IonWorks Quattro automated patch clamp platform,J Pharmacol Toxicol Methods,2014,Outside typical range
CHEMBL3113245,,Cl.Nc1nc(-c2cccc(NC(=O)c3ccc[nH]3)c2)c[nH]1,'>',IC50,30000.0,Modulation of human Nav1.5 in closed state assessed as inhibition of inward current after 4 mins by whole-cell electrophysiology,Eur J Med Chem,2014,
CHEMBL3113251,,CC(C)(C)OC(=O)n1cc(-c2ccc(NC(=O)c3cc4ccccc4[nH]3)cc2)nc1N,'>',IC50,30000.0,Modulation of human Nav1.5 in open-inactivated state assessed as inhibition of inward current after 4 mins by whole-cell electrophysiology,Eur J Med Chem,2014,
CHEMBL473,DOFETILIDE,CN(CCOc1ccc(NS(C)(=O)=O)cc1)CCc1ccc(NS(C)(=O)=O)cc1,'=',IC50,316227.77,Inhibition of fast sodium current (INa) in Chinese Hamster Ovary (CHO) K1 cells transfected with human Nav1.5 measured using IonWorks Quattro automated patch clamp platform,J Pharmacol Toxicol Methods,2014,Outside typical range
CHEMBL4069801,,O=S(=O)(Nc1nccs1)c1cc(Cl)c(NC2CC3CCC2O3)cc1F,'=',IC50,931.0,Inhibition of human Nav1.5 inactivated state form expressed in HEK293 cells at -60 mV holding potential by by automated patch clamp electrophysiology assay,Bioorg Med Chem,2017,
CHEMBL3416911,,CC[C@H](C)[C@@H]1NC(=O)[C@@H]2CSSC[C@@H]3NC(=O)[C@H](C(C)C)NC(=O)[C@H](CC(C)C)NC(=O)[C@H](CC(N)=O)NC(=O)[C@@H]4CCCN4C(=O)[C@H](CCCNC(=N)N)NC(=O)[C@H](CSSC[C@H](NC(=O)[C@@H](N)CC(=O)O)C(=O)N[C@@H](CC(C)C)C(=O)NCC(=O)N[C@@H](Cc4ccccc4)C(=O)N[C@@H](CCSC)C(=O)N[C@@H](CCCNC(=N)N)C(=O)N[C@@H](CCCCN)C(=O)N2)NC(=O)[C@H](CSSC[C@@H](C(=O)N[C@@H](CCCCN)C(=O)N[C@@H](Cc2ccc(O)cc2)C(=O)N[C@H](C(=O)N[C@@H](Cc2ccccc2)C(N)=O)C(C)C)NC(=O)[C@H](C)NC(=O)[C@H](CCCCN)NC(=O)[C@H](Cc2cnc[nH]2)NC(=O)[C@H]([C@@H](C)O)NC(=O)[C@H](CCCNC(=N)N)NC(=O)[C@H](CO)NC3=O)NC(=O)[C@H](CCCCN)NC(=O)[C@H](CC(=O)O)NC(=O)[C@H](CC(N)=O)NC(=O)[C@H](CC(=O)O)NC(=O)[C@@H]2CCCN2C1=O,'>',IC50,5000.0,Inhibition of human NaV1.5 at -140 mV holding potential by whole-cell patch clamp assay,J Med Chem,2015,
CHEMBL3416937,,CC[C@H](C)[C@@H]1NC(=O)[C@@H]2CSSC[C@@H]3NC(=O)[C@H](C(C)C)NC(=O)[C@H](CC(C)C)NC(=O)[C@H](CC(N)=O)NC(=O)[C@@H]4CCCN4C(=O)[C@H](CCCNC(=N)N)NC(=O)[C@H](CSSC[C@H](NC(=O)[C@@H](N)CC(=O)O)C(=O)N[C@@H](CC(C)C)C(=O)NCC(=O)N[C@@H](Cc4ccccc4)C(=O)N[C@@H](Cc4cccc5ccccc45)C(=O)N[C@@H](CCCNC(=N)N)C(=O)N[C@@H](CCCCN)C(=O)N2)NC(=O)[C@H](CSSC[C@@H](C(=O)N[C@@H](CCCCN)C(=O)N[C@@H](Cc2ccc(O)cc2)C(=O)N[C@H](C(=O)N[C@@H](Cc2ccccc2)C(N)=O)C(C)C)NC(=O)[C@H](Cc2c[nH]c4ccccc24)NC(=O)[C@H](CCCCN)NC(=O)[C@H](Cc2cnc[nH]2)NC(=O)[C@H]([C@@H](C)O)NC(=O)[C@H](CCCNC(=N)N)NC(=O)[C@H](CO)NC3=O)NC(=O)[C@H](CCCCN)NC(=O)[C@H](CC(=O)O)NC(=O)[C@H](CC(N)=O)NC(=O)[C@H](CC(=O)O)NC(=O)[C@@H]2CCCN2C1=O,'=',IC50,400.0,Inhibition of human Nav1.5 expressed in HEK293 cells by whole cell patch clamp electrophysiology method,J Med Chem,2016,
CHEMBL4859414,,O=S(=O)(Nc1cccc(F)n1)c1cc(F)c(O[C@H]2CCN(CC(F)(F)F)C[C@@H]2c2ccccc2)cc1F,'=',IC50,700.0,Inhibition of human Nav1.5 by automated voltage clamp electrophysiology,Bioorg Med Chem Lett,2021,
CHEMBL4854735,,O=S(=O)(Nc1cccc(F)n1)c1cc(F)c(O[C@H]2CCN(CC(F)(F)F)C[C@@H]2c2ccc(F)c(F)c2)c(F)c1,'=',IC50,170.0,Inhibition of human Nav1.5 by automated voltage clamp electrophysiology,Bioorg Med Chem Lett,2021,
CHEMBL4859414,,O=S(=O)(Nc1cccc(F)n1)c1cc(F)c(O[C@H]2CCN(CC(F)(F)F)C[C@@H]2c2ccccc2)cc1F,'=',IC50,410.0,Inhibition of human Nav1.5 VSD2 R814A mutant by automated voltage clamp electrophysiology,Bioorg Med Chem Lett,2021,
CHEMBL4854735,,O=S(=O)(Nc1cccc(F)n1)c1cc(F)c(O[C@H]2CCN(CC(F)(F)F)C[C@@H]2c2ccc(F)c(F)c2)c(F)c1,'=',IC50,17.7,Inhibition of human Nav1.5 expressed in HEK293 cells assessed as inhibition of peak channel current at holding potential of -95 mV,Bioorg Med Chem Lett,2021,
CHEMBL3113244,,CC(C)(C)OC(=O)n1cc(-c2ccc(NC(=O)c3ccc[nH]3)cc2)nc1N,'>',IC50,30000.0,Modulation of human Nav1.5 in closed state assessed as inhibition of inward current after 4 mins by whole-cell electrophysiology,Eur J Med Chem,2014,
CHEMBL3113247,,CC(C)(C)OC(=O)n1cc(-c2cccc(NC(=O)c3cc[nH]c3)c2)nc1N,'>',IC50,30000.0,Modulation of human Nav1.5 in closed state assessed as inhibition of inward current after 4 mins by whole-cell electrophysiology,Eur J Med Chem,2014,
CHEMBL3113251,,CC(C)(C)OC(=O)n1cc(-c2ccc(NC(=O)c3cc4ccccc4[nH]3)cc2)nc1N,'>',IC50,30000.0,Modulation of human Nav1.5 in closed state assessed as inhibition of inward current after 4 mins by whole-cell electrophysiology,Eur J Med Chem,2014,
CHEMBL3112596,,CNc1nc(-c2cccc(NC(=O)c3cc4ccccc4[nH]3)c2)c[nH]1.Cl,'>',IC50,30000.0,Modulation of human Nav1.5 in closed state assessed as inhibition of inward current after 4 mins by whole-cell electrophysiology,Eur J Med Chem,2014,
CHEMBL3799550,,CC[C@H](C)[C@@H]1NC(=O)[C@@H]2CSSC[C@@H]3NC(=O)[C@H](C(C)C)NC(=O)[C@H](CC(C)C)NC(=O)[C@H](CC(N)=O)NC(=O)[C@@H]4CCCN4C(=O)[C@H](CCCNC(=N)N)NC(=O)[C@H](CSSC[C@H](NC(=O)[C@@H](N)CC(=O)O)C(=O)N[C@@H](CC(C)C)C(=O)N[C@@H](CCCNC(=N)N)C(=O)N[C@@H](Cc4ccccc4)C(=O)N[C@@H](CCSC)C(=O)N[C@@H](CCCNC(=N)N)C(=O)N[C@@H](CCCCN)C(=O)N2)NC(=O)[C@H](CSSC[C@@H](C(=O)N[C@@H](CCCCN)C(=O)N[C@@H](Cc2ccc(O)cc2)C(=O)N[C@H](C(=O)N[C@@H](Cc2ccccc2)C(N)=O)C(C)C)NC(=O)[C@H](Cc2c[nH]c4ccccc24)NC(=O)[C@H](CCCCN)NC(=O)[C@H](Cc2cnc[nH]2)NC(=O)[C@H]([C@@H](C)O)NC(=O)[C@H](CCCNC(=N)N)NC(=O)[C@H](CO)NC3=O)NC(=O)[C@H](CCCCN)NC(=O)[C@H](CC(=O)O)NC(=O)[C@H](CC(N)=O)NC(=O)[C@H](CC(=O)O)NC(=O)[C@@H]2CCCN2C1=O,'=',IC50,4500.0,Inhibition of human Nav1.5 expressed in HEK293 cells by whole cell patch clamp electrophysiology method,J Med Chem,2016,
CHEMBL3800461,,CC[C@H](C)[C@@H]1NC(=O)[C@@H]2CSSC[C@@H]3NC(=O)[C@H](Cc4c[nH]c5ccccc45)NC(=O)[C@H](CC(C)C)NC(=O)[C@H](CC(N)=O)NC(=O)[C@@H]4CCCN4C(=O)[C@H](CCCNC(=N)N)NC(=O)[C@H](CSSC[C@H](NC(=O)[C@@H](N)CC(=O)O)C(=O)N[C@@H](CC(C)C)C(=O)NCC(=O)N[C@@H](Cc4ccccc4)C(=O)N[C@@H](CCSC)C(=O)N[C@@H](CCCNC(=N)N)C(=O)N[C@@H](CCCCN)C(=O)N2)NC(=O)[C@H](CSSC[C@@H](C(=O)N[C@@H](CCCCN)C(=O)N[C@@H](Cc2ccc(O)cc2)C(=O)N[C@H](C(=O)N[C@@H](Cc2ccccc2)C(N)=O)C(C)C)NC(=O)[C@H](Cc2c[nH]c4ccccc24)NC(=O)[C@H](CCCCN)NC(=O)[C@H](Cc2cnc[nH]2)NC(=O)[C@H]([C@@H](C)O)NC(=O)[C@H](CCCNC(=N)N)NC(=O)[C@H](CO)NC3=O)NC(=O)[C@H](CCCCN)NC(=O)[C@H](CC(=O)O)NC(=O)[C@H](CC(N)=O)NC(=O)[C@H](CC(=O)O)NC(=O)[C@@H]2CCCN2C1=O,'=',IC50,3200.0,Inhibition of human Nav1.5 expressed in HEK293 cells by whole cell patch clamp electrophysiology method,J Med Chem,2016,
CHEMBL1684585,,Nc1nc(CC(=O)Nc2ccc(C[C@@H]3CC[C@H]([C@H](O)c4ccccc4)N3)cc2)cs1,'>',IC50,30000.0,Inhibition of human NaV1.5,J Med Chem,2014,
CHEMBL2011947,,Nc1ncnc(Nc2ccc(Oc3ccc(Cl)cc3)cc2)n1,'=',IC50,3200.0,Antagonist activity at human partially inactivated NaV 1.5 channel expressed in HEK293 cells by PatchXpress voltage patch clamp assay,Bioorg Med Chem Lett,2012,
CHEMBL3416893,,CC[C@H](C)[C@@H]1NC(=O)[C@@H]2CSSC[C@@H]3NC(=O)[C@H](C(C)C)NC(=O)[C@H](CC(C)C)NC(=O)[C@H](CC(N)=O)NC(=O)[C@@H]4CCCN4C(=O)[C@H](CCCNC(=N)N)NC(=O)[C@H](CSSC[C@H](NC(=O)[C@@H](N)CC(=O)O)C(=O)N[C@@H](CC(C)C)C(=O)NCC(=O)N[C@@H](C)C(=O)N[C@@H](CCSC)C(=O)N[C@@H](CCCNC(=N)N)C(=O)N[C@@H](CCCCN)C(=O)N2)NC(=O)[C@H](CSSC[C@@H](C(=O)N[C@@H](CCCCN)C(=O)N[C@@H](Cc2ccc(O)cc2)C(=O)N[C@H](C(=O)N[C@@H](Cc2ccccc2)C(N)=O)C(C)C)NC(=O)[C@H](Cc2c[nH]c4ccccc24)NC(=O)[C@H](CCCCN)NC(=O)[C@H](Cc2cnc[nH]2)NC(=O)[C@H]([C@@H](C)O)NC(=O)[C@H](CCCNC(=N)N)NC(=O)[C@H](CO)NC3=O)NC(=O)[C@H](CCCCN)NC(=O)[C@H](CC(=O)O)NC(=O)[C@H](CC(N)=O)NC(=O)[C@H](CC(=O)O)NC(=O)[C@@H]2CCCN2C1=O,'=',IC50,27000.0,Inhibition of human NaV1.5 at -140 mV holding potential by whole-cell patch clamp assay,J Med Chem,2015,
CHEMBL3416892,,CC[C@H](C)[C@@H]1NC(=O)[C@@H]2CSSC[C@@H]3NC(=O)[C@H](C(C)C)NC(=O)[C@H](CC(C)C)NC(=O)[C@H](CC(N)=O)NC(=O)[C@@H]4CCCN4C(=O)[C@H](CCCNC(=N)N)NC(=O)[C@H](CSSC[C@H](NC(=O)[C@@H](N)CC(=O)O)C(=O)N[C@@H](CC(C)C)C(=O)N[C@@H](C)C(=O)N[C@@H](Cc4ccccc4)C(=O)N[C@@H](CCSC)C(=O)N[C@@H](CCCNC(=N)N)C(=O)N[C@@H](CCCCN)C(=O)N2)NC(=O)[C@H](CSSC[C@@H](C(=O)N[C@@H](CCCCN)C(=O)N[C@@H](Cc2ccc(O)cc2)C(=O)N[C@H](C(=O)N[C@@H](Cc2ccccc2)C(N)=O)C(C)C)NC(=O)[C@H](Cc2c[nH]c4ccccc24)NC(=O)[C@H](CCCCN)NC(=O)[C@H](Cc2cnc[nH]2)NC(=O)[C@H]([C@@H](C)O)NC(=O)[C@H](CCCNC(=N)N)NC(=O)[C@H](CO)NC3=O)NC(=O)[C@H](CCCCN)NC(=O)[C@H](CC(=O)O)NC(=O)[C@H](CC(N)=O)NC(=O)[C@H](CC(=O)O)NC(=O)[C@@H]2CCCN2C1=O,'>',IC50,5000.0,Inhibition of human NaV1.5 at -140 mV holding potential by whole-cell patch clamp assay,J Med Chem,2015,
CHEMBL3112596,,CNc1nc(-c2cccc(NC(=O)c3cc4ccccc4[nH]3)c2)c[nH]1.Cl,'=',IC50,20000.0,Modulation of human Nav1.5 in open-inactivated state assessed as inhibition of inward current after 4 mins by whole-cell electrophysiology,Eur J Med Chem,2014,
CHEMBL3113254,,CC(C)(C)OC(=O)n1cc(-c2cccc(NC(=O)c3c[nH]c4ccccc34)c2)nc1N,'>',IC50,30000.0,Modulation of human Nav1.5 in open-inactivated state assessed as inhibition of inward current after 4 mins by whole-cell electrophysiology,Eur J Med Chem,2014,
CHEMBL741,LAMOTRIGINE,Nc1nnc(-c2cccc(Cl)c2Cl)c(N)n1,'=',IC50,39810.72,Inhibition of fast sodium current (INa) in HEK293 cells transfected with human Nav1.5 measured using IonWorks Quattro automated patch clamp platform,J Pharmacol Toxicol Methods,2014,
CHEMBL1621,PALIPERIDONE,Cc1nc2n(c(=O)c1CCN1CCC(c3noc4cc(F)ccc34)CC1)CCCC2O,'=',IC50,158489.32,Inhibition of fast sodium current (INa) in HEK293 cells transfected with human Nav1.5 measured using IonWorks Quattro automated patch clamp platform,J Pharmacol Toxicol Methods,2014,Outside typical range
CHEMBL3416905,,CC[C@H](C)[C@@H]1NC(=O)[C@@H]2CSSC[C@@H]3NC(=O)[C@H](C)NC(=O)[C@H](CC(C)C)NC(=O)[C@H](CC(N)=O)NC(=O)[C@@H]4CCCN4C(=O)[C@H](CCCNC(=N)N)NC(=O)[C@H](CSSC[C@H](NC(=O)[C@@H](N)CC(=O)O)C(=O)N[C@@H](CC(C)C)C(=O)NCC(=O)N[C@@H](Cc4ccccc4)C(=O)N[C@@H](CCSC)C(=O)N[C@@H](CCCNC(=N)N)C(=O)N[C@@H](CCCCN)C(=O)N2)NC(=O)[C@H](CSSC[C@@H](C(=O)N[C@@H](CCCCN)C(=O)N[C@@H](Cc2ccc(O)cc2)C(=O)N[C@H](C(=O)N[C@@H](Cc2ccccc2)C(N)=O)C(C)C)NC(=O)[C@H](Cc2c[nH]c4ccccc24)NC(=O)[C@H](CCCCN)NC(=O)[C@H](Cc2cnc[nH]2)NC(=O)[C@H]([C@@H](C)O)NC(=O)[C@H](CCCNC(=N)N)NC(=O)[C@H](CO)NC3=O)NC(=O)[C@H](CCCCN)NC(=O)[C@H](CC(=O)O)NC(=O)[C@H](CC(N)=O)NC(=O)[C@H](CC(=O)O)NC(=O)[C@@H]2CCCN2C1=O,'>',IC50,5000.0,Inhibition of human Nav1.5 expressed in HEK293 cells assessed as inward peak current by ion-works quattro patch clamp electrophysiology method,J Med Chem,2016,
CHEMBL3799757,,CSCC[C@@H]1NC(=O)[C@H](Cc2ccccc2)NC(=O)CNC(=O)[C@H](CC(C)C)NC(=O)[C@@H](NC(=O)[C@@H](N)CC(=O)O)CSSC[C@@H]2NC(=O)[C@@H]3CSSC[C@@H](C(=O)N[C@@H](CCCCN)C(=O)N[C@@H](Cc4ccc(O)cc4)C(=O)N[C@H](C(=O)N[C@@H](Cc4ccccc4)C(N)=O)C(C)C)NC(=O)[C@H](Cc4c[nH]c5ccccc45)NC(=O)[C@H](CCCCN)NC(=O)[C@H](Cc4cnc[nH]4)NC(=O)[C@H]([C@@H](C)O)NC(=O)[C@H](CCCNC(=N)N)NC(=O)[C@H](CO)NC(=O)[C@H](CSSC[C@H](NC(=O)[C@H](CCCCN)NC(=O)[C@H](CCCNC(=N)N)NC1=O)C(=O)N[C@@H](CCC(=O)O)C(=O)N1CCC[C@H]1C(=O)N[C@@H](CC(=O)O)C(=O)N[C@@H](CC(N)=O)C(=O)N[C@@H](CC(=O)O)C(=O)N[C@@H](CCCCN)C(=O)N3)NC(=O)[C@H](C(C)C)NC(=O)[C@H](CC(C)C)NC(=O)[C@H](CC(N)=O)NC(=O)[C@@H]1CCCN1C(=O)[C@H](CCCNC(=N)N)NC2=O,'>',IC50,5000.0,Inhibition of human Nav1.5 expressed in HEK293 cells assessed as inward peak current by ion-works quattro patch clamp electrophysiology method,J Med Chem,2016,
CHEMBL3416901,,CC[C@H](C)[C@@H]1NC(=O)[C@@H]2CSSC[C@@H]3NC(=O)[C@H](C(C)C)NC(=O)[C@H](CC(C)C)NC(=O)[C@H](CC(N)=O)NC(=O)[C@@H]4CCCN4C(=O)[C@H](C)NC(=O)[C@H](CSSC[C@H](NC(=O)[C@@H](N)CC(=O)O)C(=O)N[C@@H](CC(C)C)C(=O)NCC(=O)N[C@@H](Cc4ccccc4)C(=O)N[C@@H](CCSC)C(=O)N[C@@H](CCCNC(=N)N)C(=O)N[C@@H](CCCCN)C(=O)N2)NC(=O)[C@H](CSSC[C@@H](C(=O)N[C@@H](CCCCN)C(=O)N[C@@H](Cc2ccc(O)cc2)C(=O)N[C@H](C(=O)N[C@@H](Cc2ccccc2)C(N)=O)C(C)C)NC(=O)[C@H](Cc2c[nH]c4ccccc24)NC(=O)[C@H](CCCCN)NC(=O)[C@H](Cc2cnc[nH]2)NC(=O)[C@H]([C@@H](C)O)NC(=O)[C@H](CCCNC(=N)N)NC(=O)[C@H](CO)NC3=O)NC(=O)[C@H](CCCCN)NC(=O)[C@H](CC(=O)O)NC(=O)[C@H](CC(N)=O)NC(=O)[C@H](CC(=O)O)NC(=O)[C@@H]2CCCN2C1=O,'>',IC50,20000.0,Inhibition of human Nav1.5 expressed in HEK293 cells assessed as inward peak current by ion-works quattro patch clamp electrophysiology method,J Med Chem,2016,
CHEMBL3416906,,CC[C@H](C)[C@@H]1NC(=O)[C@@H]2CSSC[C@@H]3NC(=O)[C@H](C(C)C)NC(=O)[C@H](CC(C)C)NC(=O)[C@H](CC(N)=O)NC(=O)[C@@H]4CCCN4C(=O)[C@H](CCCNC(=N)N)NC(=O)[C@H](CSSC[C@H](NC(=O)[C@@H](N)CC(=O)O)C(=O)N[C@@H](CC(C)C)C(=O)NCC(=O)N[C@@H](Cc4ccccc4)C(=O)N[C@@H](CCSC)C(=O)N[C@@H](CCCNC(=N)N)C(=O)N[C@@H](CCCCN)C(=O)N2)NC(=O)[C@H](CSSC[C@@H](C(=O)N[C@@H](CCCCN)C(=O)N[C@@H](Cc2ccc(O)cc2)C(=O)N[C@H](C(=O)N[C@@H](Cc2ccccc2)C(N)=O)C(C)C)NC(=O)[C@H](Cc2c[nH]c4ccccc24)NC(=O)[C@H](CCCCN)NC(=O)[C@H](Cc2cnc[nH]2)NC(=O)[C@H]([C@@H](C)O)NC(=O)[C@H](CCCNC(=N)N)NC(=O)[C@H](C)NC3=O)NC(=O)[C@H](CCCCN)NC(=O)[C@H](CC(=O)O)NC(=O)[C@H](CC(N)=O)NC(=O)[C@H](CC(=O)O)NC(=O)[C@@H]2CCCN2C1=O,'>',IC50,4700.0,Inhibition of human Nav1.5 expressed in HEK293 cells assessed as inward peak current by ion-works quattro patch clamp electrophysiology method,J Med Chem,2016,
CHEMBL3416945,,CC[C@H](C)[C@@H]1NC(=O)[C@@H]2CSSC[C@@H]3NC(=O)[C@H](C(C)C)NC(=O)[C@H](CC(C)C)NC(=O)[C@H](CC(N)=O)NC(=O)[C@@H]4CCCN4C(=O)[C@H](CCCNC(=N)N)NC(=O)[C@H](CSSC[C@H](NC(=O)[C@@H](N)CC(=O)O)C(=O)N[C@@H](CC(C)C)C(=O)NCC(=O)N[C@@H](Cc4ccccc4)C(=O)N[C@@H](CCSC)C(=O)N[C@@H](CCCNC(=N)N)C(=O)N[C@@H](CCCCN)C(=O)N2)NC(=O)[C@H](CSSC[C@@H](C(=O)N[C@@H](CCCCN)C(=O)N[C@@H](Cc2ccc(O)cc2)C(=O)N[C@H](C(=O)N[C@@H](Cc2ccccc2)C(N)=O)C(C)C)NC(=O)[C@H](Cc2c[nH]c4ccccc24)NC(=O)[C@H](CCCCN)NC(=O)[C@H](Cc2cnc[nH]2)NC(=O)[C@H](CCC(=O)O)NC(=O)[C@H](CCCNC(=N)N)NC(=O)[C@H](CO)NC3=O)NC(=O)[C@H](CCCCN)NC(=O)[C@H](CC(=O)O)NC(=O)[C@H](CC(N)=O)NC(=O)[C@H](CC(=O)O)NC(=O)[C@@H]2CCCN2C1=O,'>',IC50,10000.0,Inhibition of human NaV1.5 at -140 mV holding potential by whole-cell patch clamp assay,J Med Chem,2015,
CHEMBL3416905,,CC[C@H](C)[C@@H]1NC(=O)[C@@H]2CSSC[C@@H]3NC(=O)[C@H](C)NC(=O)[C@H](CC(C)C)NC(=O)[C@H](CC(N)=O)NC(=O)[C@@H]4CCCN4C(=O)[C@H](CCCNC(=N)N)NC(=O)[C@H](CSSC[C@H](NC(=O)[C@@H](N)CC(=O)O)C(=O)N[C@@H](CC(C)C)C(=O)NCC(=O)N[C@@H](Cc4ccccc4)C(=O)N[C@@H](CCSC)C(=O)N[C@@H](CCCNC(=N)N)C(=O)N[C@@H](CCCCN)C(=O)N2)NC(=O)[C@H](CSSC[C@@H](C(=O)N[C@@H](CCCCN)C(=O)N[C@@H](Cc2ccc(O)cc2)C(=O)N[C@H](C(=O)N[C@@H](Cc2ccccc2)C(N)=O)C(C)C)NC(=O)[C@H](Cc2c[nH]c4ccccc24)NC(=O)[C@H](CCCCN)NC(=O)[C@H](Cc2cnc[nH]2)NC(=O)[C@H]([C@@H](C)O)NC(=O)[C@H](CCCNC(=N)N)NC(=O)[C@H](CO)NC3=O)NC(=O)[C@H](CCCCN)NC(=O)[C@H](CC(=O)O)NC(=O)[C@H](CC(N)=O)NC(=O)[C@H](CC(=O)O)NC(=O)[C@@H]2CCCN2C1=O,'>',IC50,5000.0,Inhibition of human NaV1.5 at -140 mV holding potential by whole-cell patch clamp assay,J Med Chem,2015,
CHEMBL3692149,,COc1cc(C(F)(F)F)ccc1-c1n[nH]c(=O)c2cc(S(=O)(=O)Nc3nccs3)ccc12,'>',IC50,30000.0,"In Vitro PX Assay: 293 cells stably transfected with Nav 1.5 were recorded in whole cell voltage clamp mode with the PatchXpress automated electrophysiology system according the manufacturer's specifications (Molecular Devices, LLC, Sunnyvale, Calif.). Cells were held at a holding potential of −50 mV to inactivate sodium channels. To elicit sodium currents the voltage was changed to −120 mV to recover a portion of the channels, followed by delivery of test pulses of 20 msec duration to 0 mV, at 0.1 Hz. A single concentration of test compound was applied to cells for a duration of 5 minutes. Peak sodium current was measured at the end of the compound addition period to determine percent inhibition.",,2015,
CHEMBL4854735,,O=S(=O)(Nc1cccc(F)n1)c1cc(F)c(O[C@H]2CCN(CC(F)(F)F)C[C@@H]2c2ccc(F)c(F)c2)c(F)c1,'=',IC50,110.0,Inhibition of human Nav1.5 by V1/2 protocol based analysis,Bioorg Med Chem Lett,2021,
CHEMBL3416916,,CC[C@H](C)[C@@H]1NC(=O)[C@@H]2CSSC[C@@H]3NC(=O)[C@H](C(C)C)NC(=O)[C@H](CC(C)C)NC(=O)[C@H](CC(N)=O)NC(=O)[C@@H]4CCCN4C(=O)[C@H](CCCNC(=N)N)NC(=O)[C@H](CSSC[C@H](NC(=O)[C@@H](N)CC(=O)O)C(=O)N[C@@H](CC(C)C)C(=O)NCC(=O)N[C@@H](Cc4ccccc4)C(=O)N[C@@H](CCSC)C(=O)N[C@@H](CCCNC(=N)N)C(=O)N[C@@H](CCCCN)C(=O)N2)NC(=O)[C@H](CSSC[C@@H](C(=O)N[C@@H](CCCCN)C(=O)N[C@@H](Cc2ccc(O)cc2)C(=O)N[C@H](C(=O)N[C@@H](Cc2ccccc2)C(=O)N[C@@H](C)C(N)=O)C(C)C)NC(=O)[C@H](Cc2c[nH]c4ccccc24)NC(=O)[C@H](CCCCN)NC(=O)[C@H](Cc2cnc[nH]2)NC(=O)[C@H]([C@@H](C)O)NC(=O)[C@H](CCCNC(=N)N)NC(=O)[C@H](CO)NC3=O)NC(=O)[C@H](CCCCN)NC(=O)[C@H](CC(=O)O)NC(=O)[C@H](CC(N)=O)NC(=O)[C@H](CC(=O)O)NC(=O)[C@@H]2CCCN2C1=O,'>',IC50,5000.0,Inhibition of human NaV1.5 at -140 mV holding potential by whole-cell patch clamp assay,J Med Chem,2015,
CHEMBL5083772,BIIB-091,Cn1cc(Nc2nccc(-c3ccc4c(c3)CN(C3COC3)CC[C@H]4NC(=O)c3cn(C(C)(C)C)nn3)n2)cn1,'>',IC50,25000.0,Inhibition of tonic human Nav1.5,J Med Chem,2022,
CHEMBL3948638,,N#Cc1cc(C(F)(F)F)ccc1N1CCOc2cc(S(=O)(=O)Nc3nccs3)cc(F)c21,'=',IC50,385.0,"In Vitro Assay: HEK 293 cells stably transfected with either Nav 1.7 or with Nav 1.5 were recorded in population patch-clamp mode with the IonWorks® Quattro automated electrophysiology system in accordance with the manufacturer's specifications (Molecular Devices, LLC, Sunnyvale, Calif.). Sodium channel currents were measured in response to a train of depolarizations that induced successively greater inactivation. Cells were held at −110 mV for three seconds (Nav 1.7) or half a second (Nav 1.5) from a holding voltage of −15 mV, then put through a series of 26 pulses of 150 msec duration to −20 mV at a frequency of 5 Hz. Cells were then left unclamped for a period of 3 to 8 minutes while a single concentration of test compound was added. Cells were then reclamped and put through the same voltage protocol. Current at the end of the 26th pulse to −20 mV was subtracted from the peak current evoked by the 26th pulse to −20 mV to correct for leak current.",,2016,
CHEMBL4094490,,O=S(=O)(Nc1nccs1)c1cc(Cl)c(NCCC2CCCOC2)cc1F,'=',IC50,50.0,Inhibition of human Nav1.5 inactivated state form expressed in HEK293 cells at -60 mV holding potential by by automated patch clamp electrophysiology assay,Bioorg Med Chem,2017,
CHEMBL4073324,,O=C1CCC(CNc2cc(F)c(S(=O)(=O)Nc3nccs3)cc2Cl)CC1,'=',IC50,150.0,Inhibition of human Nav1.5 inactivated state form expressed in HEK293 cells at -60 mV holding potential by by automated patch clamp electrophysiology assay,Bioorg Med Chem,2017,
CHEMBL4076229,,O=S(=O)(Nc1nccs1)c1cc(Cl)c(NCCC2CCOC2)cc1F,'=',IC50,10000.0,Inhibition of human Nav1.5 inactivated state form expressed in HEK293 cells at -50 mV holding potential by by automated patch clamp electrophysiology assay,Bioorg Med Chem,2017,
CHEMBL4062009,,O=S(=O)(Nc1nccs1)c1cc(Cl)c(NC2CCOCC2)cc1F,'>',IC50,30000.0,Inhibition of human Nav1.5 inactivated state form expressed in HEK293 cells at -50 mV holding potential by by automated patch clamp electrophysiology assay,Bioorg Med Chem,2017,
CHEMBL4092435,,O=S(=O)(Nc1nccs1)c1cc(Cl)c(NC[C@H]2CC[C@H](O)CC2)cc1F,'=',IC50,1300.0,Inhibition of human Nav1.5 inactivated state form expressed in HEK293 cells at -50 mV holding potential by by automated patch clamp electrophysiology assay,Bioorg Med Chem,2017,
CHEMBL3657855,,O=C(NS(=O)(=O)N1CCC1)c1cc(C2CC2)c(OCC23CC4CC(CC(C4)C2)C3)cc1F,'=',IC50,51.0,Inhibition of full length human Nav1.5 expressed in HEK cells by whole cell voltage clamp analysis,J Med Chem,2021,
CHEMBL4280298,,CC(C)COc1ncc(-c2nn(C)c3cc(C(=O)NS(C)(=O)=O)ccc23)cc1Cl,'=',IC50,6500.0,Inhibition of human Nav1.5 expressed in HEK293 cells after 600 secs at -50 mV holding potential by ion works barracuda population patch clamp method,J Med Chem,2019,
CHEMBL4279180,,CC(C)COc1ncc(-c2cn(C)c3cc(C(=O)NS(C)(=O)=O)ccc23)cc1Cl,'=',IC50,18347.0,Inhibition of Nav1.5 (unknown origin) expressed in HEK293 cells at -40 mV holding potential measured after 600 secs by patch clamp method,ACS Med Chem Lett,2018,
CHEMBL631,PROPAFENONE,CCCNCC(O)COc1ccccc1C(=O)CCc1ccccc1,'>',IC50,5000.0,Inhibition of human cloned Nav1.5 channel expressed in chinese hamster CHO cells assessed as phasic inhibition after 5 mins by patch clamp assay,J Med Chem,2011,
CHEMBL2164371,,O=C(NCc1ccc(OC(F)(F)F)cc1)C1c2ccccc2C(=O)N1C1CCOCC1,'>',IC50,33000.0,Inhibition of human NaV1.5 alpha subunit expressed in CHOK1 cells at -90 mV holding potential by patch clamp electrophysiological assay,J Med Chem,2012,
CHEMBL3682622,,Cc1cc(C(F)(F)F)ccc1-c1cccc2cc(S(=O)(=O)Nc3ncns3)ccc12,'=',IC50,5100.0,Inhibition of human Nav1.5 expressed in HEK293 cells assessed as inhibition of sodium current at holding potential of -125 mV measured for 3 to 5 mins by whole cell voltage clamp method,ACS Med Chem Lett,2016,
CHEMBL1963594,,Cc1ccc(N2CCN(CC(O)COc3ccccc3C(=O)CCc3ccccc3)CC2)cc1,'>',IC50,5000.0,Inhibition of Nav1.5 assessed as tonic inhibition by patch clamp assay,J Med Chem,2012,
CHEMBL3318132,,CSCC[C@@H]1NC(=O)CNC(=O)[C@H](CCC(=O)O)NC(=O)[C@@H]2CSSC[C@H](NC(=O)[C@@H](N)Cc3ccc(O)cc3)C(=O)N[C@@H](CCC(N)=O)C(=O)N[C@@H](CCCCN)C(=O)N[C@@H](Cc3c[nH]c4ccccc34)C(=O)N[C@@H](CCSC)C(=O)N[C@@H](Cc3c[nH]c4ccccc34)C(=O)N[C@@H]([C@@H](C)O)C(=O)N[C@H]3CSSC[C@H](NC(=O)[C@H](C(C)C)NC1=O)C(=O)N[C@@H](CCCNC(=N)N)C(=O)N[C@@H](CC(C)C)C(=O)N[C@@H](Cc1c[nH]c4ccccc14)C(=O)N[C@H](C(=O)N[C@@H](CCCCN)C(=O)N[C@@H](CCCCN)C(=O)N[C@@H](CCCCN)C(=O)N[C@@H](CC(C)C)C(=O)N[C@@H](Cc1c[nH]c4ccccc14)C(=O)O)CSSC[C@H](NC(=O)[C@H](CCCCN)NC(=O)[C@H](CCCNC(=N)N)NC(=O)[C@H](CCC(=O)O)NC(=O)[C@H](CO)NC(=O)[C@H](CC(=O)O)NC3=O)C(=O)N2,'=',IC50,400.0,Inhibition of human Nav1.5 expressed in HEK293 cells by electrophysiology assay,J Med Chem,2019,
CHEMBL4217988,,N#Cc1cc(S(=O)(=O)Nc2ncns2)ccc1Oc1ccc(-c2cccc(C(F)(F)F)c2)cc1-c1ccnc(CNCCC2CCNCC2)c1,'=',IC50,2000.0,Inhibition of human Nav1.5 expressed in HEK cells by automated patchXpress electrophysiology method,Bioorg Med Chem Lett,2017,
CHEMBL2164367,,CC1(C(=O)NCc2ccc(OC(F)(F)F)cc2)c2ccccc2C(=O)N1CCc1ccccn1,'=',IC50,25000.0,Inhibition of human NaV1.5 alpha subunit expressed in CHOK1 cells at -90 mV holding potential by patch clamp electrophysiological assay,J Med Chem,2012,
CHEMBL2164371,,O=C(NCc1ccc(OC(F)(F)F)cc1)C1c2ccccc2C(=O)N1C1CCOCC1,'>',IC50,30000.0,Inhibition of human NaV1.5 alpha subunit expressed in CHOK1 cells at -90 mV holding potential by patch clamp electrophysiological assay,J Med Chem,2012,
CHEMBL473,DOFETILIDE,CN(CCOc1ccc(NS(C)(=O)=O)cc1)CCc1ccc(NS(C)(=O)=O)cc1,'>',IC50,300000.0,Blockade of Na+ current in frog oocytes expressing human cardiac sodium channel (HH1),J Med Chem,1995,Outside typical range
CHEMBL5094715,,C[C@@H](c1cc(Cl)cc(Cl)c1)N1CCC(COc2cc(F)c(C(=O)NS(C)(=O)=O)cc2C2CC2)CC1,'=',IC50,551.0,Inhibition of full length human Nav1.5 expressed in HEK cells by whole cell voltage clamp analysis,J Med Chem,2021,
CHEMBL3907025,,N#Cc1cc(C(F)(F)F)ccc1N1CCOc2cc(S(=O)(=O)Nc3nccs3)c(Cl)cc21,'=',IC50,736.0,"In Vitro Assay: HEK 293 cells stably transfected with either Nav 1.7 or with Nav 1.5 were recorded in population patch-clamp mode with the IonWorks® Quattro automated electrophysiology system in accordance with the manufacturer's specifications (Molecular Devices, LLC, Sunnyvale, Calif.). Sodium channel currents were measured in response to a train of depolarizations that induced successively greater inactivation. Cells were held at −110 mV for three seconds (Nav 1.7) or half a second (Nav 1.5) from a holding voltage of −15 mV, then put through a series of 26 pulses of 150 msec duration to −20 mV at a frequency of 5 Hz. Cells were then left unclamped for a period of 3 to 8 minutes while a single concentration of test compound was added. Cells were then reclamped and put through the same voltage protocol. Current at the end of the 26th pulse to −20 mV was subtracted from the peak current evoked by the 26th pulse to −20 mV to correct for leak current.",,2016,
CHEMBL3113261,,CNc1nc(-c2cccc(NC(=O)c3ccco3)c2)cn1C(=O)OC(C)(C)C,'>',IC50,30000.0,Modulation of human Nav1.5 in closed state assessed as inhibition of inward current after 4 mins by whole-cell electrophysiology,Eur J Med Chem,2014,
CHEMBL3113261,,CNc1nc(-c2cccc(NC(=O)c3ccco3)c2)cn1C(=O)OC(C)(C)C,'>',IC50,30000.0,Modulation of human Nav1.5 in open-inactivated state assessed as inhibition of inward current after 4 mins by whole-cell electrophysiology,Eur J Med Chem,2014,
CHEMBL4287506,,CC(C)COc1ccc(-c2cn(C)c3cc(C(=O)NS(=O)(=O)C4CC4)c(F)cc23)cn1,'=',IC50,3700.0,Inhibition of human Nav1.5 expressed in HEK293 cells after 600 secs at -50 mV holding potential by ion works barracuda population patch clamp method,J Med Chem,2019,
CHEMBL3416886,,CC[C@H](C)[C@@H]1NC(=O)[C@@H]2CSSC[C@@H]3NC(=O)[C@H](C(C)C)NC(=O)[C@H](CC(C)C)NC(=O)[C@H](CC(N)=O)NC(=O)[C@@H]4CCCN4C(=O)[C@H](CCCNC(=N)N)NC(=O)[C@H](CSSC[C@H](NC(=O)[C@@H](N)CC(=O)O)C(=O)N[C@@H](CC(C)C)C(=O)NCC(=O)N[C@@H](Cc4ccccc4)C(=O)N[C@@H](CCSC)C(=O)N[C@@H](CCCNC(=N)N)C(=O)N[C@@H](CCCCN)C(=O)N2)NC(=O)[C@H](CSSC[C@@H](C(=O)N[C@@H](CCCCN)C(=O)N[C@@H](Cc2ccc(O)cc2)C(=O)N[C@H](C(=O)N[C@@H](Cc2ccccc2)C(N)=O)C(C)C)NC(=O)[C@H](Cc2c[nH]c4ccccc24)NC(=O)[C@H](CCCCN)NC(=O)[C@H](Cc2c[nH]cn2)NC(=O)[C@H]([C@@H](C)O)NC(=O)[C@H](CCCNC(=N)N)NC(=O)[C@H](CO)NC3=O)NC(=O)[C@H](CCCCN)NC(=O)[C@H](CC(=O)O)NC(=O)[C@H](CC(N)=O)NC(=O)[C@H](CC(=O)O)NC(=O)[C@@H]2CCCN2C1=O,'>',IC50,10000.0,Inhibition of human Nav1.5 expressed in HEK293 cells by electrophysiology assay,J Med Chem,2019,
CHEMBL4547737,,CC(=O)OC[C@@H]1NC(=N)N2CCC(O)(O)[C@@]23NC(=N)N[C@@H]13,'=',IC50,4600.0,Inhibition of human Nav1.5 expressed in HEK293 cells by electrophysiology assay,J Med Chem,2019,
CHEMBL3113248,,CC(C)(C)OC(=O)n1cc(-c2cccc(NC(=O)c3cc[nH]c3)c2)nc1N.Cl,'>',IC50,30000.0,Modulation of human Nav1.5 in open-inactivated state assessed as inhibition of inward current after 4 mins by whole-cell electrophysiology,Eur J Med Chem,2014,
CHEMBL5094715,,C[C@@H](c1cc(Cl)cc(Cl)c1)N1CCC(COc2cc(F)c(C(=O)NS(C)(=O)=O)cc2C2CC2)CC1,'=',IC50,1500.0,Inhibition of human Nav1.5 expressed in HEK293 cells incubated for 1 hr in presence of veratridine and anthropleurin-C by sodium influx assay,J Med Chem,2021,
CHEMBL2443262,OLICERIDINE,COc1ccsc1CNCC[C@@]1(c2ccccn2)CCOC2(CCCC2)C1,'=',IC50,16500.0,Inhibition of human Nav 1.5 tonic ion channel expressed in HEK293 cells by whole-cell patch clamp technique,J Med Chem,2013,
CHEMBL3687538,,COc1cc(C(F)(F)F)ccc1-c1ncnc2cc(S(=O)(=O)Nc3nccs3)ccc12,'=',IC50,16000.0,Inhibition of 20% inactivated human Nav1.5 expressed in HEK293 cells assessed as inhibition of peak inward current by whole cell patch clamp method,ACS Med Chem Lett,2016,
CHEMBL3113260,,Cl.Nc1nc(-c2ccc(NC(=O)[C@@H]3CCCN3)cc2)c[nH]1,'>',IC50,30000.0,Modulation of human Nav1.5 in open-inactivated state assessed as inhibition of inward current after 4 mins by whole-cell electrophysiology,Eur J Med Chem,2014,
CHEMBL3113259,,Cl.Nc1nc(-c2ccc(NC(=O)[C@H]3CCCN3)cc2)c[nH]1,'>',IC50,30000.0,Modulation of human Nav1.5 in open-inactivated state assessed as inhibition of inward current after 4 mins by whole-cell electrophysiology,Eur J Med Chem,2014,
CHEMBL2069427,,COc1cnc(-c2cccc3c2C[C@H](NC(=O)c2ccc(COCC(F)(F)F)nc2)CO3)cn1,'=',IC50,12589.25,Inhibition of human NaV1.5 expressed in CHO cells by IonWorks assay,Bioorg Med Chem Lett,2012,
CHEMBL2443262,OLICERIDINE,COc1ccsc1CNCC[C@@]1(c2ccccn2)CCOC2(CCCC2)C1,'=',IC50,4700.0,Inhibition of human Nav 1.5 phasic ion channel expressed in HEK293 cells by whole-cell patch clamp technique,J Med Chem,2013,
CHEMBL3979498,,COc1cc(-c2cccc(C(F)(F)F)c2)ccc1-n1c(=O)ccc2cc(S(=O)(=O)Nc3ncccn3)ccc21,'>',IC50,42500.0,Inhibition of human Nav1.5 expressed in HEK293 cells assessed as use-dependent block at pulse 26 after 3 to 8 mins by ionworks quattro electrophysiology assay,J Med Chem,2017,
CHEMBL250699,,COc1cc(NC(=O)c2ccc(-c3ccc(Cl)cc3)o2)cc(OC)c1,'=',IC50,32820.0,Inhibition of human Nav1.5 channel expressed in HEK293 cells at -150 mV by patch clamp method,Proc Natl Acad Sci U S A,2007,
CHEMBL3950353,,N#Cc1cc(C(F)(F)F)ccc1N1CCOc2cc(S(=O)(=O)Nc3nccs3)c(F)cc21,'=',IC50,320.0,Inhibition of human NaV1.5 expressed in HEK295 cells at holding potential of -125 mV with test potentials to -10 mV by whole cell voltage clamp method,Bioorg Med Chem Lett,2017,
CHEMBL3341981,,O=S(=O)(Nc1ncns1)c1ccc2c(c1)OCCN2c1ccc(C(F)(F)F)cc1Cl,'>',IC50,10000.0,Inhibition of Nav1.5 (unknown origin) expressed in HEK293 cells by IonWorks patch-clamp method,Bioorg Med Chem Lett,2014,
CHEMBL308954,ETRAVIRINE,Cc1cc(C#N)cc(C)c1Oc1nc(Nc2ccc(C#N)cc2)nc(N)c1Br,'=',IC50,501187.23,Inhibition of fast sodium current (INa) in Chinese Hamster Ovary (CHO) K1 cells transfected with human Nav1.5 measured using IonWorks Quattro automated patch clamp platform,J Pharmacol Toxicol Methods,2014,Outside typical range
CHEMBL32,MOXIFLOXACIN,COc1c(N2C[C@@H]3CCCN[C@@H]3C2)c(F)cc2c(=O)c(C(=O)O)cn(C3CC3)c12,'=',IC50,39810.72,Inhibition of fast sodium current (INa) in Chinese Hamster Ovary (CHO) K1 cells transfected with human Nav1.5 measured using IonWorks Quattro automated patch clamp platform,J Pharmacol Toxicol Methods,2014,
CHEMBL4129030,,CS(=O)(=O)NC(=O)c1cc(F)c(COc2ccc(Cl)c(Cl)c2)cc1F,'=',IC50,11000.0,Inhibition of human Nav1.5 expressed in HEK cells at holding potential of -50 mV followed by voltage step to -120 mV by PatchXpress electrophysiology assay,Bioorg Med Chem Lett,2018,
CHEMBL3682634,,O=S(=O)(Nc1ncns1)c1ccc2c(-c3ccc(C(F)(F)F)cc3Br)cccc2c1,'=',IC50,21000.0,Inhibition of human Nav1.5 expressed in HEK293 cells assessed as inhibition of sodium current at holding potential of -125 mV measured for 3 to 5 mins by whole cell voltage clamp method,ACS Med Chem Lett,2016,
CHEMBL3417036,,CC[C@H](C)[C@@H]1NC(=O)[C@@H]2CSSC[C@@H]3NC(=O)[C@H](C(C)C)NC(=O)[C@H](CC(C)C)NC(=O)[C@H](CC(N)=O)NC(=O)[C@@H]4CCCN4C(=O)[C@H](CCCNC(=N)N)NC(=O)[C@H](CSSC[C@H](NC(=O)[C@@H](N)CC(=O)O)C(=O)N[C@@H](CC(C)C)C(=O)NCC(=O)N[C@@H](Cc4ccccc4)C(=O)N[C@@H](CCSC)C(=O)N[C@@H](CCCNC(=N)N)C(=O)N[C@@H](CCCCN)C(=O)N2)NC(=O)[C@H](CSSC[C@@H](C(=O)N[C@@H](CCCCN)C(=O)N[C@@H](Cc2ccc(O)cc2)C(=O)N[C@H](C(=O)N[C@@H](Cc2ccccc2)C(N)=O)C(C)C)NC(=O)[C@H](Cc2c[nH]c4ccccc24)NC(=O)[C@H](CCC(=O)O)NC(=O)[C@H](Cc2cnc[nH]2)NC(=O)[C@H]([C@@H](C)O)NC(=O)[C@H](CCCNC(=N)N)NC(=O)[C@H](CO)NC3=O)NC(=O)[C@H](CCCCN)NC(=O)[C@H](CC(=O)O)NC(=O)[C@H](CC(N)=O)NC(=O)[C@H](CC(=O)O)NC(=O)[C@@H]2CCCN2C1=O,'>',IC50,10000.0,Inhibition of human NaV1.5 at -140 mV holding potential by whole-cell patch clamp assay,J Med Chem,2015,
CHEMBL3416904,,CC[C@H](C)[C@@H]1NC(=O)[C@@H]2CSSC[C@@H]3NC(=O)[C@H](C(C)C)NC(=O)[C@H](C)NC(=O)[C@H](CC(N)=O)NC(=O)[C@@H]4CCCN4C(=O)[C@H](CCCNC(=N)N)NC(=O)[C@H](CSSC[C@H](NC(=O)[C@@H](N)CC(=O)O)C(=O)N[C@@H](CC(C)C)C(=O)NCC(=O)N[C@@H](Cc4ccccc4)C(=O)N[C@@H](CCSC)C(=O)N[C@@H](CCCNC(=N)N)C(=O)N[C@@H](CCCCN)C(=O)N2)NC(=O)[C@H](CSSC[C@@H](C(=O)N[C@@H](CCCCN)C(=O)N[C@@H](Cc2ccc(O)cc2)C(=O)N[C@H](C(=O)N[C@@H](Cc2ccccc2)C(N)=O)C(C)C)NC(=O)[C@H](Cc2c[nH]c4ccccc24)NC(=O)[C@H](CCCCN)NC(=O)[C@H](Cc2cnc[nH]2)NC(=O)[C@H]([C@@H](C)O)NC(=O)[C@H](CCCNC(=N)N)NC(=O)[C@H](CO)NC3=O)NC(=O)[C@H](CCCCN)NC(=O)[C@H](CC(=O)O)NC(=O)[C@H](CC(N)=O)NC(=O)[C@H](CC(=O)O)NC(=O)[C@@H]2CCCN2C1=O,'>',IC50,20000.0,Inhibition of human NaV1.5 at -140 mV holding potential by whole-cell patch clamp assay,J Med Chem,2015,
CHEMBL3416901,,CC[C@H](C)[C@@H]1NC(=O)[C@@H]2CSSC[C@@H]3NC(=O)[C@H](C(C)C)NC(=O)[C@H](CC(C)C)NC(=O)[C@H](CC(N)=O)NC(=O)[C@@H]4CCCN4C(=O)[C@H](C)NC(=O)[C@H](CSSC[C@H](NC(=O)[C@@H](N)CC(=O)O)C(=O)N[C@@H](CC(C)C)C(=O)NCC(=O)N[C@@H](Cc4ccccc4)C(=O)N[C@@H](CCSC)C(=O)N[C@@H](CCCNC(=N)N)C(=O)N[C@@H](CCCCN)C(=O)N2)NC(=O)[C@H](CSSC[C@@H](C(=O)N[C@@H](CCCCN)C(=O)N[C@@H](Cc2ccc(O)cc2)C(=O)N[C@H](C(=O)N[C@@H](Cc2ccccc2)C(N)=O)C(C)C)NC(=O)[C@H](Cc2c[nH]c4ccccc24)NC(=O)[C@H](CCCCN)NC(=O)[C@H](Cc2cnc[nH]2)NC(=O)[C@H]([C@@H](C)O)NC(=O)[C@H](CCCNC(=N)N)NC(=O)[C@H](CO)NC3=O)NC(=O)[C@H](CCCCN)NC(=O)[C@H](CC(=O)O)NC(=O)[C@H](CC(N)=O)NC(=O)[C@H](CC(=O)O)NC(=O)[C@@H]2CCCN2C1=O,'>',IC50,20000.0,Inhibition of human NaV1.5 at -140 mV holding potential by whole-cell patch clamp assay,J Med Chem,2015,
CHEMBL3800494,,CC[C@H](C)[C@@H]1NC(=O)[C@@H]2CSSC[C@@H]3NC(=O)[C@H](C(C)C)NC(=O)[C@H](CC(C)C)NC(=O)[C@H](CC(N)=O)NC(=O)[C@H](CCCCN)NC(=O)[C@H](CCCNC(=N)N)NC(=O)[C@H](CSSC[C@H](NC(=O)[C@@H](N)CC(=O)O)C(=O)N[C@@H](CC(C)C)C(=O)NCC(=O)N[C@@H](Cc4ccccc4)C(=O)N[C@@H](CCSC)C(=O)N[C@@H](CCCNC(=N)N)C(=O)N[C@@H](CCCCN)C(=O)N2)NC(=O)[C@H](CSSC[C@@H](C(=O)N[C@@H](CCCCN)C(=O)N[C@@H](Cc2ccc(O)cc2)C(=O)N[C@H](C(=O)N[C@@H](Cc2ccccc2)C(N)=O)C(C)C)NC(=O)[C@H](Cc2c[nH]c4ccccc24)NC(=O)[C@H](CCCCN)NC(=O)[C@H](Cc2cnc[nH]2)NC(=O)[C@H]([C@@H](C)O)NC(=O)[C@H](CCCNC(=N)N)NC(=O)[C@H](CO)NC3=O)NC(=O)[C@H](CCCCN)NC(=O)[C@H](CC(=O)O)NC(=O)[C@H](CC(N)=O)NC(=O)[C@H](CC(=O)O)NC(=O)[C@@H]2CCCN2C1=O,'>',IC50,5000.0,Inhibition of human Nav1.5 expressed in HEK293 cells assessed as inward peak current by ion-works quattro patch clamp electrophysiology method,J Med Chem,2016,
CHEMBL3800461,,CC[C@H](C)[C@@H]1NC(=O)[C@@H]2CSSC[C@@H]3NC(=O)[C@H](Cc4c[nH]c5ccccc45)NC(=O)[C@H](CC(C)C)NC(=O)[C@H](CC(N)=O)NC(=O)[C@@H]4CCCN4C(=O)[C@H](CCCNC(=N)N)NC(=O)[C@H](CSSC[C@H](NC(=O)[C@@H](N)CC(=O)O)C(=O)N[C@@H](CC(C)C)C(=O)NCC(=O)N[C@@H](Cc4ccccc4)C(=O)N[C@@H](CCSC)C(=O)N[C@@H](CCCNC(=N)N)C(=O)N[C@@H](CCCCN)C(=O)N2)NC(=O)[C@H](CSSC[C@@H](C(=O)N[C@@H](CCCCN)C(=O)N[C@@H](Cc2ccc(O)cc2)C(=O)N[C@H](C(=O)N[C@@H](Cc2ccccc2)C(N)=O)C(C)C)NC(=O)[C@H](Cc2c[nH]c4ccccc24)NC(=O)[C@H](CCCCN)NC(=O)[C@H](Cc2cnc[nH]2)NC(=O)[C@H]([C@@H](C)O)NC(=O)[C@H](CCCNC(=N)N)NC(=O)[C@H](CO)NC3=O)NC(=O)[C@H](CCCCN)NC(=O)[C@H](CC(=O)O)NC(=O)[C@H](CC(N)=O)NC(=O)[C@H](CC(=O)O)NC(=O)[C@@H]2CCCN2C1=O,'>',IC50,5000.0,Inhibition of human Nav1.5 expressed in HEK293 cells assessed as inward peak current by ion-works quattro patch clamp electrophysiology method,J Med Chem,2016,
CHEMBL3416907,,CC[C@H](C)[C@@H]1NC(=O)[C@@H]2CSSC[C@@H]3NC(=O)[C@H](C(C)C)NC(=O)[C@H](CC(C)C)NC(=O)[C@H](CC(N)=O)NC(=O)[C@@H]4CCCN4C(=O)[C@H](CCCNC(=N)N)NC(=O)[C@H](CSSC[C@H](NC(=O)[C@@H](N)CC(=O)O)C(=O)N[C@@H](CC(C)C)C(=O)NCC(=O)N[C@@H](Cc4ccccc4)C(=O)N[C@@H](CCSC)C(=O)N[C@@H](CCCNC(=N)N)C(=O)N[C@@H](CCCCN)C(=O)N2)NC(=O)[C@H](CSSC[C@@H](C(=O)N[C@@H](CCCCN)C(=O)N[C@@H](Cc2ccc(O)cc2)C(=O)N[C@H](C(=O)N[C@@H](Cc2ccccc2)C(N)=O)C(C)C)NC(=O)[C@H](Cc2c[nH]c4ccccc24)NC(=O)[C@H](CCCCN)NC(=O)[C@H](Cc2cnc[nH]2)NC(=O)[C@H]([C@@H](C)O)NC(=O)[C@H](C)NC(=O)[C@H](CO)NC3=O)NC(=O)[C@H](CCCCN)NC(=O)[C@H](CC(=O)O)NC(=O)[C@H](CC(N)=O)NC(=O)[C@H](CC(=O)O)NC(=O)[C@@H]2CCCN2C1=O,'>',IC50,5000.0,Inhibition of human Nav1.5 expressed in HEK293 cells assessed as inward peak current by ion-works quattro patch clamp electrophysiology method,J Med Chem,2016,
CHEMBL3416896,,CSCC[C@@H]1NC(=O)[C@H](Cc2ccccc2)NC(=O)CNC(=O)[C@H](CC(C)C)NC(=O)[C@@H](NC(=O)[C@@H](N)CC(=O)O)CSSC[C@@H]2NC(=O)[C@@H]3CSSC[C@@H](C(=O)N[C@@H](CCCCN)C(=O)N[C@@H](Cc4ccc(O)cc4)C(=O)N[C@H](C(=O)N[C@@H](Cc4ccccc4)C(N)=O)C(C)C)NC(=O)[C@H](Cc4c[nH]c5ccccc45)NC(=O)[C@H](CCCCN)NC(=O)[C@H](Cc4cnc[nH]4)NC(=O)[C@H]([C@@H](C)O)NC(=O)[C@H](CCCNC(=N)N)NC(=O)[C@H](CO)NC(=O)[C@H](CSSC[C@H](NC(=O)[C@H](CCCCN)NC(=O)[C@H](CCCNC(=N)N)NC1=O)C(=O)N[C@@H](C)C(=O)N1CCC[C@H]1C(=O)N[C@@H](CC(=O)O)C(=O)N[C@@H](CC(N)=O)C(=O)N[C@@H](CC(=O)O)C(=O)N[C@@H](CCCCN)C(=O)N3)NC(=O)[C@H](C(C)C)NC(=O)[C@H](CC(C)C)NC(=O)[C@H](CC(N)=O)NC(=O)[C@@H]1CCCN1C(=O)[C@H](CCCNC(=N)N)NC2=O,'>',IC50,5000.0,Inhibition of human NaV1.5 at -140 mV holding potential by whole-cell patch clamp assay,J Med Chem,2015,
CHEMBL3416915,,CC[C@H](C)[C@@H]1NC(=O)[C@@H]2CSSC[C@@H]3NC(=O)[C@H](C(C)C)NC(=O)[C@H](CC(C)C)NC(=O)[C@H](CC(N)=O)NC(=O)[C@@H]4CCCN4C(=O)[C@H](CCCNC(=N)N)NC(=O)[C@H](CSSC[C@H](NC(=O)[C@@H](N)CC(=O)O)C(=O)N[C@@H](CC(C)C)C(=O)NCC(=O)N[C@@H](Cc4ccccc4)C(=O)N[C@@H](CCSC)C(=O)N[C@@H](CCCNC(=N)N)C(=O)N[C@@H](CCCCN)C(=O)N2)NC(=O)[C@H](CSSC[C@@H](C(=O)N[C@@H](CCCCN)C(=O)N[C@@H](Cc2ccc(O)cc2)C(=O)N[C@H](C(=O)N[C@@H](C)C(N)=O)C(C)C)NC(=O)[C@H](Cc2c[nH]c4ccccc24)NC(=O)[C@H](CCCCN)NC(=O)[C@H](Cc2cnc[nH]2)NC(=O)[C@H]([C@@H](C)O)NC(=O)[C@H](CCCNC(=N)N)NC(=O)[C@H](CO)NC3=O)NC(=O)[C@H](CCCCN)NC(=O)[C@H](CC(=O)O)NC(=O)[C@H](CC(N)=O)NC(=O)[C@H](CC(=O)O)NC(=O)[C@@H]2CCCN2C1=O,'>',IC50,5000.0,Inhibition of human NaV1.5 at -140 mV holding potential by whole-cell patch clamp assay,J Med Chem,2015,
CHEMBL4065325,,CC1(CNc2cc(F)c(S(=O)(=O)Nc3nccs3)cc2Cl)COC1,'=',IC50,6500.0,Inhibition of human Nav1.5 inactivated state form expressed in HEK293 cells at -60 mV holding potential by by automated patch clamp electrophysiology assay,Bioorg Med Chem,2017,
CHEMBL3544913,VIXOTRIGINE,NC(=O)[C@@H]1CC[C@H](c2ccc(OCc3ccccc3F)cc2)N1,'=',IC50,3200.0,Inhibition of human Nav1.5 at -60 mV holding potential by automated patch-clamp assay,RSC Med Chem,2022,
CHEMBL1914835,,Cl.O=C(CCc1ccccc1)c1ccccc1OCC(O)CN1CCC(c2ccccc2)CC1,'>',IC50,5000.0,Inhibition of human cloned Nav1.5 channel expressed in chinese hamster CHO cells assessed as tonic inhibition after 5 mins by patch clamp assay,J Med Chem,2011,
CHEMBL4280298,,CC(C)COc1ncc(-c2nn(C)c3cc(C(=O)NS(C)(=O)=O)ccc23)cc1Cl,'=',IC50,6508.0,Inhibition of Nav1.5 (unknown origin) expressed in HEK293 cells at -40 mV holding potential measured after 600 secs by patch clamp method,ACS Med Chem Lett,2018,
CHEMBL3798267,,CC[C@H](C)[C@@H]1NC(=O)[C@@H]2CSSC[C@@H]3NC(=O)[C@H](C(C)C)NC(=O)[C@H](CC(C)C)NC(=O)[C@H](CC(N)=O)NC(=O)[C@@H]4CCCN4C(=O)[C@H](CCCNC(=N)N)NC(=O)[C@H](CSSC[C@H](NC(=O)[C@@H](N)CC(=O)O)C(=O)N[C@@H](CC(C)C)C(=O)NCC(=O)N[C@@H](Cc4ccccc4)C(=O)N[C@@H](CCSC)C(=O)N[C@@H](CCCNC(=N)N)C(=O)N[C@@H](CCCCN)C(=O)N2)NC(=O)[C@H](CSSC[C@@H](C(=O)N[C@@H](CCCCN)C(=O)N[C@@H](Cc2ccc(O)cc2)C(=O)N[C@H](C(=O)N[C@@H](Cc2ccccc2)C(=O)O)C(C)C)NC(=O)[C@H](Cc2c[nH]c4ccccc24)NC(=O)[C@H](CCCCN)NC(=O)[C@H](Cc2c[nH]cn2)NC(=O)[C@H]([C@@H](C)O)NC(=O)[C@H](CCCNC(=N)N)NC(=O)[C@H](CO)NC3=O)NC(=O)[C@H](CCCCN)NC(=O)[C@H](CC(=O)O)NC(=O)[C@H](CC(N)=O)NC(=O)[C@H](CC(=O)O)NC(=O)[C@@H]2CCCN2C1=O,'>',IC50,10000.0,Inhibition of human Nav1.5 expressed in HEK293 cells by whole cell patch clamp electrophysiology method,J Med Chem,2016,
CHEMBL3798261,,CSCC[C@@H]1NC(=O)[C@H](Cc2ccccc2)NC(=O)CNC(=O)[C@H](CC(C)C)NC(=O)[C@@H](NC(=O)[C@@H](N)CC(=O)O)CSSC[C@@H]2NC(=O)[C@@H]3CSSC[C@@H](C(=O)N[C@@H](CCCCN)C(=O)N[C@@H](Cc4ccc(O)cc4)C(=O)N[C@H](C(=O)N[C@@H](Cc4ccccc4)C(N)=O)C(C)C)NC(=O)[C@H](Cc4c[nH]c5ccccc45)NC(=O)[C@H](CCCCN)NC(=O)[C@H](Cc4c[nH]cn4)NC(=O)[C@H]([C@@H](C)O)NC(=O)[C@H](CCCNC(=N)N)NC(=O)[C@H](CO)NC(=O)[C@H](CSSC[C@H](NC(=O)[C@H](CCCCN)NC(=O)[C@H](CCCNC(=N)N)NC1=O)C(=O)N[C@@H](Cc1cccc4ccccc14)C(=O)N1CCC[C@H]1C(=O)N[C@@H](CC(=O)O)C(=O)N[C@@H](CC(N)=O)C(=O)N[C@@H](CC(=O)O)C(=O)N[C@@H](CCCCN)C(=O)N3)NC(=O)[C@H](C(C)C)NC(=O)[C@H](CC(C)C)NC(=O)[C@H](CC(N)=O)NC(=O)[C@@H]1CCCN1C(=O)[C@H](CCCNC(=N)N)NC2=O,'=',IC50,13000.0,Inhibition of human Nav1.5 expressed in HEK293 cells by whole cell patch clamp electrophysiology method,J Med Chem,2016,
CHEMBL3799379,,CC[C@H](C)[C@@H]1NC(=O)[C@@H]2CSSC[C@@H]3NC(=O)[C@H](C(C)C)NC(=O)[C@H](CC(C)C)NC(=O)[C@H](CC(N)=O)NC(=O)[C@@H]4CCCN4C(=O)[C@H](CCCNC(=N)N)NC(=O)[C@H](CSSC[C@H](NC(=O)[C@@H](N)CC(=O)O)C(=O)N[C@@H](CC(C)C)C(=O)NCC(=O)N[C@@H](Cc4ccccc4)C(=O)N[C@@H](CCSC)C(=O)N[C@@H](CCCNC(=N)N)C(=O)N[C@@H](CCCCN)C(=O)N2)NC(=O)[C@H](CSSC[C@@H](C(=O)N[C@@H](CCCCN)C(=O)N[C@@H](Cc2ccc(O)cc2)C(=O)N[C@H](C(=O)N[C@@H](Cc2ccccc2)C(N)=O)C(C)C)NC(=O)[C@H](Cc2c[nH]c4ccccc24)NC(=O)[C@H](CC(=O)O)NC(=O)[C@H](Cc2cnc[nH]2)NC(=O)[C@H]([C@@H](C)O)NC(=O)[C@H](CCCNC(=N)N)NC(=O)[C@H](CO)NC3=O)NC(=O)[C@H](CCCCN)NC(=O)[C@H](CC(=O)O)NC(=O)[C@H](CC(N)=O)NC(=O)[C@H](CC(=O)O)NC(=O)[C@@H]2CCCN2C1=O,'>',IC50,10000.0,Inhibition of human Nav1.5 expressed in HEK293 cells by whole cell patch clamp electrophysiology method,J Med Chem,2016,
CHEMBL3798549,,CC[C@H](C)[C@@H]1NC(=O)[C@@H]2CSSC[C@@H]3NC(=O)[C@H](C(C)C)NC(=O)[C@H](CC(C)C)NC(=O)[C@H](CC(N)=O)NC(=O)[C@@H]4CCCN4C(=O)[C@H](CCCNC(=N)N)NC(=O)[C@H](CSSC[C@H](N)C(=O)N[C@@H](CC(C)C)C(=O)NCC(=O)N[C@@H](Cc4ccccc4)C(=O)N[C@@H](CCSC)C(=O)N[C@@H](CCCNC(=N)N)C(=O)N[C@@H](CCCCN)C(=O)N2)NC(=O)[C@H](CSSC[C@@H](C(=O)N[C@@H](CCCCN)C(=O)N[C@@H](Cc2ccc(O)cc2)C(=O)N[C@H](C(=O)N[C@@H](Cc2ccccc2)C(N)=O)C(C)C)NC(=O)[C@H](Cc2c[nH]c4ccccc24)NC(=O)[C@H](CCCCN)NC(=O)[C@H](Cc2cnc[nH]2)NC(=O)[C@H]([C@@H](C)O)NC(=O)[C@H](CCCNC(=N)N)NC(=O)[C@H](CO)NC3=O)NC(=O)[C@H](CCCCN)NC(=O)[C@H](CC(=O)O)NC(=O)[C@H](CC(N)=O)NC(=O)[C@H](CC(=O)O)NC(=O)[C@@H]2CCCN2C1=O,'=',IC50,5000.0,Inhibition of human Nav1.5 expressed in HEK293 cells by whole cell patch clamp electrophysiology method,J Med Chem,2016,
CHEMBL507974,TETRODOTOXIN,NC1=N[C@H](O)[C@H]2[C@H]3O[C@]4(O)O[C@@H]([C@@H](O)[C@@]2(N1)[C@@H]4O)[C@]3(O)CO,'=',IC50,1000.0,Inhibition of human Nav1.5 expressed in HEK293 cells by electrophysiology assay,J Med Chem,2019,
CHEMBL16,PHENYTOIN,O=C1NC(=O)C(c2ccccc2)(c2ccccc2)N1,'=',IC50,49000.0,Inhibition of sodium current measured using whole-cell patch clamp experiments in HEK-293 cells stably transfected with hNaV1.5 cDNA,Cardiovasc Res,2011,
CHEMBL192,SILDENAFIL,CCCc1nn(C)c2c(=O)[nH]c(-c3cc(S(=O)(=O)N4CCN(C)CC4)ccc3OCC)nc12,'=',IC50,1258925.41,Inhibition of fast sodium current (INa) in HEK293 cells transfected with human Nav1.5 measured using IonWorks Quattro automated patch clamp platform,J Pharmacol Toxicol Methods,2014,Outside typical range
CHEMBL1520,VARDENAFIL,CCCc1nc(C)c2c(=O)nc(-c3cc(S(=O)(=O)N4CCN(CC)CC4)ccc3OCC)[nH]n12,'=',IC50,199526.23,Inhibition of fast sodium current (INa) in HEK293 cells transfected with human Nav1.5 measured using IonWorks Quattro automated patch clamp platform,J Pharmacol Toxicol Methods,2014,Outside typical range
CHEMBL3416937,,CC[C@H](C)[C@@H]1NC(=O)[C@@H]2CSSC[C@@H]3NC(=O)[C@H](C(C)C)NC(=O)[C@H](CC(C)C)NC(=O)[C@H](CC(N)=O)NC(=O)[C@@H]4CCCN4C(=O)[C@H](CCCNC(=N)N)NC(=O)[C@H](CSSC[C@H](NC(=O)[C@@H](N)CC(=O)O)C(=O)N[C@@H](CC(C)C)C(=O)NCC(=O)N[C@@H](Cc4ccccc4)C(=O)N[C@@H](Cc4cccc5ccccc45)C(=O)N[C@@H](CCCNC(=N)N)C(=O)N[C@@H](CCCCN)C(=O)N2)NC(=O)[C@H](CSSC[C@@H](C(=O)N[C@@H](CCCCN)C(=O)N[C@@H](Cc2ccc(O)cc2)C(=O)N[C@H](C(=O)N[C@@H](Cc2ccccc2)C(N)=O)C(C)C)NC(=O)[C@H](Cc2c[nH]c4ccccc24)NC(=O)[C@H](CCCCN)NC(=O)[C@H](Cc2cnc[nH]2)NC(=O)[C@H]([C@@H](C)O)NC(=O)[C@H](CCCNC(=N)N)NC(=O)[C@H](CO)NC3=O)NC(=O)[C@H](CCCCN)NC(=O)[C@H](CC(=O)O)NC(=O)[C@H](CC(N)=O)NC(=O)[C@H](CC(=O)O)NC(=O)[C@@H]2CCCN2C1=O,'=',IC50,400.0,Inhibition of human NaV1.5 at -140 mV holding potential by whole-cell patch clamp assay,J Med Chem,2015,
CHEMBL3416900,,CC[C@H](C)[C@@H]1NC(=O)[C@@H]2CSSC[C@@H]3NC(=O)[C@H](C(C)C)NC(=O)[C@H](CC(C)C)NC(=O)[C@H](CC(N)=O)NC(=O)[C@@H]4CCCN4C(=O)[C@H](CCCNC(=N)N)NC(=O)[C@H](CSSC[C@H](NC(=O)[C@@H](N)CC(=O)O)C(=O)N[C@@H](CC(C)C)C(=O)NCC(=O)N[C@@H](Cc4ccccc4)C(=O)N[C@@H](CCSC)C(=O)N[C@@H](CCCNC(=N)N)C(=O)N[C@@H](CCCCN)C(=O)N2)NC(=O)[C@H](CSSC[C@@H](C(=O)N[C@@H](CCCCN)C(=O)N[C@@H](Cc2ccc(O)cc2)C(=O)N[C@H](C(=O)N[C@@H](Cc2ccccc2)C(N)=O)C(C)C)NC(=O)[C@H](Cc2c[nH]c4ccccc24)NC(=O)[C@H](CCCCN)NC(=O)[C@H](Cc2cnc[nH]2)NC(=O)[C@H]([C@@H](C)O)NC(=O)[C@H](CCCNC(=N)N)NC(=O)[C@H](CO)NC3=O)NC(=O)[C@H](C)NC(=O)[C@H](CC(=O)O)NC(=O)[C@H](CC(N)=O)NC(=O)[C@H](CC(=O)O)NC(=O)[C@@H]2CCCN2C1=O,'>',IC50,5000.0,Inhibition of human NaV1.5 at -140 mV holding potential by whole-cell patch clamp assay,J Med Chem,2015,
CHEMBL3416894,,CC[C@H](C)[C@@H]1NC(=O)[C@@H]2CSSC[C@@H]3NC(=O)[C@H](C(C)C)NC(=O)[C@H](CC(C)C)NC(=O)[C@H](CC(N)=O)NC(=O)[C@@H]4CCCN4C(=O)[C@H](CCCNC(=N)N)NC(=O)[C@H](CSSC[C@H](NC(=O)[C@@H](N)CC(=O)O)C(=O)N[C@@H](CC(C)C)C(=O)NCC(=O)N[C@@H](Cc4ccccc4)C(=O)N[C@@H](C)C(=O)N[C@@H](CCCNC(=N)N)C(=O)N[C@@H](CCCCN)C(=O)N2)NC(=O)[C@H](CSSC[C@@H](C(=O)N[C@@H](CCCCN)C(=O)N[C@@H](Cc2ccc(O)cc2)C(=O)N[C@H](C(=O)N[C@@H](Cc2ccccc2)C(N)=O)C(C)C)NC(=O)[C@H](Cc2c[nH]c4ccccc24)NC(=O)[C@H](CCCCN)NC(=O)[C@H](Cc2cnc[nH]2)NC(=O)[C@H]([C@@H](C)O)NC(=O)[C@H](CCCNC(=N)N)NC(=O)[C@H](CO)NC3=O)NC(=O)[C@H](CCCCN)NC(=O)[C@H](CC(=O)O)NC(=O)[C@H](CC(N)=O)NC(=O)[C@H](CC(=O)O)NC(=O)[C@@H]2CCCN2C1=O,'>',IC50,5000.0,Inhibition of human NaV1.5 at -140 mV holding potential by whole-cell patch clamp assay,J Med Chem,2015,
CHEMBL3617063,,Nc1nc2cc(-c3cc(Cl)ccc3Oc3cc(F)c(S(=O)(=O)Nc4ncns4)cc3F)ccc2[nH]1,'>',IC50,10000.0,Inhibition of full length human Nav1.5 channel expressed in HEK cells co-expressing human sodium channel subunit beta1 at holding potential -60 mV by automated voltage clamp analysis,ACS Med Chem Lett,2016,
CHEMBL3682634,,O=S(=O)(Nc1ncns1)c1ccc2c(-c3ccc(C(F)(F)F)cc3Br)cccc2c1,'>',IC50,30000.0,"In Vitro PX Assay: 293 cells stably transfected with Nav 1.5 were recorded in whole cell voltage clamp mode with the PatchXpress automated electrophysiology system according the manufacturer's specifications (Molecular Devices, LLC, Sunnyvale, Calif.). Cells were held at a holding potential of −50 mV to inactivate sodium channels. To elicit sodium currents the voltage was changed to −120 mV to recover a portion of the channels, followed by delivery of test pulses of 20 msec duration to 0 mV, at 0.1 Hz. A single concentration of test compound was applied to cells for a duration of 5 minutes. Peak sodium current was measured at the end of the compound addition period to determine percent inhibition.",,2015,
CHEMBL3113256,,CC(C)(C)OC(=O)n1cc(-c2cccc(NC(=O)[C@H]3CCCN3)c2)nc1N,'>',IC50,30000.0,Modulation of human Nav1.5 in open-inactivated state assessed as inhibition of inward current after 4 mins by whole-cell electrophysiology,Eur J Med Chem,2014,
CHEMBL4854735,,O=S(=O)(Nc1cccc(F)n1)c1cc(F)c(O[C@H]2CCN(CC(F)(F)F)C[C@@H]2c2ccc(F)c(F)c2)c(F)c1,'=',IC50,44.0,Inhibition of human Nav1.5 expressed in HEK293 cells by sodium influx assay,Bioorg Med Chem Lett,2021,
CHEMBL3798824,,CC[C@H](C)[C@@H]1NC(=O)[C@@H]2CSSC[C@@H]3NC(=O)[C@H](C(C)C)NC(=O)[C@H](CC(C)C)NC(=O)[C@H](CC(N)=O)NC(=O)[C@@H]4CCCN4C(=O)[C@H](CCCNC(=N)N)NC(=O)[C@H](CSSC[C@H](NC(=O)[C@@H](N)CC(=O)O)C(=O)N[C@@H](CC(C)C)C(=O)NCC(=O)N[C@@H](Cc4ccccc4)C(=O)N[C@@H](CCSC)C(=O)N[C@@H](CCCNC(=N)N)C(=O)N[C@@H](CCCCN)C(=O)N2)NC(=O)[C@H](CSSC[C@@H](C(=O)N[C@@H](CCCCN)C(=O)N[C@@H](Cc2cccc4ccccc24)C(=O)N[C@H](C(=O)N[C@@H](Cc2ccccc2)C(N)=O)C(C)C)NC(=O)[C@H](Cc2c[nH]c4ccccc24)NC(=O)[C@H](CCCCN)NC(=O)[C@H](Cc2cnc[nH]2)NC(=O)[C@H]([C@@H](C)O)NC(=O)[C@H](CCCNC(=N)N)NC(=O)[C@H](CO)NC3=O)NC(=O)[C@H](CCCCN)NC(=O)[C@H](CC(=O)O)NC(=O)[C@H](CC(N)=O)NC(=O)[C@H](CC(=O)O)NC(=O)[C@@H]2CCCN2C1=O,'=',IC50,1000.0,Inhibition of human Nav1.5 expressed in HEK293 cells by whole cell patch clamp electrophysiology method,J Med Chem,2016,
CHEMBL3798460,,CC[C@H](C)[C@@H]1NC(=O)[C@@H]2CSSC[C@@H]3NC(=O)[C@H](C(C)C)NC(=O)[C@H](CC(C)C)NC(=O)[C@H](CC(N)=O)NC(=O)[C@@H]4CCCN4C(=O)[C@H](CCCNC(=N)N)NC(=O)[C@H](CSSC[C@H](NC(=O)[C@@H](N)CC(=O)O)C(=O)N[C@@H](CC(C)C)C(=O)NCC(=O)N[C@@H](Cc4ccccc4)C(=O)N[C@@H](CCSC)C(=O)N[C@@H](CCCNC(=N)N)C(=O)N[C@@H](CCCCN)C(=O)N2)NC(=O)[C@H](CSSC[C@@H](C(=O)N[C@@H](CCCCN)C(=O)N[C@@H](Cc2ccc(O)cc2)C(=O)N[C@H](C(=O)N[C@@H](Cc2ccccc2)C(N)=O)C(C)C)NC(=O)[C@H](Cc2c[nH]c4ccccc24)NC(=O)[C@H](CCC(N)=O)NC(=O)[C@H](Cc2cnc[nH]2)NC(=O)[C@H]([C@@H](C)O)NC(=O)[C@H](CCCNC(=N)N)NC(=O)[C@H](CO)NC3=O)NC(=O)[C@H](CCCCN)NC(=O)[C@H](CC(=O)O)NC(=O)[C@H](CC(N)=O)NC(=O)[C@H](CC(=O)O)NC(=O)[C@@H]2CCCN2C1=O,'>',IC50,10000.0,Inhibition of human Nav1.5 expressed in HEK293 cells by whole cell patch clamp electrophysiology method,J Med Chem,2016,
CHEMBL4211735,,COc1ccc(C2NCCOC2Oc2cc(F)c(S(=O)(=O)Nc3ncns3)cc2F)cc1,'>',IC50,30000.0,Antagonist activity at recombinant human Nav1.5 expressed in HEK293 cells assessed as reduction in channel current at -50 mV holding potential after 600 secs by barracuda automated electrophysiology method,Bioorg Med Chem Lett,2018,
CHEMBL4205556,,O=S(=O)(Nc1ncns1)c1cc(F)c(OC2OCCNC2c2cccc3nccnc23)cc1F,'>',IC50,30000.0,Antagonist activity at recombinant human Nav1.5 expressed in HEK293 cells assessed as reduction in channel current at -50 mV holding potential after 600 secs by barracuda automated electrophysiology method,Bioorg Med Chem Lett,2018,
CHEMBL4283471,,O=C(NCC1CC1)[C@@H](c1ccccc1)N1CCN(C(=O)c2cc(F)cc(F)c2)CC1,'=',IC50,7700.0,Inhibition of human NaV1.5 expressed in HEK293 cells at -50 mV holding potential after 3 to 5 mins by PatchXpress 7000A electrophysiology method,Medchemcomm,2017,
CHEMBL2325014,PF-05089771,Nc1[nH]ncc1-c1cc(Cl)ccc1Oc1cc(F)c(S(=O)(=O)Nc2cscn2)cc1Cl,'>',IC50,10000.0,Inhibition of human NaV1.5 expressed in HEK cells assessed as half inactivation potential at -120 mV holding potential by automated patch clamp method,J Med Chem,2017,
CHEMBL3934179,,O=S(=O)(Nc1ccncn1)c1ccc2c(c1)OCCN2c1ccc(C(F)(F)F)cc1C1=CCNCC1,'=',IC50,1500.0,Inhibition of human NaV1.5 expressed in HEK295 cells at holding potential of -125 mV with test potentials to -10 mV by whole cell voltage clamp method,Bioorg Med Chem Lett,2017,
CHEMBL3960275,,Cc1cc(Cl)ccc1N1CCOc2cc(S(=O)(=O)Nc3nccs3)ccc21,'=',IC50,5700.0,"In Vitro Assay: HEK 293 cells stably transfected with either Nav 1.7 or with Nav 1.5 were recorded in population patch-clamp mode with the IonWorks® Quattro automated electrophysiology system in accordance with the manufacturer's specifications (Molecular Devices, LLC, Sunnyvale, Calif.). Sodium channel currents were measured in response to a train of depolarizations that induced successively greater inactivation. Cells were held at −110 mV for three seconds (Nav 1.7) or half a second (Nav 1.5) from a holding voltage of −15 mV, then put through a series of 26 pulses of 150 msec duration to −20 mV at a frequency of 5 Hz. Cells were then left unclamped for a period of 3 to 8 minutes while a single concentration of test compound was added. Cells were then reclamped and put through the same voltage protocol. Current at the end of the 26th pulse to −20 mV was subtracted from the peak current evoked by the 26th pulse to −20 mV to correct for leak current.",,2016,
CHEMBL4283471,,O=C(NCC1CC1)[C@@H](c1ccccc1)N1CCN(C(=O)c2cc(F)cc(F)c2)CC1,'=',IC50,710.0,Inhibition of human NaV1.5 expressed in HEK293 cells after 6 mins by IonWorks barracuda electrophysiology method,Medchemcomm,2017,
CHEMBL1175,DULOXETINE,CNCC[C@H](Oc1cccc2ccccc12)c1cccs1,'=',IC50,15848.93,Inhibition of fast sodium current (INa) in HEK293 cells transfected with human Nav1.5 measured using IonWorks Quattro automated patch clamp platform,J Pharmacol Toxicol Methods,2014,
CHEMBL584,NELFINAVIR,Cc1c(O)cccc1C(=O)N[C@@H](CSc1ccccc1)[C@H](O)CN1C[C@H]2CCCC[C@H]2C[C@H]1C(=O)NC(C)(C)C,'=',IC50,501187.23,Inhibition of fast sodium current (INa) in HEK293 cells transfected with human Nav1.5 measured using IonWorks Quattro automated patch clamp platform,J Pharmacol Toxicol Methods,2014,Outside typical range
CHEMBL3692149,,COc1cc(C(F)(F)F)ccc1-c1n[nH]c(=O)c2cc(S(=O)(=O)Nc3nccs3)ccc12,'>',IC50,30000.0,Inhibition of human Nav1.5 expressed in HEK293 cells assessed as inhibition of sodium current at holding potential of -125 mV measured for 3 to 5 mins by whole cell voltage clamp method,ACS Med Chem Lett,2016,
CHEMBL3417035,,CC[C@H](C)[C@@H]1NC(=O)[C@@H]2CSSC[C@@H]3NC(=O)[C@H](C(C)C)NC(=O)[C@H](CC(C)C)NC(=O)[C@H](CC(N)=O)NC(=O)[C@@H]4CCCN4C(=O)[C@H](CCCNC(=N)N)NC(=O)[C@H](CSSC[C@H](NC(=O)[C@@H](N)CC(=O)O)C(=O)N[C@@H](CC(C)C)C(=O)NCC(=O)N[C@@H](Cc4ccccc4)C(=O)N[C@@H](CCSC)C(=O)N[C@@H](CCCNC(=N)N)C(=O)N[C@@H](CCCCN)C(=O)N2)NC(=O)[C@H](CSSC[C@@H](C(=O)N[C@@H](CCCCN)C(=O)N[C@@H](Cc2ccc(O)cc2)C(=O)N[C@H](C(=O)N[C@@H](Cc2ccccc2)C(N)=O)C(C)C)NC(=O)[C@H](Cc2c[nH]c4ccccc24)NC(=O)[C@H](CCCNC(=N)N)NC(=O)[C@H](Cc2cnc[nH]2)NC(=O)[C@H]([C@@H](C)O)NC(=O)[C@H](CCCNC(=N)N)NC(=O)[C@H](CO)NC3=O)NC(=O)[C@H](CCCCN)NC(=O)[C@H](CC(=O)O)NC(=O)[C@H](CC(N)=O)NC(=O)[C@H](CC(=O)O)NC(=O)[C@@H]2CCCN2C1=O,'=',IC50,8800.0,Inhibition of human Nav1.5 expressed in HEK293 cells by whole cell patch clamp electrophysiology method,J Med Chem,2016,
CHEMBL3797725,,CC[C@H](C)[C@@H]1NC(=O)[C@@H]2CSSC[C@@H]3NC(=O)[C@H](C(C)C)NC(=O)[C@H](CC(C)C)NC(=O)[C@H](CC(N)=O)NC(=O)[C@@H]4CCCN4C(=O)[C@H](CCCCN(C)C)NC(=O)[C@H](CSSC[C@H](NC(=O)[C@@H](N)CC(=O)O)C(=O)N[C@@H](CC(C)C)C(=O)NCC(=O)N[C@@H](Cc4ccccc4)C(=O)N[C@@H](CCSC)C(=O)N[C@@H](CCCNC(=N)N)C(=O)N[C@@H](CCCCN)C(=O)N2)NC(=O)[C@H](CSSC[C@@H](C(=O)N[C@@H](CCCCN)C(=O)N[C@@H](Cc2ccc(O)cc2)C(=O)N[C@H](C(=O)N[C@@H](Cc2ccccc2)C(N)=O)C(C)C)NC(=O)[C@H](Cc2c[nH]c4ccccc24)NC(=O)[C@H](CCCCN)NC(=O)[C@H](Cc2cnc[nH]2)NC(=O)[C@H]([C@@H](C)O)NC(=O)[C@H](CCCNC(=N)N)NC(=O)[C@H](CO)NC3=O)NC(=O)[C@H](CCCCN)NC(=O)[C@H](CC(=O)O)NC(=O)[C@H](CC(N)=O)NC(=O)[C@H](CC(=O)O)NC(=O)[C@@H]2CCCN2C1=O,'>',IC50,10000.0,Inhibition of human Nav1.5 expressed in HEK293 cells by whole cell patch clamp electrophysiology method,J Med Chem,2016,
CHEMBL3799252,,CC[C@H](C)[C@@H]1NC(=O)[C@@H]2CSSC[C@@H]3NC(=O)[C@H](C(C)C)NC(=O)[C@H](CC(C)C)NC(=O)[C@H](CC(N)=O)NC(=O)[C@@H]4CCCN4C(=O)[C@H](CCCNC(=N)N)NC(=O)[C@H](CSSC[C@H](NC(=O)[C@H](CC(=O)O)NC(C)=O)C(=O)N[C@@H](CC(C)C)C(=O)NCC(=O)N[C@@H](Cc4ccccc4)C(=O)N[C@@H](CCSC)C(=O)N[C@@H](CCCNC(=N)N)C(=O)N[C@@H](CCCCN)C(=O)N2)NC(=O)[C@H](CSSC[C@@H](C(=O)N[C@@H](CCCCN)C(=O)N[C@@H](Cc2ccc(O)cc2)C(=O)N[C@H](C(=O)N[C@@H](Cc2ccccc2)C(N)=O)C(C)C)NC(=O)[C@H](Cc2c[nH]c4ccccc24)NC(=O)[C@H](CCCCN)NC(=O)[C@H](Cc2cnc[nH]2)NC(=O)[C@H]([C@@H](C)O)NC(=O)[C@H](CCCNC(=N)N)NC(=O)[C@H](CO)NC3=O)NC(=O)[C@H](CCCCN)NC(=O)[C@H](CC(=O)O)NC(=O)[C@H](CC(N)=O)NC(=O)[C@H](CC(=O)O)NC(=O)[C@@H]2CCCN2C1=O,'>',IC50,10000.0,Inhibition of human Nav1.5 expressed in HEK293 cells by whole cell patch clamp electrophysiology method,J Med Chem,2016,
CHEMBL1201187,MARAVIROC,Cc1nnc(C(C)C)n1[C@@H]1C[C@H]2CC[C@@H](C1)N2CC[C@H](NC(=O)C1CCC(F)(F)CC1)c1ccccc1,'=',IC50,1000000.0,Inhibition of fast sodium current (INa) in Chinese Hamster Ovary (CHO) K1 cells transfected with human Nav1.5 measured using IonWorks Quattro automated patch clamp platform,J Pharmacol Toxicol Methods,2014,Outside typical range
CHEMBL584,NELFINAVIR,Cc1c(O)cccc1C(=O)N[C@@H](CSc1ccccc1)[C@H](O)CN1C[C@H]2CCCC[C@H]2C[C@H]1C(=O)NC(C)(C)C,'=',IC50,79432.82,Inhibition of fast sodium current (INa) in Chinese Hamster Ovary (CHO) K1 cells transfected with human Nav1.5 measured using IonWorks Quattro automated patch clamp platform,J Pharmacol Toxicol Methods,2014,
CHEMBL255863,NILOTINIB,Cc1cn(-c2cc(NC(=O)c3ccc(C)c(Nc4nccc(-c5cccnc5)n4)c3)cc(C(F)(F)F)c2)cn1,'=',IC50,1000000.0,Inhibition of fast sodium current (INa) in Chinese Hamster Ovary (CHO) K1 cells transfected with human Nav1.5 measured using IonWorks Quattro automated patch clamp platform,J Pharmacol Toxicol Methods,2014,Outside typical range
CHEMBL1520,VARDENAFIL,CCCc1nc(C)c2c(=O)nc(-c3cc(S(=O)(=O)N4CCN(CC)CC4)ccc3OCC)[nH]n12,'=',IC50,2511886.43,Inhibition of fast sodium current (INa) in Chinese Hamster Ovary (CHO) K1 cells transfected with human Nav1.5 measured using IonWorks Quattro automated patch clamp platform,J Pharmacol Toxicol Methods,2014,Outside typical range
CHEMBL3930997,,COc1ccccc1N1CCOc2cc(S(=O)(=O)Nc3nccs3)ccc21,'>',IC50,10000.0,"In Vitro Assay: HEK 293 cells stably transfected with either Nav 1.7 or with Nav 1.5 were recorded in population patch-clamp mode with the IonWorks® Quattro automated electrophysiology system in accordance with the manufacturer's specifications (Molecular Devices, LLC, Sunnyvale, Calif.). Sodium channel currents were measured in response to a train of depolarizations that induced successively greater inactivation. Cells were held at −110 mV for three seconds (Nav 1.7) or half a second (Nav 1.5) from a holding voltage of −15 mV, then put through a series of 26 pulses of 150 msec duration to −20 mV at a frequency of 5 Hz. Cells were then left unclamped for a period of 3 to 8 minutes while a single concentration of test compound was added. Cells were then reclamped and put through the same voltage protocol. Current at the end of the 26th pulse to −20 mV was subtracted from the peak current evoked by the 26th pulse to −20 mV to correct for leak current.",,2016,
CHEMBL1813048,,CC(=O)Nc1cccc(Nc2ncnc(N3CCC(OCc4ccc(OC(F)(F)F)cc4)CC3)n2)c1C,'=',IC50,1100.0,Inhibition of 20% inactivated TTX-resistant human sodium channel Nav1.5 expressed in human HEK293 cells at 1 uM by patch-clamp electrophysiological assay,J Med Chem,2011,
CHEMBL3704444,,Cn1cc(-c2cccc3c2CNCC3)c2ccc(S(=O)(=O)Nc3ncns3)cc21,'>',IC50,10000.0,"In Vitro Assay: 293 cells stably transfected with either Nav 1.7 or with Nav 1.5 were recorded in population patch-clamp mode with the IonWorks® Quattro automated electrophysiology system in accordance with the manufacturer's specifications (Molecular Devices, LLC, Sunnyvale, Calif.). Sodium channel currents were measured in response to a train of depolarizations that induced successively greater inactivation.Cells were held at −110 mV for three seconds (Nav 1.7) or half a second (Nav 1.5) from a holding voltage of −15 mV, then put through a series of 26 pulses of 150 msec duration to −20 mV at a frequency of 5 Hz. Cells were then left unclamped for a period of 3 to 8 minutes while a single concentration of test compound was added. Cells were then reclamped and put through the same voltage protocol. Current at the end of the 26th pulse to −20 mV was subtracted from the peak current evoked by the 26th pulse to −20 mV to correct for leak current.",,2015,
CHEMBL4849813,,O=S(=O)(Nc1cccc(F)n1)c1cc(F)c(OC2CCN(CC(F)(F)F)CC2c2ccc(F)c(F)c2)cc1F,'=',IC50,430.0,Inhibition of human Nav1.5 by automated voltage clamp electrophysiology,Bioorg Med Chem Lett,2021,
CHEMBL3945969,,COc1cc(-c2cc(F)cc(Cl)c2)c(F)cc1-n1c(=O)ccc2cc(S(=O)(=O)Nc3ccon3)ccc21,'>',IC50,30000.0,"Nav1.5 In Vitro PX Assay: 293 cells stably transfected with Nav 1.5 were recorded in whole cell voltage clamp mode with the PatchXpress automated electrophysiology system according the manufacturer's specifications (Molecular Devices, LLC, Sunnyvale, Calif.). Cells were held at a holding potential of -50 mV to inactivate sodium channels. To elicit sodium currents the voltage was changed -120 mV to recover a portion of the channels, followed by delivery of test pulses of 20 msec duration to 0 mV, at 0.1 Hz. A single concentration of test compound was applied to cells for a duration of 5 minutes.",,2015,
CHEMBL3945969,,COc1cc(-c2cc(F)cc(Cl)c2)c(F)cc1-n1c(=O)ccc2cc(S(=O)(=O)Nc3ccon3)ccc21,'>',IC50,14000.0,Inhibition of human Nav1.5 expressed in HEK293 cells by electrophysiology assay,J Med Chem,2019,
CHEMBL709,ALFUZOSIN,COc1cc2nc(N(C)CCCNC(=O)C3CCCO3)nc(N)c2cc1OC,'=',IC50,1584893.19,Inhibition of fast sodium current (INa) in HEK293 cells transfected with human Nav1.5 measured using IonWorks Quattro automated patch clamp platform,J Pharmacol Toxicol Methods,2014,Outside typical range
CHEMBL779,TADALAFIL,CN1CC(=O)N2[C@H](c3ccc4c(c3)OCO4)c3[nH]c4ccccc4c3C[C@@H]2C1=O,'=',IC50,158489.32,Inhibition of fast sodium current (INa) in HEK293 cells transfected with human Nav1.5 measured using IonWorks Quattro automated patch clamp platform,J Pharmacol Toxicol Methods,2014,Outside typical range
CHEMBL473,DOFETILIDE,CN(CCOc1ccc(NS(C)(=O)=O)cc1)CCc1ccc(NS(C)(=O)=O)cc1,'=',IC50,630957.34,Inhibition of fast sodium current (INa) in HEK293 cells transfected with human Nav1.5 measured using IonWorks Quattro automated patch clamp platform,J Pharmacol Toxicol Methods,2014,Outside typical range
CHEMBL1908360,EVEROLIMUS,CO[C@H]1C[C@@H]2CC[C@@H](C)[C@@](O)(O2)C(=O)C(=O)N2CCCC[C@H]2C(=O)O[C@H]([C@H](C)C[C@@H]2CC[C@@H](OCCO)[C@H](OC)C2)CC(=O)[C@H](C)/C=C(\C)[C@@H](O)[C@@H](OC)C(=O)[C@H](C)C[C@H](C)/C=C/C=C/C=C/1C,'=',IC50,199526.23,Inhibition of fast sodium current (INa) in HEK293 cells transfected with human Nav1.5 measured using IonWorks Quattro automated patch clamp platform,J Pharmacol Toxicol Methods,2014,Outside typical range
CHEMBL434394,NEBIVOLOL,OC(CNCC(O)C1CCc2cc(F)ccc2O1)C1CCc2cc(F)ccc2O1,'=',IC50,7943.28,Inhibition of fast sodium current (INa) in HEK293 cells transfected with human Nav1.5 measured using IonWorks Quattro automated patch clamp platform,J Pharmacol Toxicol Methods,2014,
CHEMBL3682789,,COc1cc(-c2cccc(F)c2)ccc1-c1nccc2cc(S(=O)(=O)Nc3ccncn3)ccc12,'>',IC50,30000.0,"In Vitro PX Assay: 293 cells stably transfected with Nav 1.5 were recorded in whole cell voltage clamp mode with the PatchXpress automated electrophysiology system according the manufacturer's specifications (Molecular Devices, LLC, Sunnyvale, Calif.). Cells were held at a holding potential of −50 mV to inactivate sodium channels. To elicit sodium currents the voltage was changed to −120 mV to recover a portion of the channels, followed by delivery of test pulses of 20 msec duration to 0 mV, at 0.1 Hz. A single concentration of test compound was applied to cells for a duration of 5 minutes. Peak sodium current was measured at the end of the compound addition period to determine percent inhibition.",,2015,
CHEMBL4211735,,COc1ccc(C2NCCOC2Oc2cc(F)c(S(=O)(=O)Nc3ncns3)cc2F)cc1,'>',IC50,30000.0,Antagonist activity at recombinant human Nav1.5 expressed in HEK293 cells assessed as reduction in channel current at -50 mV holding potential after 600 secs by barracuda automated electrophysiology method,Bioorg Med Chem Lett,2018,
CHEMBL4204154,,COc1ccccc1C1NCCOC1Oc1cc(F)c(S(=O)(=O)Nc2ncns2)cc1F,'>',IC50,30000.0,Antagonist activity at recombinant human Nav1.5 expressed in HEK293 cells assessed as reduction in channel current at -50 mV holding potential after 600 secs by barracuda automated electrophysiology method,Bioorg Med Chem Lett,2018,
CHEMBL4202854,,O=S(=O)(Nc1ncns1)c1cc(F)c(OC2OCCNC2c2cc(Cl)cc(Cl)c2)cc1F,'=',IC50,5600.0,Antagonist activity at recombinant human Nav1.5 expressed in HEK293 cells assessed as reduction in channel current at -50 mV holding potential after 600 secs by barracuda automated electrophysiology method,Bioorg Med Chem Lett,2018,
CHEMBL4211717,,O=S(=O)(Nc1ncns1)c1cc(F)c(OC2OCCNC2c2ccc3c(c2)OCO3)cc1F,'>',IC50,30000.0,Antagonist activity at recombinant human Nav1.5 expressed in HEK293 cells assessed as reduction in channel current at -50 mV holding potential after 600 secs by barracuda automated electrophysiology method,Bioorg Med Chem Lett,2018,
CHEMBL4208090,,O=S(=O)(Nc1ncns1)c1cc(F)c(OC2OCCNC2c2ccc3cnccc3c2)cc1F,'>',IC50,30000.0,Antagonist activity at recombinant human Nav1.5 expressed in HEK293 cells assessed as reduction in channel current at -50 mV holding potential after 600 secs by barracuda automated electrophysiology method,Bioorg Med Chem Lett,2018,
CHEMBL4469805,,COc1cc(C(=O)NS(C)(=O)=O)c(F)cc1-c1cnc(Oc2cc(F)ccc2F)c(Cl)c1,'=',IC50,6900.0,Inhibition of human Nav1.5 expressed in HEK293 cells incubated for 3 to 5 mins at -50 mV holding potential by electrophysiology assay,J Med Chem,2016,
CHEMBL4854735,,O=S(=O)(Nc1cccc(F)n1)c1cc(F)c(O[C@H]2CCN(CC(F)(F)F)C[C@@H]2c2ccc(F)c(F)c2)c(F)c1,'=',IC50,39.0,Inhibition of human Nav1.5 by automated voltage clamp electrophysiology,Bioorg Med Chem Lett,2021,
CHEMBL3799543,,CSCC[C@@H]1NC(=O)[C@H](Cc2ccccc2)NC(=O)CNC(=O)[C@H](CC(C)C)NC(=O)[C@@H](NC(=O)[C@@H](N)CC(=O)O)CSSC[C@@H]2NC(=O)[C@@H]3CSSC[C@@H](C(=O)N[C@@H](CCCCN)C(=O)N[C@@H](Cc4ccc(O)cc4)C(=O)N[C@H](C(=O)N[C@@H](Cc4ccccc4)C(N)=O)C(C)C)NC(=O)[C@H](Cc4c[nH]c5ccccc45)NC(=O)[C@H](CCCCN)NC(=O)[C@H](Cc4cnc[nH]4)NC(=O)[C@H]([C@@H](C)O)NC(=O)[C@H](CCCNC(=N)N)NC(=O)[C@H](CO)NC(=O)[C@H](CSSC[C@H](NC(=O)[C@H](CCCCN)NC(=O)[C@H](CCCNC(=N)N)NC1=O)C(=O)N[C@@H](CC(N)=O)C(=O)N1CCC[C@H]1C(=O)N[C@@H](CC(=O)O)C(=O)N[C@@H](CC(N)=O)C(=O)N[C@@H](CC(=O)O)C(=O)N[C@@H](CCCCN)C(=O)N3)NC(=O)[C@H](C(C)C)NC(=O)[C@H](CC(C)C)NC(=O)[C@H](CC(N)=O)NC(=O)[C@@H]1CCCN1C(=O)[C@H](CCCNC(=N)N)NC2=O,'>',IC50,5000.0,Inhibition of human Nav1.5 expressed in HEK293 cells assessed as inward peak current by ion-works quattro patch clamp electrophysiology method,J Med Chem,2016,
CHEMBL4279180,,CC(C)COc1ncc(-c2cn(C)c3cc(C(=O)NS(C)(=O)=O)ccc23)cc1Cl,'=',IC50,19000.0,Inhibition of human Nav1.5 expressed in HEK293 cells after 600 secs at -50 mV holding potential by ion works barracuda population patch clamp method,J Med Chem,2019,
CHEMBL3416902,,CC[C@H](C)[C@@H]1NC(=O)[C@@H]2CSSC[C@@H]3NC(=O)[C@H](C(C)C)NC(=O)[C@H](CC(C)C)NC(=O)[C@H](CC(N)=O)NC(=O)[C@H](C)NC(=O)[C@H](CCCNC(=N)N)NC(=O)[C@H](CSSC[C@H](NC(=O)[C@@H](N)CC(=O)O)C(=O)N[C@@H](CC(C)C)C(=O)NCC(=O)N[C@@H](Cc4ccccc4)C(=O)N[C@@H](CCSC)C(=O)N[C@@H](CCCNC(=N)N)C(=O)N[C@@H](CCCCN)C(=O)N2)NC(=O)[C@H](CSSC[C@@H](C(=O)N[C@@H](CCCCN)C(=O)N[C@@H](Cc2ccc(O)cc2)C(=O)N[C@H](C(=O)N[C@@H](Cc2ccccc2)C(N)=O)C(C)C)NC(=O)[C@H](Cc2c[nH]c4ccccc24)NC(=O)[C@H](CCCCN)NC(=O)[C@H](Cc2cnc[nH]2)NC(=O)[C@H]([C@@H](C)O)NC(=O)[C@H](CCCNC(=N)N)NC(=O)[C@H](CO)NC3=O)NC(=O)[C@H](CCCCN)NC(=O)[C@H](CC(=O)O)NC(=O)[C@H](CC(N)=O)NC(=O)[C@H](CC(=O)O)NC(=O)[C@@H]2CCCN2C1=O,'>',IC50,20000.0,Inhibition of human NaV1.5 at -140 mV holding potential by whole-cell patch clamp assay,J Med Chem,2015,
CHEMBL3983724,,COc1cc(C(F)(F)F)ccc1N1CCOc2cc(S(=O)(=O)Nc3nccs3)ccc21,'=',IC50,2000.0,Inhibition of human NaV1.5 expressed in HEK295 cells at holding potential of -125 mV with test potentials to -10 mV by whole cell voltage clamp method,Bioorg Med Chem Lett,2017,
CHEMBL3113257,,CC(C)(C)OC(=O)n1cc(-c2ccc(NC(=O)[C@H]3CCCN3)cc2)nc1N,'>',IC50,30000.0,Modulation of human Nav1.5 in closed state assessed as inhibition of inward current after 4 mins by whole-cell electrophysiology,Eur J Med Chem,2014,
CHEMBL3113255,,Cl.Nc1nc(-c2cccc(NC(=O)c3c[nH]c4ccccc34)c2)c[nH]1,'>',IC50,30000.0,Modulation of human Nav1.5 in open-inactivated state assessed as inhibition of inward current after 4 mins by whole-cell electrophysiology,Eur J Med Chem,2014,
CHEMBL3113252,,Cl.Nc1nc(-c2cccc(NC(=O)c3cc4ccccc4[nH]3)c2)c[nH]1,'>',IC50,30000.0,Modulation of human Nav1.5 in open-inactivated state assessed as inhibition of inward current after 4 mins by whole-cell electrophysiology,Eur J Med Chem,2014,
CHEMBL3113250,,CC(C)(C)OC(=O)n1cc(-c2cccc(NC(=O)c3cc4ccccc4[nH]3)c2)nc1N,'>',IC50,30000.0,Modulation of human Nav1.5 in open-inactivated state assessed as inhibition of inward current after 4 mins by whole-cell electrophysiology,Eur J Med Chem,2014,
CHEMBL3657943,,O=C(NS(=O)(=O)N1CC(F)(F)C1)c1cc(C2CC2)c(OCC23CC4CC(CC(C4)C2)C3)cc1F,'=',IC50,326.0,"Electrophysiological Assay: Patch voltage clamp electrophysiology allows for the direct measurement and quantification of block of voltage-gated sodium channels (NaV's), and allows the determination of the time- and voltage-dependence of block which has been interpreted as differential binding to the resting, open, and inactivated states of the sodium channel (Hille, B., Journal of General Physiology (1977), 69: 497-515).The following patch voltage clamp electrophysiology studies were performed on representative compounds of the invention using human embryonic kidney cells (HEK), permanently transfected with an expression vector containing the full-length cDNA coding for the desired human sodium channel alpha -subunit, grown in culture media containing 10% FBS, 1% PSG, and 0.5 mg/mL G418 at 37 C. with 5% CO2. HEK cells used for the electrophysiology (EP) recordings had a passage number of less than 40 for all studies and were used within three days from the time of plating.",,2015,
CHEMBL3799619,,CC[C@H](C)[C@@H]1NC(=O)[C@@H]2CSSC[C@@H]3NC(=O)[C@H](C(C)C)NC(=O)[C@H](CC(C)C)NC(=O)[C@H](CC(N)=O)NC(=O)[C@@H]4CCCN4C(=O)[C@H](Cc4cc5ccccc5[nH]4)NC(=O)[C@H](CSSC[C@H](NC(=O)[C@@H](N)CC(=O)O)C(=O)N[C@@H](CC(C)C)C(=O)NCC(=O)N[C@@H](Cc4ccccc4)C(=O)N[C@@H](CCSC)C(=O)N[C@@H](CCCNC(=N)N)C(=O)N[C@@H](CCCCN)C(=O)N2)NC(=O)[C@H](CSSC[C@@H](C(=O)N[C@@H](CCCCN)C(=O)N[C@@H](Cc2ccc(O)cc2)C(=O)N[C@H](C(=O)N[C@@H](Cc2ccccc2)C(N)=O)C(C)C)NC(=O)[C@H](Cc2c[nH]c4ccccc24)NC(=O)[C@H](CCCCN)NC(=O)[C@H](Cc2cnc[nH]2)NC(=O)[C@H]([C@@H](C)O)NC(=O)[C@H](CCCNC(=N)N)NC(=O)[C@H](CO)NC3=O)NC(=O)[C@H](CCCCN)NC(=O)[C@H](CC(=O)O)NC(=O)[C@H](CC(N)=O)NC(=O)[C@H](CC(=O)O)NC(=O)[C@@H]2CCCN2C1=O,'>',IC50,10000.0,Inhibition of human Nav1.5 expressed in HEK293 cells by whole cell patch clamp electrophysiology method,J Med Chem,2016,
CHEMBL4210607,,O=S(=O)(Nc1ncns1)c1cc(F)c(OC2OCCNC2c2ccc3ncccc3c2)cc1F,'>',IC50,30000.0,Antagonist activity at recombinant human Nav1.5 expressed in HEK293 cells assessed as reduction in channel current at -50 mV holding potential after 600 secs by barracuda automated electrophysiology method,Bioorg Med Chem Lett,2018,
CHEMBL4209182,,O=S(=O)(Nc1ncns1)c1cc(F)c(OC2OCCNC2c2ccc(Cl)nc2)cc1F,'>',IC50,30000.0,Antagonist activity at recombinant human Nav1.5 expressed in HEK293 cells assessed as reduction in channel current at -50 mV holding potential after 600 secs by barracuda automated electrophysiology method,Bioorg Med Chem Lett,2018,
CHEMBL4204409,,N#Cc1ccc(C2NCCOC2Oc2cc(F)c(S(=O)(=O)Nc3ncns3)cc2F)cc1,'>',IC50,30000.0,Antagonist activity at recombinant human Nav1.5 expressed in HEK293 cells assessed as reduction in channel current at -50 mV holding potential after 600 secs by barracuda automated electrophysiology method,Bioorg Med Chem Lett,2018,
CHEMBL4072883,,O=S(=O)(Nc1nccs1)c1cc(Cl)c(NC[C@H]2CCCOC2)cc1F,'=',IC50,76.0,Inhibition of human Nav1.5 inactivated state form expressed in HEK293 cells at -60 mV holding potential by by automated patch clamp electrophysiology assay,Bioorg Med Chem,2017,
CHEMBL4075332,,O=S1(=O)CCC(CCNc2cc(F)c(S(=O)(=O)Nc3nccs3)cc2Cl)CC1,'=',IC50,37.0,Inhibition of human Nav1.5 inactivated state form expressed in HEK293 cells at -60 mV holding potential by by automated patch clamp electrophysiology assay,Bioorg Med Chem,2017,
CHEMBL4084268,,CC(C)(C)[C@@H]1OCCC[C@@H]1CNc1cc(F)c(S(=O)(=O)Nc2nccs2)cc1Cl,'>',IC50,30000.0,Inhibition of human Nav1.5 inactivated state form expressed in HEK293 cells at -50 mV holding potential by by automated patch clamp electrophysiology assay,Bioorg Med Chem,2017,
CHEMBL4102624,,O=C1CCCC(CNc2cc(F)c(S(=O)(=O)Nc3nccs3)cc2Cl)C1,'=',IC50,4700.0,Inhibition of human Nav1.5 inactivated state form expressed in HEK293 cells at -50 mV holding potential by by automated patch clamp electrophysiology assay,Bioorg Med Chem,2017,
CHEMBL3928121,,N#Cc1cc(C(F)(F)F)ccc1N1CCOc2cc(S(=O)(=O)Nc3ccncn3)ccc21,'=',IC50,1140.0,"In Vitro Assay: HEK 293 cells stably transfected with either Nav 1.7 or with Nav 1.5 were recorded in population patch-clamp mode with the IonWorks® Quattro automated electrophysiology system in accordance with the manufacturer's specifications (Molecular Devices, LLC, Sunnyvale, Calif.). Sodium channel currents were measured in response to a train of depolarizations that induced successively greater inactivation. Cells were held at −110 mV for three seconds (Nav 1.7) or half a second (Nav 1.5) from a holding voltage of −15 mV, then put through a series of 26 pulses of 150 msec duration to −20 mV at a frequency of 5 Hz. Cells were then left unclamped for a period of 3 to 8 minutes while a single concentration of test compound was added. Cells were then reclamped and put through the same voltage protocol. Current at the end of the 26th pulse to −20 mV was subtracted from the peak current evoked by the 26th pulse to −20 mV to correct for leak current.",,2016,
CHEMBL3922625,,COc1cc(F)ccc1N1CCOc2cc(S(=O)(=O)Nc3nccs3)ccc21,'=',IC50,5580.0,"In Vitro Assay: HEK 293 cells stably transfected with either Nav 1.7 or with Nav 1.5 were recorded in population patch-clamp mode with the IonWorks® Quattro automated electrophysiology system in accordance with the manufacturer's specifications (Molecular Devices, LLC, Sunnyvale, Calif.). Sodium channel currents were measured in response to a train of depolarizations that induced successively greater inactivation. Cells were held at −110 mV for three seconds (Nav 1.7) or half a second (Nav 1.5) from a holding voltage of −15 mV, then put through a series of 26 pulses of 150 msec duration to −20 mV at a frequency of 5 Hz. Cells were then left unclamped for a period of 3 to 8 minutes while a single concentration of test compound was added. Cells were then reclamped and put through the same voltage protocol. Current at the end of the 26th pulse to −20 mV was subtracted from the peak current evoked by the 26th pulse to −20 mV to correct for leak current.",,2016,
CHEMBL3416898,,CC[C@H](C)[C@@H]1NC(=O)[C@@H]2CSSC[C@@H]3NC(=O)[C@H](C(C)C)NC(=O)[C@H](CC(C)C)NC(=O)[C@H](CC(N)=O)NC(=O)[C@@H]4CCCN4C(=O)[C@H](CCCNC(=N)N)NC(=O)[C@H](CSSC[C@H](NC(=O)[C@@H](N)CC(=O)O)C(=O)N[C@@H](CC(C)C)C(=O)NCC(=O)N[C@@H](Cc4ccccc4)C(=O)N[C@@H](CCSC)C(=O)N[C@@H](CCCNC(=N)N)C(=O)N[C@@H](CCCCN)C(=O)N2)NC(=O)[C@H](CSSC[C@@H](C(=O)N[C@@H](CCCCN)C(=O)N[C@@H](Cc2ccc(O)cc2)C(=O)N[C@H](C(=O)N[C@@H](Cc2ccccc2)C(N)=O)C(C)C)NC(=O)[C@H](Cc2c[nH]c4ccccc24)NC(=O)[C@H](CCCCN)NC(=O)[C@H](Cc2cnc[nH]2)NC(=O)[C@H]([C@@H](C)O)NC(=O)[C@H](CCCNC(=N)N)NC(=O)[C@H](CO)NC3=O)NC(=O)[C@H](CCCCN)NC(=O)[C@H](CC(=O)O)NC(=O)[C@H](CC(N)=O)NC(=O)[C@H](C)NC(=O)[C@@H]2CCCN2C1=O,'>',IC50,5000.0,Inhibition of human NaV1.5 at -140 mV holding potential by whole-cell patch clamp assay,J Med Chem,2015,
CHEMBL3544913,VIXOTRIGINE,NC(=O)[C@@H]1CC[C@H](c2ccc(OCc3ccccc3F)cc2)N1,'=',IC50,84000.0,Inhibition of human Nav1.5 expressed in HEK293 cells by electrophysiology assay,J Med Chem,2019,
CHEMBL2325014,PF-05089771,Nc1[nH]ncc1-c1cc(Cl)ccc1Oc1cc(F)c(S(=O)(=O)Nc2cscn2)cc1Cl,'=',IC50,25000.0,Inhibition of human Nav1.5 expressed in HEK293 cells by electrophysiology assay,J Med Chem,2019,
CHEMBL3657855,,O=C(NS(=O)(=O)N1CCC1)c1cc(C2CC2)c(OCC23CC4CC(CC(C4)C2)C3)cc1F,'=',IC50,49.0,Inhibition of human Nav1.5 expressed in HEK293 cells by electrophysiology assay,J Med Chem,2019,
CHEMBL3662190,,CC1(COc2cc(F)c(C(=O)NS(=O)(=O)C3CC3)cc2C2CC2)CCC2(CC1)CC2,'=',IC50,50.0,Inhibition of human Nav1.5 expressed in HEK293 cells by electrophysiology assay,J Med Chem,2019,
CHEMBL4104727,,O=S(=O)(Nc1nccs1)c1cc(Cl)c(NC[C@]23CCO[C@H]2OCC3)cc1F,'=',IC50,108.0,Inhibition of human Nav1.5 inactivated state form expressed in HEK293 cells at -60 mV holding potential by by automated patch clamp electrophysiology assay,Bioorg Med Chem,2017,
CHEMBL4084268,,CC(C)(C)[C@@H]1OCCC[C@@H]1CNc1cc(F)c(S(=O)(=O)Nc2nccs2)cc1Cl,'=',IC50,415.0,Inhibition of human Nav1.5 inactivated state form expressed in HEK293 cells at -60 mV holding potential by by automated patch clamp electrophysiology assay,Bioorg Med Chem,2017,
CHEMBL4074392,,O=S(=O)(Nc1nccs1)c1cc(Cl)c(NCC2CCCC3(C2)OCCO3)cc1F,'=',IC50,162.0,Inhibition of human Nav1.5 inactivated state form expressed in HEK293 cells at -60 mV holding potential by by automated patch clamp electrophysiology assay,Bioorg Med Chem,2017,
CHEMBL4068484,,O=S(=O)(Nc1nccs1)c1cc(Cl)c(NC[C@H]2CC[C@@H](O)CC2)cc1F,'=',IC50,380.0,Inhibition of human Nav1.5 inactivated state form expressed in HEK293 cells at -60 mV holding potential by by automated patch clamp electrophysiology assay,Bioorg Med Chem,2017,
CHEMBL4102647,,O=S(=O)(Nc1nccs1)c1cc(Cl)c(NCC2CCOCC2)cc1F,'=',IC50,4000.0,Inhibition of human Nav1.5 inactivated state form expressed in HEK293 cells at -50 mV holding potential by by automated patch clamp electrophysiology assay,Bioorg Med Chem,2017,
CHEMBL4084713,,CC1CC(CNc2cc(F)c(S(=O)(=O)Nc3nccs3)cc2Cl)CC(C)O1,'=',IC50,1900.0,Inhibition of human Nav1.5 inactivated state form expressed in HEK293 cells at -50 mV holding potential by by automated patch clamp electrophysiology assay,Bioorg Med Chem,2017,
CHEMBL3113262,,Nc1nc(-c2cccc(NC(=O)c3ccc[nH]3)c2)cn1C(=O)c1ccc[nH]1,'>',IC50,30000.0,Modulation of human Nav1.5 in closed state assessed as inhibition of inward current after 4 mins by whole-cell electrophysiology,Eur J Med Chem,2014,
CHEMBL3947470,,COc1cc(C(F)(F)F)ccc1-n1c(=O)ccc2cc(S(=O)(=O)Nc3nccs3)ccc21,'>',IC50,30000.0,"Nav1.5 In Vitro PX Assay: 293 cells stably transfected with Nav 1.5 were recorded in whole cell voltage clamp mode with the PatchXpress automated electrophysiology system according the manufacturer's specifications (Molecular Devices, LLC, Sunnyvale, Calif.). Cells were held at a holding potential of -50 mV to inactivate sodium channels. To elicit sodium currents the voltage was changed -120 mV to recover a portion of the channels, followed by delivery of test pulses of 20 msec duration to 0 mV, at 0.1 Hz. A single concentration of test compound was applied to cells for a duration of 5 minutes.",,2015,
CHEMBL3963432,,COc1cc(C#N)ccc1N1CCOc2cc(S(=O)(=O)Nc3nccs3)ccc21,'>',IC50,10000.0,"In Vitro Assay: HEK 293 cells stably transfected with either Nav 1.7 or with Nav 1.5 were recorded in population patch-clamp mode with the IonWorks® Quattro automated electrophysiology system in accordance with the manufacturer's specifications (Molecular Devices, LLC, Sunnyvale, Calif.). Sodium channel currents were measured in response to a train of depolarizations that induced successively greater inactivation. Cells were held at −110 mV for three seconds (Nav 1.7) or half a second (Nav 1.5) from a holding voltage of −15 mV, then put through a series of 26 pulses of 150 msec duration to −20 mV at a frequency of 5 Hz. Cells were then left unclamped for a period of 3 to 8 minutes while a single concentration of test compound was added. Cells were then reclamped and put through the same voltage protocol. Current at the end of the 26th pulse to −20 mV was subtracted from the peak current evoked by the 26th pulse to −20 mV to correct for leak current.",,2016,
CHEMBL3983724,,COc1cc(C(F)(F)F)ccc1N1CCOc2cc(S(=O)(=O)Nc3nccs3)ccc21,'=',IC50,1990.0,"In Vitro Assay: HEK 293 cells stably transfected with either Nav 1.7 or with Nav 1.5 were recorded in population patch-clamp mode with the IonWorks® Quattro automated electrophysiology system in accordance with the manufacturer's specifications (Molecular Devices, LLC, Sunnyvale, Calif.). Sodium channel currents were measured in response to a train of depolarizations that induced successively greater inactivation. Cells were held at −110 mV for three seconds (Nav 1.7) or half a second (Nav 1.5) from a holding voltage of −15 mV, then put through a series of 26 pulses of 150 msec duration to −20 mV at a frequency of 5 Hz. Cells were then left unclamped for a period of 3 to 8 minutes while a single concentration of test compound was added. Cells were then reclamped and put through the same voltage protocol. Current at the end of the 26th pulse to −20 mV was subtracted from the peak current evoked by the 26th pulse to −20 mV to correct for leak current.",,2016,
CHEMBL3909869,,CCC1CN(c2ccc(C(F)(F)F)cc2C#N)c2ccc(S(=O)(=O)Nc3nccs3)cc2O1,'>',IC50,10000.0,"In Vitro Assay: HEK 293 cells stably transfected with either Nav 1.7 or with Nav 1.5 were recorded in population patch-clamp mode with the IonWorks® Quattro automated electrophysiology system in accordance with the manufacturer's specifications (Molecular Devices, LLC, Sunnyvale, Calif.). Sodium channel currents were measured in response to a train of depolarizations that induced successively greater inactivation. Cells were held at −110 mV for three seconds (Nav 1.7) or half a second (Nav 1.5) from a holding voltage of −15 mV, then put through a series of 26 pulses of 150 msec duration to −20 mV at a frequency of 5 Hz. Cells were then left unclamped for a period of 3 to 8 minutes while a single concentration of test compound was added. Cells were then reclamped and put through the same voltage protocol. Current at the end of the 26th pulse to −20 mV was subtracted from the peak current evoked by the 26th pulse to −20 mV to correct for leak current.",,2016,
CHEMBL3657851,,CS(=O)(=O)NC(=O)c1cc(C2CC2)c(OCC23CC4CC(CC(C4)C2)C3)cc1F,'=',IC50,159.0,"Electrophysiological Assay: Patch voltage clamp electrophysiology allows for the direct measurement and quantification of block of voltage-gated sodium channels (NaV's), and allows the determination of the time- and voltage-dependence of block which has been interpreted as differential binding to the resting, open, and inactivated states of the sodium channel (Hille, B., Journal of General Physiology (1977), 69: 497-515).The following patch voltage clamp electrophysiology studies were performed on representative compounds of the invention using human embryonic kidney cells (HEK), permanently transfected with an expression vector containing the full-length cDNA coding for the desired human sodium channel alpha -subunit, grown in culture media containing 10% FBS, 1% PSG, and 0.5 mg/mL G418 at 37 C. with 5% CO2. HEK cells used for the electrophysiology (EP) recordings had a passage number of less than 40 for all studies and were used within three days from the time of plating.",,2015,
CHEMBL2409209,,Cn1nccc1-c1cc(C(F)(F)F)ccc1-c1cn(C)c2cc(S(=O)(=O)Nc3ncns3)ccc12,'>',IC50,30000.0,Inhibition of human Nav1.5 expressed in HEK293 cells assessed as inhibition of sodium current at holding potential of -125 mV measured for 3 to 5 mins by whole cell voltage clamp method,ACS Med Chem Lett,2016,
CHEMBL3113254,,CC(C)(C)OC(=O)n1cc(-c2cccc(NC(=O)c3c[nH]c4ccccc34)c2)nc1N,'>',IC50,30000.0,Modulation of human Nav1.5 in closed state assessed as inhibition of inward current after 4 mins by whole-cell electrophysiology,Eur J Med Chem,2014,
CHEMBL3113259,,Cl.Nc1nc(-c2ccc(NC(=O)[C@H]3CCCN3)cc2)c[nH]1,'>',IC50,30000.0,Modulation of human Nav1.5 in closed state assessed as inhibition of inward current after 4 mins by whole-cell electrophysiology,Eur J Med Chem,2014,
CHEMBL3113258,,CC(C)(C)OC(=O)n1cc(-c2ccc(NC(=O)[C@@H]3CCCN3)cc2)nc1N,'>',IC50,30000.0,Modulation of human Nav1.5 in open-inactivated state assessed as inhibition of inward current after 4 mins by whole-cell electrophysiology,Eur J Med Chem,2014,
CHEMBL3113249,,CC(C)(C)OC(=O)n1cc(-c2ccc(NC(=O)c3ccco3)cc2)nc1N,'>',IC50,30000.0,Modulation of human Nav1.5 in open-inactivated state assessed as inhibition of inward current after 4 mins by whole-cell electrophysiology,Eur J Med Chem,2014,
CHEMBL3416914,,CC[C@H](C)[C@@H]1NC(=O)[C@@H]2CSSC[C@@H]3NC(=O)[C@H](C(C)C)NC(=O)[C@H](CC(C)C)NC(=O)[C@H](CC(N)=O)NC(=O)[C@@H]4CCCN4C(=O)[C@H](CCCNC(=N)N)NC(=O)[C@H](CSSC[C@H](NC(=O)[C@@H](N)CC(=O)O)C(=O)N[C@@H](CC(C)C)C(=O)NCC(=O)N[C@@H](Cc4ccccc4)C(=O)N[C@@H](CCSC)C(=O)N[C@@H](CCCNC(=N)N)C(=O)N[C@@H](CCCCN)C(=O)N2)NC(=O)[C@H](CSSC[C@@H](C(=O)N[C@@H](CCCCN)C(=O)N[C@@H](Cc2ccc(O)cc2)C(=O)N[C@@H](C)C(=O)N[C@@H](Cc2ccccc2)C(N)=O)NC(=O)[C@H](Cc2c[nH]c4ccccc24)NC(=O)[C@H](CCCCN)NC(=O)[C@H](Cc2cnc[nH]2)NC(=O)[C@H]([C@@H](C)O)NC(=O)[C@H](CCCNC(=N)N)NC(=O)[C@H](CO)NC3=O)NC(=O)[C@H](CCCCN)NC(=O)[C@H](CC(=O)O)NC(=O)[C@H](CC(N)=O)NC(=O)[C@H](CC(=O)O)NC(=O)[C@@H]2CCCN2C1=O,'>',IC50,5000.0,Inhibition of human NaV1.5 at -140 mV holding potential by whole-cell patch clamp assay,J Med Chem,2015,
CHEMBL3416890,,CC[C@H](C)[C@@H]1NC(=O)[C@@H]2CSSC[C@@H]3NC(=O)[C@H](C(C)C)NC(=O)[C@H](CC(C)C)NC(=O)[C@H](CC(N)=O)NC(=O)[C@@H]4CCCN4C(=O)[C@H](CCCNC(=N)N)NC(=O)[C@H](CSSC[C@H](NC(=O)[C@H](C)N)C(=O)N[C@@H](CC(C)C)C(=O)NCC(=O)N[C@@H](Cc4ccccc4)C(=O)N[C@@H](CCSC)C(=O)N[C@@H](CCCNC(=N)N)C(=O)N[C@@H](CCCCN)C(=O)N2)NC(=O)[C@H](CSSC[C@@H](C(=O)N[C@@H](CCCCN)C(=O)N[C@@H](Cc2ccc(O)cc2)C(=O)N[C@H](C(=O)N[C@@H](Cc2ccccc2)C(N)=O)C(C)C)NC(=O)[C@H](Cc2c[nH]c4ccccc24)NC(=O)[C@H](CCCCN)NC(=O)[C@H](Cc2cnc[nH]2)NC(=O)[C@H]([C@@H](C)O)NC(=O)[C@H](CCCNC(=N)N)NC(=O)[C@H](CO)NC3=O)NC(=O)[C@H](CCCCN)NC(=O)[C@H](CC(=O)O)NC(=O)[C@H](CC(N)=O)NC(=O)[C@H](CC(=O)O)NC(=O)[C@@H]2CCCN2C1=O,'>',IC50,5000.0,Inhibition of human NaV1.5 at -140 mV holding potential by whole-cell patch clamp assay,J Med Chem,2015,
CHEMBL3657932,,O=C(NS(=O)(=O)C1CC1)c1cc(C2CC2)c(OCC23CC4CC(CC(C4)C2)C3)cc1F,'=',IC50,26.0,"Electrophysiological Assay: Patch voltage clamp electrophysiology allows for the direct measurement and quantification of block of voltage-gated sodium channels (NaV's), and allows the determination of the time- and voltage-dependence of block which has been interpreted as differential binding to the resting, open, and inactivated states of the sodium channel (Hille, B., Journal of General Physiology (1977), 69: 497-515).The following patch voltage clamp electrophysiology studies were performed on representative compounds of the invention using human embryonic kidney cells (HEK), permanently transfected with an expression vector containing the full-length cDNA coding for the desired human sodium channel alpha -subunit, grown in culture media containing 10% FBS, 1% PSG, and 0.5 mg/mL G418 at 37 C. with 5% CO2. HEK cells used for the electrophysiology (EP) recordings had a passage number of less than 40 for all studies and were used within three days from the time of plating.",,2015,
CHEMBL3909869,,CCC1CN(c2ccc(C(F)(F)F)cc2C#N)c2ccc(S(=O)(=O)Nc3nccs3)cc2O1,'>',IC50,10000.0,"In Vitro Assay: HEK 293 cells stably transfected with either Nav 1.7 or with Nav 1.5 were recorded in population patch-clamp mode with the IonWorks® Quattro automated electrophysiology system in accordance with the manufacturer's specifications (Molecular Devices, LLC, Sunnyvale, Calif.). Sodium channel currents were measured in response to a train of depolarizations that induced successively greater inactivation. Cells were held at −110 mV for three seconds (Nav 1.7) or half a second (Nav 1.5) from a holding voltage of −15 mV, then put through a series of 26 pulses of 150 msec duration to −20 mV at a frequency of 5 Hz. Cells were then left unclamped for a period of 3 to 8 minutes while a single concentration of test compound was added. Cells were then reclamped and put through the same voltage protocol. Current at the end of the 26th pulse to −20 mV was subtracted from the peak current evoked by the 26th pulse to −20 mV to correct for leak current.",,2016,
CHEMBL3682622,,Cc1cc(C(F)(F)F)ccc1-c1cccc2cc(S(=O)(=O)Nc3ncns3)ccc12,'=',IC50,5070.0,"In Vitro PX Assay: 293 cells stably transfected with Nav 1.5 were recorded in whole cell voltage clamp mode with the PatchXpress automated electrophysiology system according the manufacturer's specifications (Molecular Devices, LLC, Sunnyvale, Calif.). Cells were held at a holding potential of −50 mV to inactivate sodium channels. To elicit sodium currents the voltage was changed to −120 mV to recover a portion of the channels, followed by delivery of test pulses of 20 msec duration to 0 mV, at 0.1 Hz. A single concentration of test compound was applied to cells for a duration of 5 minutes. Peak sodium current was measured at the end of the compound addition period to determine percent inhibition.",,2015,
CHEMBL4294322,,CCS(=O)(=O)NC(=O)c1ccc2c(-c3cnc(OCC(C)C)c(Cl)c3)cn(C)c2c1,'=',IC50,5673.0,Inhibition of Nav1.5 (unknown origin) expressed in HEK293 cells at -40 mV holding potential measured after 600 secs by patch clamp method,ACS Med Chem Lett,2018,
CHEMBL3322777,,COc1ccc2c(c1)NC1(CCN(C(=O)c3ccc(OC)c(N(C)C)c3)CC1)c1cccn1-2,'=',IC50,351.0,Inhibition of human Nav1.5 channel expressed in HEK293 cells assessed as membrane potential after 60 mins by FLIPR assay,Bioorg Med Chem Lett,2014,
CHEMBL4076229,,O=S(=O)(Nc1nccs1)c1cc(Cl)c(NCCC2CCOC2)cc1F,'=',IC50,221.0,Inhibition of human Nav1.5 inactivated state form expressed in HEK293 cells at -60 mV holding potential by by automated patch clamp electrophysiology assay,Bioorg Med Chem,2017,
CHEMBL3416895,,CC[C@H](C)[C@@H]1NC(=O)[C@@H]2CSSC[C@@H]3NC(=O)[C@H](C(C)C)NC(=O)[C@H](CC(C)C)NC(=O)[C@H](CC(N)=O)NC(=O)[C@@H]4CCCN4C(=O)[C@H](CCCNC(=N)N)NC(=O)[C@H](CSSC[C@H](NC(=O)[C@@H](N)CC(=O)O)C(=O)N[C@@H](CC(C)C)C(=O)NCC(=O)N[C@@H](Cc4ccccc4)C(=O)N[C@@H](CCSC)C(=O)N[C@@H](C)C(=O)N[C@@H](CCCCN)C(=O)N2)NC(=O)[C@H](CSSC[C@@H](C(=O)N[C@@H](CCCCN)C(=O)N[C@@H](Cc2ccc(O)cc2)C(=O)N[C@H](C(=O)N[C@@H](Cc2ccccc2)C(N)=O)C(C)C)NC(=O)[C@H](Cc2c[nH]c4ccccc24)NC(=O)[C@H](CCCCN)NC(=O)[C@H](Cc2cnc[nH]2)NC(=O)[C@H]([C@@H](C)O)NC(=O)[C@H](CCCNC(=N)N)NC(=O)[C@H](CO)NC3=O)NC(=O)[C@H](CCCCN)NC(=O)[C@H](CC(=O)O)NC(=O)[C@H](CC(N)=O)NC(=O)[C@H](CC(=O)O)NC(=O)[C@@H]2CCCN2C1=O,'>',IC50,5000.0,Inhibition of human Nav1.5 expressed in HEK293 cells assessed as inward peak current by ion-works quattro patch clamp electrophysiology method,J Med Chem,2016,
CHEMBL3414596,,CC[C@H](C)[C@@H]1NC(=O)[C@@H]2CSSC[C@@H]3NC(=O)[C@H](C(C)C)NC(=O)[C@H](CC(C)C)NC(=O)[C@H](CC(N)=O)NC(=O)[C@@H]4CCCN4C(=O)[C@H](CCCNC(=N)N)NC(=O)[C@H](CSSC[C@H](NC(=O)[C@@H](N)CC(=O)O)C(=O)N[C@@H](CC(C)C)C(=O)NCC(=O)N[C@@H](Cc4ccccc4)C(=O)N[C@@H](CCSC)C(=O)N[C@@H](CCCNC(=N)N)C(=O)N[C@@H](C)C(=O)N2)NC(=O)[C@H](CSSC[C@@H](C(=O)N[C@@H](CCCCN)C(=O)N[C@@H](Cc2ccc(O)cc2)C(=O)N[C@H](C(=O)N[C@@H](Cc2ccccc2)C(N)=O)C(C)C)NC(=O)[C@H](Cc2c[nH]c4ccccc24)NC(=O)[C@H](CCCCN)NC(=O)[C@H](Cc2cnc[nH]2)NC(=O)[C@H]([C@@H](C)O)NC(=O)[C@H](CCCNC(=N)N)NC(=O)[C@H](CO)NC3=O)NC(=O)[C@H](CCCCN)NC(=O)[C@H](CC(=O)O)NC(=O)[C@H](CC(N)=O)NC(=O)[C@H](CC(=O)O)NC(=O)[C@@H]2CCCN2C1=O,'>',IC50,5000.0,Inhibition of human Nav1.5 expressed in HEK293 cells assessed as inward peak current by ion-works quattro patch clamp electrophysiology method,J Med Chem,2016,
CHEMBL3416898,,CC[C@H](C)[C@@H]1NC(=O)[C@@H]2CSSC[C@@H]3NC(=O)[C@H](C(C)C)NC(=O)[C@H](CC(C)C)NC(=O)[C@H](CC(N)=O)NC(=O)[C@@H]4CCCN4C(=O)[C@H](CCCNC(=N)N)NC(=O)[C@H](CSSC[C@H](NC(=O)[C@@H](N)CC(=O)O)C(=O)N[C@@H](CC(C)C)C(=O)NCC(=O)N[C@@H](Cc4ccccc4)C(=O)N[C@@H](CCSC)C(=O)N[C@@H](CCCNC(=N)N)C(=O)N[C@@H](CCCCN)C(=O)N2)NC(=O)[C@H](CSSC[C@@H](C(=O)N[C@@H](CCCCN)C(=O)N[C@@H](Cc2ccc(O)cc2)C(=O)N[C@H](C(=O)N[C@@H](Cc2ccccc2)C(N)=O)C(C)C)NC(=O)[C@H](Cc2c[nH]c4ccccc24)NC(=O)[C@H](CCCCN)NC(=O)[C@H](Cc2cnc[nH]2)NC(=O)[C@H]([C@@H](C)O)NC(=O)[C@H](CCCNC(=N)N)NC(=O)[C@H](CO)NC3=O)NC(=O)[C@H](CCCCN)NC(=O)[C@H](CC(=O)O)NC(=O)[C@H](CC(N)=O)NC(=O)[C@H](C)NC(=O)[C@@H]2CCCN2C1=O,'>',IC50,5000.0,Inhibition of human Nav1.5 expressed in HEK293 cells assessed as inward peak current by ion-works quattro patch clamp electrophysiology method,J Med Chem,2016,
CHEMBL3798860,,CC[C@H](C)[C@@H]1NC(=O)[C@@H]2CSSC[C@@H]3NC(=O)[C@H](C(C)C)NC(=O)[C@H](CC(C)C)NC(=O)[C@H](CC(N)=O)NC(=O)[C@@H]4CCCN4C(=O)[C@H](CCCCN)NC(=O)[C@H](CSSC[C@H](NC(=O)[C@@H](N)CC(=O)O)C(=O)N[C@@H](CC(C)C)C(=O)NCC(=O)N[C@@H](Cc4ccccc4)C(=O)N[C@@H](CCSC)C(=O)N[C@@H](CCCNC(=N)N)C(=O)N[C@@H](CCCCN)C(=O)N2)NC(=O)[C@H](CSSC[C@@H](C(=O)N[C@@H](CCCCN)C(=O)N[C@@H](Cc2ccc(O)cc2)C(=O)N[C@H](C(=O)N[C@@H](Cc2ccccc2)C(N)=O)C(C)C)NC(=O)[C@H](Cc2c[nH]c4ccccc24)NC(=O)[C@H](CCCCN)NC(=O)[C@H](Cc2cnc[nH]2)NC(=O)[C@H]([C@@H](C)O)NC(=O)[C@H](CCCNC(=N)N)NC(=O)[C@H](CO)NC3=O)NC(=O)[C@H](CCCCN)NC(=O)[C@H](CC(=O)O)NC(=O)[C@H](CC(N)=O)NC(=O)[C@H](CC(=O)O)NC(=O)[C@@H]2CCCN2C1=O,'=',IC50,15900.0,Inhibition of human Nav1.5 expressed in HEK293 cells by whole cell patch clamp electrophysiology method,J Med Chem,2016,
CHEMBL3797934,,CC[C@H](C)[C@@H]1NC(=O)[C@@H]2CSSC[C@@H]3NC(=O)[C@H](C(C)C)NC(=O)[C@H](CC(C)C)NC(=O)[C@H](CC(N)=O)NC(=O)[C@@H]4CCCN4C(=O)[C@H](Cc4ccccn4)NC(=O)[C@H](CSSC[C@H](NC(=O)[C@@H](N)CC(=O)O)C(=O)N[C@@H](CC(C)C)C(=O)NCC(=O)N[C@@H](Cc4ccccc4)C(=O)N[C@@H](CCSC)C(=O)N[C@@H](CCCNC(=N)N)C(=O)N[C@@H](CCCCN)C(=O)N2)NC(=O)[C@H](CSSC[C@@H](C(=O)N[C@@H](CCCCN)C(=O)N[C@@H](Cc2ccc(O)cc2)C(=O)N[C@H](C(=O)N[C@@H](Cc2ccccc2)C(N)=O)C(C)C)NC(=O)[C@H](Cc2c[nH]c4ccccc24)NC(=O)[C@H](CCCCN)NC(=O)[C@H](Cc2cnc[nH]2)NC(=O)[C@H]([C@@H](C)O)NC(=O)[C@H](CCCNC(=N)N)NC(=O)[C@H](CO)NC3=O)NC(=O)[C@H](CCCCN)NC(=O)[C@H](CC(=O)O)NC(=O)[C@H](CC(N)=O)NC(=O)[C@H](CC(=O)O)NC(=O)[C@@H]2CCCN2C1=O,'=',IC50,13100.0,Inhibition of human Nav1.5 expressed in HEK293 cells by whole cell patch clamp electrophysiology method,J Med Chem,2016,
CHEMBL4209182,,O=S(=O)(Nc1ncns1)c1cc(F)c(OC2OCCNC2c2ccc(Cl)nc2)cc1F,'>',IC50,30000.0,Antagonist activity at recombinant human Nav1.5 expressed in HEK293 cells assessed as reduction in channel current at -50 mV holding potential after 600 secs by barracuda automated electrophysiology method,Bioorg Med Chem Lett,2018,
CHEMBL3682649,,O=S(=O)(Nc1ncns1)c1ccc2c(-c3ccc(C(F)(F)F)cc3O)cccc2c1,'=',IC50,490.0,"In Vitro PX Assay: 293 cells stably transfected with Nav 1.5 were recorded in whole cell voltage clamp mode with the PatchXpress automated electrophysiology system according the manufacturer's specifications (Molecular Devices, LLC, Sunnyvale, Calif.). Cells were held at a holding potential of −50 mV to inactivate sodium channels. To elicit sodium currents the voltage was changed to −120 mV to recover a portion of the channels, followed by delivery of test pulses of 20 msec duration to 0 mV, at 0.1 Hz. A single concentration of test compound was applied to cells for a duration of 5 minutes. Peak sodium current was measured at the end of the compound addition period to determine percent inhibition.",,2015,
CHEMBL3687602,,COc1cc(-c2cccc(F)c2)ccc1-c1ncnc2cc(S(=O)(=O)Nc3ccncn3)ccc12,'>',IC50,30000.0,"In Vitro PX Assay: 293 cells stably transfected with Nav 1.5 were recorded in whole cell voltage clamp mode with the PatchXpress automated electrophysiology system according the manufacturer's specifications (Molecular Devices, LLC, Sunnyvale, Calif.). Cells were held at a holding potential of −50 mV to inactivate sodium channels. To elicit sodium currents the voltage was changed to −120 mV to recover a portion of the channels, followed by delivery of test pulses of 20 msec duration to 0 mV, at 0.1 Hz. A single concentration of test compound was applied to cells for a duration of 5 minutes. Peak sodium current was measured at the end of the compound addition period to determine percent inhibition.",,2015,
CHEMBL4205091,,O=S(=O)(Nc1ncns1)c1cc(F)c(OC2OCCNC2c2ccc(C(F)(F)F)cc2)cc1F,'>',IC50,30000.0,Antagonist activity at recombinant human Nav1.5 expressed in HEK293 cells assessed as reduction in channel current at -50 mV holding potential after 600 secs by barracuda automated electrophysiology method,Bioorg Med Chem Lett,2018,
CHEMBL4205091,,O=S(=O)(Nc1ncns1)c1cc(F)c(OC2OCCNC2c2ccc(C(F)(F)F)cc2)cc1F,'>',IC50,30000.0,Antagonist activity at recombinant human Nav1.5 expressed in HEK293 cells assessed as reduction in channel current at -50 mV holding potential after 600 secs by barracuda automated electrophysiology method,Bioorg Med Chem Lett,2018,
CHEMBL4203201,,N#Cc1cccc(C2NCCOC2Oc2cc(F)c(S(=O)(=O)Nc3ncns3)cc2F)c1,'>',IC50,30000.0,Antagonist activity at recombinant human Nav1.5 expressed in HEK293 cells assessed as reduction in channel current at -50 mV holding potential after 600 secs by barracuda automated electrophysiology method,Bioorg Med Chem Lett,2018,
CHEMBL4213433,,COc1cccc(C2NCCOC2Oc2cc(F)c(S(=O)(=O)Nc3ncns3)cc2F)c1,'>',IC50,30000.0,Antagonist activity at recombinant human Nav1.5 expressed in HEK293 cells assessed as reduction in channel current at -50 mV holding potential after 600 secs by barracuda automated electrophysiology method,Bioorg Med Chem Lett,2018,
CHEMBL4204154,,COc1ccccc1C1NCCOC1Oc1cc(F)c(S(=O)(=O)Nc2ncns2)cc1F,'>',IC50,30000.0,Antagonist activity at recombinant human Nav1.5 expressed in HEK293 cells assessed as reduction in channel current at -50 mV holding potential after 600 secs by barracuda automated electrophysiology method,Bioorg Med Chem Lett,2018,
CHEMBL4206080,,O=S(=O)(Nc1ncns1)c1cc(F)c(OC2OCCNC2c2ccc(Cl)c(Cl)c2)cc1F,'=',IC50,3000.0,Antagonist activity at recombinant human Nav1.5 expressed in HEK293 cells assessed as reduction in channel current at -50 mV holding potential after 600 secs by barracuda automated electrophysiology method,Bioorg Med Chem Lett,2018,
CHEMBL4202854,,O=S(=O)(Nc1ncns1)c1cc(F)c(OC2OCCNC2c2cc(Cl)cc(Cl)c2)cc1F,'=',IC50,5600.0,Antagonist activity at recombinant human Nav1.5 expressed in HEK293 cells assessed as reduction in channel current at -50 mV holding potential after 600 secs by barracuda automated electrophysiology method,Bioorg Med Chem Lett,2018,
CHEMBL4210607,,O=S(=O)(Nc1ncns1)c1cc(F)c(OC2OCCNC2c2ccc3ncccc3c2)cc1F,'>',IC50,30000.0,Antagonist activity at recombinant human Nav1.5 expressed in HEK293 cells assessed as reduction in channel current at -50 mV holding potential after 600 secs by barracuda automated electrophysiology method,Bioorg Med Chem Lett,2018,
CHEMBL4290933,,Cn1cc(-c2ccc(C(F)(F)F)cc2)c2cc(F)c(C(=O)NS(=O)(=O)C3CC3)cc21,'=',IC50,3818.0,Inhibition of Nav1.5 (unknown origin) expressed in HEK293 cells at -40 mV holding potential measured after 600 secs by patch clamp method,ACS Med Chem Lett,2018,
CHEMBL3687608,,COc1cc(-c2cccc(F)c2)c(Cl)cc1-c1nccc2cc(S(=O)(=O)Nc3ccon3)ccc12,'>',IC50,10000.0,Inhibition of human Nav1.5 expressed in HEK293 cells assessed as reduction in peak inward current by ionworks quattro electrophysiology assay,J Med Chem,2017,
CHEMBL3682789,,COc1cc(-c2cccc(F)c2)ccc1-c1nccc2cc(S(=O)(=O)Nc3ccncn3)ccc12,'>',IC50,30000.0,Inhibition of human Nav1.5 expressed in HEK293 cells assessed as reduction in peak inward current by ionworks quattro electrophysiology assay,J Med Chem,2017,
CHEMBL3687538,,COc1cc(C(F)(F)F)ccc1-c1ncnc2cc(S(=O)(=O)Nc3nccs3)ccc12,'>',IC50,30000.0,Inhibition of human Nav1.5 expressed in HEK293 cells assessed as reduction in peak inward current by ionworks quattro electrophysiology assay,J Med Chem,2017,
CHEMBL4290933,,Cn1cc(-c2ccc(C(F)(F)F)cc2)c2cc(F)c(C(=O)NS(=O)(=O)C3CC3)cc21,'=',IC50,3800.0,Inhibition of human Nav1.5 expressed in HEK293 cells after 600 secs at -50 mV holding potential by ion works barracuda population patch clamp method,J Med Chem,2019,
CHEMBL4294322,,CCS(=O)(=O)NC(=O)c1ccc2c(-c3cnc(OCC(C)C)c(Cl)c3)cn(C)c2c1,'=',IC50,5700.0,Inhibition of human Nav1.5 expressed in HEK293 cells after 600 secs at -50 mV holding potential by ion works barracuda population patch clamp method,J Med Chem,2019,
CHEMBL507974,TETRODOTOXIN,NC1=N[C@H](O)[C@H]2[C@H]3O[C@]4(O)O[C@@H]([C@@H](O)[C@@]2(N1)[C@@H]4O)[C@]3(O)CO,'>',IC50,30.0,Inhibition of voltage-gated Na channel 1.5 (unknown origin),J Med Chem,2013,
CHEMBL4101414,,O=S(=O)(Nc1nccs1)c1cc(Cl)c(NCC2CCOC2)cc1F,'=',IC50,188.0,Inhibition of human Nav1.5 inactivated state form expressed in HEK293 cells at -60 mV holding potential by by automated patch clamp electrophysiology assay,Bioorg Med Chem,2017,
CHEMBL4075332,,O=S1(=O)CCC(CCNc2cc(F)c(S(=O)(=O)Nc3nccs3)cc2Cl)CC1,'=',IC50,6000.0,Inhibition of human Nav1.5 inactivated state form expressed in HEK293 cells at -50 mV holding potential by by automated patch clamp electrophysiology assay,Bioorg Med Chem,2017,
CHEMBL3662226,,CS(=O)(=O)NC(=O)c1cc(C2CC2)c(OCC2CN(C(c3ccccc3)c3ccccc3)C2)cc1F,'=',IC50,2540.0,"Electrophysiological Assay: Patch voltage clamp electrophysiology allows for the direct measurement and quantification of block of voltage-gated sodium channels (NaV's), and allows the determination of the time- and voltage-dependence of block which has been interpreted as differential binding to the resting, open, and inactivated states of the sodium channel (Hille, B., Journal of General Physiology (1977), 69: 497-515).The following patch voltage clamp electrophysiology studies were performed on representative compounds of the invention using human embryonic kidney cells (HEK), permanently transfected with an expression vector containing the full-length cDNA coding for the desired human sodium channel alpha -subunit, grown in culture media containing 10% FBS, 1% PSG, and 0.5 mg/mL G418 at 37 C. with 5% CO2. HEK cells used for the electrophysiology (EP) recordings had a passage number of less than 40 for all studies and were used within three days from the time of plating.",,2015,
CHEMBL3687538,,COc1cc(C(F)(F)F)ccc1-c1ncnc2cc(S(=O)(=O)Nc3nccs3)ccc12,'>',IC50,30000.0,Inhibition of human Nav1.5 expressed in HEK293 cells assessed as inhibition of sodium current at holding potential of -125 mV measured for 3 to 5 mins by whole cell voltage clamp method,ACS Med Chem Lett,2016,
CHEMBL3704444,,Cn1cc(-c2cccc3c2CNCC3)c2ccc(S(=O)(=O)Nc3ncns3)cc21,'>',IC50,10000.0,"In Vitro Assay: 293 cells stably transfected with either Nav 1.7 or with Nav 1.5 were recorded in population patch-clamp mode with the IonWorks® Quattro automated electrophysiology system in accordance with the manufacturer's specifications (Molecular Devices, LLC, Sunnyvale, Calif.). Sodium channel currents were measured in response to a train of depolarizations that induced successively greater inactivation.Cells were held at −110 mV for three seconds (Nav 1.7) or half a second (Nav 1.5) from a holding voltage of −15 mV, then put through a series of 26 pulses of 150 msec duration to −20 mV at a frequency of 5 Hz. Cells were then left unclamped for a period of 3 to 8 minutes while a single concentration of test compound was added. Cells were then reclamped and put through the same voltage protocol. Current at the end of the 26th pulse to −20 mV was subtracted from the peak current evoked by the 26th pulse to −20 mV to correct for leak current.",,2015,
CHEMBL4211717,,O=S(=O)(Nc1ncns1)c1cc(F)c(OC2OCCNC2c2ccc3c(c2)OCO3)cc1F,'>',IC50,30000.0,Antagonist activity at recombinant human Nav1.5 expressed in HEK293 cells assessed as reduction in channel current at -50 mV holding potential after 600 secs by barracuda automated electrophysiology method,Bioorg Med Chem Lett,2018,
CHEMBL4469805,,COc1cc(C(=O)NS(C)(=O)=O)c(F)cc1-c1cnc(Oc2cc(F)ccc2F)c(Cl)c1,'=',IC50,11900.0,Inhibition of human Nav1.5 expressed in HEK293 cells assessed as reduction in peak inward current by manual whole cell patch clamp electrophysiology assay,J Med Chem,2016,
CHEMBL4209664,,O=S(=O)(Nc1ncns1)c1cc(F)c(OC2OCCNC2c2cccc(C(F)(F)F)c2)cc1F,'=',IC50,580.0,Antagonist activity at recombinant human Nav1.5 expressed in HEK293 cells assessed as reduction in channel current at -50 mV holding potential after 600 secs by barracuda automated electrophysiology method,Bioorg Med Chem Lett,2018,
CHEMBL4208090,,O=S(=O)(Nc1ncns1)c1cc(F)c(OC2OCCNC2c2ccc3cnccc3c2)cc1F,'>',IC50,30000.0,Antagonist activity at recombinant human Nav1.5 expressed in HEK293 cells assessed as reduction in channel current at -50 mV holding potential after 600 secs by barracuda automated electrophysiology method,Bioorg Med Chem Lett,2018,
CHEMBL4208418,,Cn1nccc1C1NCCOC1Oc1cc(F)c(S(=O)(=O)Nc2ncns2)cc1F,'>',IC50,30000.0,Antagonist activity at recombinant human Nav1.5 expressed in HEK293 cells assessed as reduction in channel current at -50 mV holding potential after 600 secs by barracuda automated electrophysiology method,Bioorg Med Chem Lett,2018,
CHEMBL4217988,,N#Cc1cc(S(=O)(=O)Nc2ncns2)ccc1Oc1ccc(-c2cccc(C(F)(F)F)c2)cc1-c1ccnc(CNCCC2CCNCC2)c1,'=',IC50,2600.0,Inhibition of human Nav1.5 expressed in HEK293 cells by electrophysiology assay,J Med Chem,2019,
CHEMBL3657851,,CS(=O)(=O)NC(=O)c1cc(C2CC2)c(OCC23CC4CC(CC(C4)C2)C3)cc1F,'=',IC50,1100.0,Inhibition of human Nav1.5 expressed in HEK293 cells incubated for 1 hr in presence of veratridine and anthropleurin-C by sodium influx assay,J Med Chem,2021,
CHEMBL4209664,,O=S(=O)(Nc1ncns1)c1cc(F)c(OC2OCCNC2c2cccc(C(F)(F)F)c2)cc1F,'=',IC50,4800.0,Antagonist activity at recombinant human Nav1.5 expressed in HEK293 cells assessed as reduction in channel current at -50 mV holding potential after 600 secs by barracuda automated electrophysiology method,Bioorg Med Chem Lett,2018,
CHEMBL4208418,,Cn1nccc1C1NCCOC1Oc1cc(F)c(S(=O)(=O)Nc2ncns2)cc1F,'>',IC50,30000.0,Antagonist activity at recombinant human Nav1.5 expressed in HEK293 cells assessed as reduction in channel current at -50 mV holding potential after 600 secs by barracuda automated electrophysiology method,Bioorg Med Chem Lett,2018,
CHEMBL3945969,,COc1cc(-c2cc(F)cc(Cl)c2)c(F)cc1-n1c(=O)ccc2cc(S(=O)(=O)Nc3ccon3)ccc21,'>',IC50,14000.0,Inhibition of human Nav1.5 expressed in HEK293 cells by electrophysiology assay,J Med Chem,2019,
CHEMBL4206080,,O=S(=O)(Nc1ncns1)c1cc(F)c(OC2OCCNC2c2ccc(Cl)c(Cl)c2)cc1F,'=',IC50,1000.0,Antagonist activity at recombinant human Nav1.5 expressed in HEK293 cells assessed as reduction in channel current at -50 mV holding potential after 600 secs by barracuda automated electrophysiology method,Bioorg Med Chem Lett,2018,
CHEMBL79,LIDOCAINE,CCN(CC)CC(=O)Nc1c(C)cccc1C,'=',IC50,50000.0,Inhibition of human Nav1.5 in inactivated condition by automated patch-clamp assay,RSC Med Chem,2022,
CHEMBL3945969,,COc1cc(-c2cc(F)cc(Cl)c2)c(F)cc1-n1c(=O)ccc2cc(S(=O)(=O)Nc3ccon3)ccc21,'>',IC50,14000.0,Inhibition of human Nav1.5 by 5-Hz use-dependent voltage protocol based automated patch-clamp assay,RSC Med Chem,2022,
CHEMBL3662190,,CC1(COc2cc(F)c(C(=O)NS(=O)(=O)C3CC3)cc2C2CC2)CCC2(CC1)CC2,'=',IC50,50.0,Inhibition of human Nav1.5 alpha subunit expressed in HEK293 cells co-expressing beta1 subunit at -60 mV holding potential by PatchXpress automated voltage clamp electrophysiology technique,J Med Chem,2019,
CHEMBL3657939,,O=C(NS(=O)(=O)N1CCOCC1)c1cc(C2CC2)c(OCC23CC4CC(CC(C4)C2)C3)cc1F,'=',IC50,110.0,Inhibition of human Nav1.5 expressed in HEK293 cells incubated for 1 hr in presence of veratridine and anthropleurin-C by sodium influx assay,J Med Chem,2021,
CHEMBL558,MEXILETINE,Cc1cccc(C)c1OCC(C)N,'=',IC50,15000.0,Inhibition of human Nav1.5 in inactivated condition by automated patch-clamp assay,RSC Med Chem,2022,
CHEMBL4547737,,CC(=O)OC[C@@H]1NC(=N)N2CCC(O)(O)[C@@]23NC(=N)N[C@@H]13,'=',IC50,4566.0,Inhibition of recombinant human Nav1.5 expressed in CHO cells by whole cell voltage clamp electrophysiology recording,ACS Med Chem Lett,2022,
CHEMBL5176104,,N=C1N[C@H]2[C@H](CN3C(=O)CCC3=O)NC(=N)N3C[C@H](NC(=O)c4cccc5c4CCCC5)C(O)(O)[C@]23N1,'>',IC50,100000.0,Inhibition of human Nav1.5 expressed in HEK293 cells at -120 mV holding potential by automated patch clamp electrophysiology recording,ACS Med Chem Lett,2022,
CHEMBL5176104,,N=C1N[C@H]2[C@H](CN3C(=O)CCC3=O)NC(=N)N3C[C@H](NC(=O)c4cccc5c4CCCC5)C(O)(O)[C@]23N1,'>',IC50,100000.0,Inhibition of human Nav1.5 expressed in HEK293 cells by whole cell patch clamp electrophysiology recording,ACS Med Chem Lett,2022,
CHEMBL3707218,FUNAPIDE,O=C1N(Cc2ccc(C(F)(F)F)o2)c2ccccc2[C@]12COc1cc3c(cc12)OCO3,'=',IC50,84.0,Inhibition of human Nav1.5,RSC Med Chem,2022,
CHEMBL3341985,,CS(=O)(=O)NC(=O)c1cc(Cl)c(OCC23CC4CC(CC(C4)C2)C3)cc1F,'=',IC50,1900.0,Inhibition of human Nav1.5 alpha subunit expressed in HEK293 cells co-expressing beta1 subunit at -60 mV holding potential by whole-cell patch voltage clamp electrophysiology recording,J Med Chem,2019,
CHEMBL3657855,,O=C(NS(=O)(=O)N1CCC1)c1cc(C2CC2)c(OCC23CC4CC(CC(C4)C2)C3)cc1F,'=',IC50,870.0,Inhibition of human Nav1.5 expressed in HEK293 cells incubated for 1 hr in presence of veratridine and anthropleurin-C by sodium influx assay,J Med Chem,2021,
CHEMBL698,TETRACAINE,CCCCNc1ccc(C(=O)OCCN(C)C)cc1,'=',IC50,650.0,Inhibition of human Nav 1.5 expressed in HEK293 cells at -90 mV holding potential by Whole cell voltage clamp electrophysiology assay,Bioorg Med Chem,2022,
CHEMBL5083772,BIIB-091,Cn1cc(Nc2nccc(-c3ccc4c(c3)CN(C3COC3)CC[C@H]4NC(=O)c3cn(C(C)(C)C)nn3)n2)cn1,'>',IC50,25000.0,Inhibition of phasic human Nav1.5,J Med Chem,2022,
CHEMBL3657932,,O=C(NS(=O)(=O)C1CC1)c1cc(C2CC2)c(OCC23CC4CC(CC(C4)C2)C3)cc1F,'=',IC50,260.0,Inhibition of human Nav1.5 expressed in HEK293 cells incubated for 1 hr in presence of veratridine and anthropleurin-C by sodium influx assay,J Med Chem,2021,
CHEMBL3662226,,CS(=O)(=O)NC(=O)c1cc(C2CC2)c(OCC2CN(C(c3ccccc3)c3ccccc3)C2)cc1F,'=',IC50,1100.0,Inhibition of human Nav1.5 expressed in HEK293 cells incubated for 1 hr in presence of veratridine and anthropleurin-C by sodium influx assay,J Med Chem,2021,
