molecule_chembl_id,smiles,mol,standard_value,mw,logp,num_rotable_bounds,hbd,hba,tpsa,class,pic50
CHEMBL482845,O=C1CC2(CCN(C(=O)NC3CCc4ccccc43)CC2)Oc2ccccc21,<rdkit.Chem.rdchem.Mol object at 0x0000022792700F20>,10000,376.456,3.8835,1,1,3,58.64,inactive,5
CHEMBL552196,Cc1c(C2CCN(C(=O)NC3CC3c3ccccc3)CC2)o[nH]c1=O,<rdkit.Chem.rdchem.Mol object at 0x0000022792701070>,10000,341.411,2.72142,3,2,3,78.34,inactive,5
CHEMBL559531,O=C(O)c1ccc(-c2noc(C3CCN(C(=O)NC4CC4c4ccccc4)CC3)n2)cc1,<rdkit.Chem.rdchem.Mol object at 0x0000022792701310>,10000,432.48,3.8799,5,2,5,108.56,inactive,5
CHEMBL551921,O=C(NC1CC1c1ccccc1)N1CCC(c2nc(-c3ccc4ccccc4n3)no2)CC1,<rdkit.Chem.rdchem.Mol object at 0x00000227927012A0>,10000,439.519,4.7299,4,1,5,84.15,inactive,5
CHEMBL569185,COc1ccc(CCN2C(=O)N(NS(C)(=O)=O)C[C@H]2c2ccc(OC)cc2)cc1,<rdkit.Chem.rdchem.Mol object at 0x0000022792700EB0>,30000,419.503,2.1894,8,1,5,88.18,inactive,4.522878745
CHEMBL1079140,CN(C)CCC1(c2ccccc2)CCCN(C(=O)Nc2ccc(Cl)cc2)C1,<rdkit.Chem.rdchem.Mol object at 0x00000227922B3920>,10000,385.939,4.8574,5,1,2,35.58,inactive,5
CHEMBL1078232,O=C(CCC1(c2ccccc2)CCCN(C(=O)Nc2ccc(Cl)cc2)C1)N1CCOCC1,<rdkit.Chem.rdchem.Mol object at 0x00000227922B3E60>,10000,455.986,4.5447,5,1,3,61.88,inactive,5
CHEMBL1797413,Cc1cccc(C)c1-c1noc(C)c1CC(=O)NCc1cccc(OCCOCC(F)(F)F)n1,<rdkit.Chem.rdchem.Mol object at 0x00000227922B3450>,12022.64,477.483,4.47846,10,1,6,86.48,inactive,4.920000157
CHEMBL1797412,Cc1onc(-c2c(Cl)cccc2Cl)c1CC(=O)NCc1ccc(-n2cccn2)cc1,<rdkit.Chem.rdchem.Mol object at 0x00000227922B27A0>,33113.11,441.318,5.00142,6,1,5,72.95,inactive,4.480000028
CHEMBL1797410,Cc1onc(-c2c(Cl)cccc2Cl)c1CC(=O)NCc1ccc(OCC(F)(F)F)nc1,<rdkit.Chem.rdchem.Mol object at 0x00000227922B3A00>,33113.11,474.266,5.15182,7,1,5,77.25,inactive,4.480000028
CHEMBL1797408,Cc1onc(-c2c(Cl)cncc2Cl)c1NC(=O)NCc1ccc(OC(C)C)nc1,<rdkit.Chem.rdchem.Mol object at 0x00000227922B3530>,33113.11,436.299,4.85572,6,2,6,102.17,inactive,4.480000028
CHEMBL1797388,Cc1onc(-c2c(Cl)cccc2Cl)c1NC(=O)OCc1ccccc1Cl,<rdkit.Chem.rdchem.Mol object at 0x00000227922B37D0>,8709.64,411.672,6.35892,4,1,4,64.36,inactive,5.059999796
CHEMBL1797387,Cc1onc(-c2c(Cl)cccc2Cl)c1NC(=O)OCc1c(F)cccc1Cl,<rdkit.Chem.rdchem.Mol object at 0x00000227922B2810>,5495.41,429.662,6.49802,4,1,4,64.36,inactive,5.2599999
CHEMBL1958462,CCCCCCC[C@@](O)(C(N)=O)c1cccc(Cl)c1,<rdkit.Chem.rdchem.Mol object at 0x00000227922B35A0>,4780,283.799,3.3734,8,2,2,63.32,active,5.320572103
CHEMBL2012026,Nc1ccnc(Nc2ccc(Oc3cccc(Cl)c3)cc2)n1,<rdkit.Chem.rdchem.Mol object at 0x00000227922B3610>,1700,312.76,4.2481,4,2,5,73.06,active,5.769551079
CHEMBL2012178,Cc1c(C)n(Cc2ccccc2)c2ncnc(OC3CCN(Cc4cscn4)CC3)c12,<rdkit.Chem.rdchem.Mol object at 0x00000227922B3CA0>,120,433.581,4.59634,6,0,7,56.07,active,6.920818754
CHEMBL2012245,Cc1nc(OC2CCN(Cc3cscn3)CC2)c2ccn(Cc3ccccc3)c2n1,<rdkit.Chem.rdchem.Mol object at 0x00000227922B29D0>,350,419.554,4.28792,6,0,7,56.07,active,6.455931956
CHEMBL2012287,c1ccc(Cn2ccc3c(OC4CCN(Cc5ccccn5)CC4)ncnc32)cc1,<rdkit.Chem.rdchem.Mol object at 0x00000227922B34C0>,160,399.498,3.918,6,0,6,56.07,active,6.795880017
CHEMBL2012298,Fc1ccccc1Cn1ccc2c(OC3CCN(Cc4ccccn4)CC3)ncnc21,<rdkit.Chem.rdchem.Mol object at 0x00000227922B3990>,30,417.488,4.0571,6,0,6,56.07,active,7.522878745
CHEMBL2069413,O=C(N[C@@H]1COc2cccc(-c3ccc(CO)nc3)c2C1)c1ccc(OCCOCC(F)(F)F)nc1,<rdkit.Chem.rdchem.Mol object at 0x00000227922B3A70>,7943.28,503.477,3.3271,9,2,7,102.8,inactive,5.100000128
CHEMBL2147210,COc1ncc(-c2ccccc2CCNC(=O)c2ccc(OCCC(F)(F)F)nc2)cn1,<rdkit.Chem.rdchem.Mol object at 0x00000227922B3BC0>,12589.25,446.429,3.8509,9,1,6,86.23,inactive,4.900000142
CHEMBL2147211,COc1cnc(-c2ccccc2CCNC(=O)c2ccc(OCCC(F)(F)F)nc2)cn1,<rdkit.Chem.rdchem.Mol object at 0x00000227922B3D80>,6309.57,446.429,3.8509,9,1,6,86.23,inactive,5.200000237
CHEMBL2147212,O=C(NCCc1ccccc1-c1cnc(OC(F)F)cn1)c1ccc(OCCC(F)(F)F)nc1,<rdkit.Chem.rdchem.Mol object at 0x00000227922B3F40>,6309.57,482.409,4.4437,10,1,6,86.23,inactive,5.200000237
CHEMBL2147311,COc1ncc(-c2cccnc2CCNC(=O)c2ccc(OCCC(F)(F)F)nc2)cn1,<rdkit.Chem.rdchem.Mol object at 0x00000227922B3760>,31622.78,447.417,3.2459,9,1,7,99.12,inactive,4.499999953
CHEMBL2147312,COc1ncc(-c2ccc(C)nc2CCNC(=O)c2ccc(OCCC(F)(F)F)nc2)cn1,<rdkit.Chem.rdchem.Mol object at 0x00000227922B3680>,31622.78,461.444,3.55432,9,1,7,99.12,inactive,4.499999953
CHEMBL2164043,O=C(NCc1ccc(F)c(OC(F)(F)F)c1)c1c2ccccc2c(O)n1CCc1ncc(F)cn1,<rdkit.Chem.rdchem.Mol object at 0x00000227922B2A40>,17000,492.404,4.4864,7,2,6,89.27,inactive,4.769551079
CHEMBL2164041,O=C(NCc1ccc(OC(F)(F)F)cc1)c1c2cccc(O)c2c(O)n1CCc1ccccn1,<rdkit.Chem.rdchem.Mol object at 0x00000227922B2B90>,940,471.435,4.5188,7,3,6,96.61,active,6.026872146
CHEMBL2164368,O=C(NCc1ccc(OC(F)(F)F)cc1)c1c2c(F)cccc2c(O)n1CCc1ccccn1,<rdkit.Chem.rdchem.Mol object at 0x00000227922B25E0>,810,473.426,4.9523,7,2,5,76.38,active,6.091514981
CHEMBL2164358,O=C(NCc1ccc(OC(F)(F)F)cc1)c1c2ccccc2c(O)n1CCOc1ccccn1,<rdkit.Chem.rdchem.Mol object at 0x00000227922B3DF0>,9700,471.435,4.6495,8,2,6,85.61,inactive,5.013228266
CHEMBL2164047,O=C(NCc1ccc(OC(F)(F)F)cc1)c1c2ccccc2c(O)n1CCc1ccc(F)cn1,<rdkit.Chem.rdchem.Mol object at 0x00000227922B3AE0>,1200,473.426,4.9523,7,2,5,76.38,active,5.920818754
CHEMBL2164395,O=C(NCc1ccc(OCC(F)(F)F)nc1)c1c2ccccc2c(O)n1CCc1ccccn1,<rdkit.Chem.rdchem.Mol object at 0x00000227922B2880>,33000,470.451,4.2507,8,2,6,89.27,inactive,4.48148606
CHEMBL2164393,CC(NC(=O)c1c2ccccc2c(O)n1CCc1ccccn1)c1ccc(OCC(F)(F)F)cc1,<rdkit.Chem.rdchem.Mol object at 0x00000227928B4040>,3700,483.49,5.4167,8,2,5,76.38,active,5.431798276
CHEMBL2164384,O=C(NCc1ccc(Br)cc1)c1c2ccccc2c(O)n1CCc1ccccn1,<rdkit.Chem.rdchem.Mol object at 0x00000227928B40B0>,8700,450.336,4.6771,6,2,4,67.15,inactive,5.060480747
CHEMBL2392692,CNc1nc(C)nc(N2CCC(C(=O)NCc3ccc(Br)cc3OC(F)(F)F)CC2)n1,<rdkit.Chem.rdchem.Mol object at 0x00000227928B4120>,10000,503.323,3.41562,6,2,7,92.27,inactive,5
CHEMBL2409404,COc1cc2nnc(C(N)=O)c(Nc3ccc(C)cc3F)c2cc1N1CCC(OC)CC1,<rdkit.Chem.rdchem.Mol object at 0x00000227928B4190>,30000,439.491,3.54362,6,2,7,102.6,inactive,4.522878745
CHEMBL521096,CCOc1cc2ncc(C(N)=O)c(Nc3ccc(C)cc3F)c2cc1N1CCN(C)CC1,<rdkit.Chem.rdchem.Mol object at 0x00000227928B4200>,12000,437.519,3.67532,6,2,6,83.72,inactive,4.920818754
CHEMBL1683036,COc1cc2nnc(C(N)=O)c(Nc3ccc(C)cc3F)c2cc1N1CCN(C)CC1,<rdkit.Chem.rdchem.Mol object at 0x00000227928B4270>,6000,424.48,2.68022,5,2,7,96.61,inactive,5.22184875
CHEMBL2418811,Cc1sc(Nc2ccc(Cl)cc2F)nc1C(=O)N1CCC[C@H](C)[C@@H]1C,<rdkit.Chem.rdchem.Mol object at 0x00000227928B42E0>,3300,381.904,5.24822,3,1,4,45.23,active,5.48148606
CHEMBL3085867,CC(C)(C)OC(=O)N1CCCC1C(=O)N[C@H]1CCc2nc(N)sc2C1,<rdkit.Chem.rdchem.Mol object at 0x00000227928B4350>,30000,366.487,2.0983,2,2,6,97.55,inactive,4.522878745
CHEMBL3085878,Nc1nc2c(s1)C[C@@H](NC(=O)c1ccc[nH]1)CC2,<rdkit.Chem.rdchem.Mol object at 0x00000227928B43C0>,30000,262.338,1.3407,2,3,4,83.8,inactive,4.522878745
CHEMBL3322665,CN(C)c1cccc(C(=O)N2CCC3(CC2)Nc2ccccc2-n2cccc23)c1,<rdkit.Chem.rdchem.Mol object at 0x00000227928B4430>,4384,386.499,4.1003,2,1,4,40.51,active,5.358129455
CHEMBL3322666,Cc1cc(C)cc(C(=O)N2CCC3(CC2)Nc2ccccc2-n2cccc23)c1,<rdkit.Chem.rdchem.Mol object at 0x00000227928B44A0>,17810,371.484,4.65114,1,1,3,37.27,inactive,4.749336081
CHEMBL3322669,N#Cc1ccc(C(=O)N2CCC3(CC2)Nc2cc(C(F)(F)F)ccc2-n2cccc23)cc1,<rdkit.Chem.rdchem.Mol object at 0x00000227928B4510>,4871,436.437,4.92478,1,1,4,61.06,active,5.31238187
CHEMBL3322671,N#Cc1ccc(C(=O)N2CCC3(CC2)Nc2ccc(F)cc2-n2cccc23)cc1,<rdkit.Chem.rdchem.Mol object at 0x00000227928B4580>,9291,386.43,4.04508,1,1,4,61.06,inactive,5.03193754
CHEMBL3322770,COc1ccc(C(=O)N2CCC3(CC2)Nc2cc(OC)ccc2-n2cccc23)cc1,<rdkit.Chem.rdchem.Mol object at 0x00000227928B45F0>,8033,403.482,4.0515,3,1,5,55.73,inactive,5.095122233
CHEMBL3325523,O=S(=O)(Nc1ncns1)c1cc(F)c(OC[C@@H]2CNCC[C@H]2c2ccc(F)cc2)cc1F,<rdkit.Chem.rdchem.Mol object at 0x00000227928B4660>,10000,484.525,3.5283,7,2,7,93.21,inactive,5
CHEMBL3325528,O=S(=O)(Nc1ncns1)c1cc(F)c(OC[C@H]2CNCC[C@@H]2c2ccc(Cl)c(F)c2)cc1F,<rdkit.Chem.rdchem.Mol object at 0x00000227928B46D0>,10000,518.97,4.1817,7,2,7,93.21,inactive,5
CHEMBL3337595,COc1ccc2c(c1)NC1(CCN(C(=O)c3ccc(OC)c(N4CCCC4)c3)CC1)c1cccn1-2,<rdkit.Chem.rdchem.Mol object at 0x00000227928B4740>,118,472.589,4.6517,4,1,6,58.97,active,6.928117993
CHEMBL3337602,COc1ccc2c(c1)NC1(CCN(C(=O)c3ccc4c(cnn4C)c3)CC1)c1cccn1-2,<rdkit.Chem.rdchem.Mol object at 0x00000227928B47B0>,2811,427.508,3.9296,2,1,6,64.32,active,5.551139154
CHEMBL27,CC(C)NCC(O)COc1cccc2ccccc12,<rdkit.Chem.rdchem.Mol object at 0x00000227928B4820>,2100,259.349,2.5775,6,2,3,41.49,active,5.677780705
CHEMBL270190,C[C@H]1CN(CC(Cc2ccccc2)C(=O)NCC(=O)O)CC[C@@]1(C)c1cccc(O)c1,<rdkit.Chem.rdchem.Mol object at 0x00000227928B4890>,251188.64,424.541,3.0514,8,3,4,89.87,inactive,3.600000005
CHEMBL3582336,CCn1cc([C@@]2(c3nn(C)c(=O)o3)N[C@@H](c3nc(-c4ccc(F)cn4)c[nH]3)Cc3c2[nH]c2ccccc32)cn1,<rdkit.Chem.rdchem.Mol object at 0x00000227928B4900>,30000,525.548,3.1741,5,3,9,135.24,inactive,4.522878745
CHEMBL3634326,O=C(c1ccccc1)c1ccccc1OCC(O)CN1CCC(N2C(=O)COc3ccccc32)CC1,<rdkit.Chem.rdchem.Mol object at 0x00000227928B4970>,5200,486.568,3.5473,8,1,6,79.31,inactive,5.283996656
CHEMBL3634331,O=C(c1ccccc1)c1ccccc1OCC(O)CN1CCC(C(=O)Nc2ccccc2)CC1,<rdkit.Chem.rdchem.Mol object at 0x00000227928B49E0>,1900,458.558,4.008,9,2,5,78.87,active,5.721246399
CHEMBL3632691,O=C1c2ccccc2CN1C1CCN(CC(O)COc2cccc(C(F)(F)F)c2)CC1,<rdkit.Chem.rdchem.Mol object at 0x00000227928B4A50>,4400,434.458,3.5655,6,1,4,53.01,active,5.356547324
CHEMBL3704435,Cn1cc(-c2ccccc2C(F)(F)F)c2ccc(S(=O)(=O)Nc3ncns3)cc21,<rdkit.Chem.rdchem.Mol object at 0x00000227928B4AC0>,10000,438.456,4.5164,4,1,6,76.88,inactive,5
CHEMBL3657882,CN(C)S(=O)(=O)NC(=O)c1cc(Cl)c(OCC23CC4CC(C2)C(F)(F)C(C4)C3)cc1F,<rdkit.Chem.rdchem.Mol object at 0x00000227928B4B30>,3760,480.936,3.8557,6,1,4,75.71,active,5.424812155
CHEMBL2409210,Cn1cc(-c2ccc(C(F)(F)F)cc2-c2ccncc2)c2ccc(S(=O)(=O)Nc3ncns3)cc21,<rdkit.Chem.rdchem.Mol object at 0x00000227928B4BA0>,10000,515.542,5.5784,5,1,7,89.77,inactive,5
CHEMBL3662236,CS(=O)(=O)NC(=O)c1cc(C2CC2)c(OCC2CCCCC2)cc1F,<rdkit.Chem.rdchem.Mol object at 0x00000227928B4C10>,670,369.458,3.3516,6,1,4,72.47,active,6.173925197
CHEMBL3683205,Cn1cc(-c2cc(C(F)(F)F)ccc2-c2cccc3c2CCN(S(=O)(=O)Nc2ncns2)C3)cn1,<rdkit.Chem.rdchem.Mol object at 0x00000227928B4C80>,10000,520.562,4.3394,5,1,7,93.01,inactive,5
CHEMBL3704401,Cn1nccc1-c1cc(C(F)(F)F)ccc1-c1c[nH]c2cc(S(=O)(=O)Nc3ncns3)ccc12,<rdkit.Chem.rdchem.Mol object at 0x00000227928B4CF0>,10000,504.519,4.9065,5,2,7,105.56,inactive,5
CHEMBL3683226,O=S(=O)(Nc1ncc(F)s1)N1CCc2c(cccc2-c2ccc(C(F)(F)F)cc2-n2ccnc2)C1,<rdkit.Chem.rdchem.Mol object at 0x00000227928B4D60>,10000,523.537,4.8687,5,1,6,80.12,inactive,5
CHEMBL3657952,O=C(NS(=O)(=O)NCCCO)c1cc(C2CC2)c(OCC23CC4CC(CC(C4)C2)C3)cc1F,<rdkit.Chem.rdchem.Mol object at 0x00000227928B4DD0>,22,480.602,3.2449,10,3,5,104.73,active,7.657577319
CHEMBL3704414,Cc1sc(NS(=O)(=O)c2ccc3c(-c4ccc(C(F)(F)F)cc4-c4ccnn4C)cn(C)c3c2)nc1C(F)(F)F,<rdkit.Chem.rdchem.Mol object at 0x00000227928B4E40>,10000,599.582,6.84912,5,1,7,81.81,inactive,5
CHEMBL3658014,O=C(NS(=O)(=O)C1CC1)c1cc(C2CC2)c(OCC23CC4(F)CC(F)(CC(F)(C4)C2)C3)cc1F,<rdkit.Chem.rdchem.Mol object at 0x00000227928B4EB0>,430,501.542,4.7966,7,1,4,72.47,active,6.366531544
CHEMBL3683211,O=S(=O)(Nc1ncns1)N1CCc2c(cccc2-c2ccc(C(F)(F)F)cc2-c2cccnc2)C1,<rdkit.Chem.rdchem.Mol object at 0x00000227928B4F20>,4080,517.558,5.0009,5,1,6,88.08,active,5.389339837
CHEMBL3683253,CN1CCN(c2cc(C(F)(F)F)ccc2-c2cccc3c2CCN(S(=O)(=O)Nc2ncc(F)s2)C3)CC1,<rdkit.Chem.rdchem.Mol object at 0x00000227928B4F90>,10000,555.623,4.4348,5,1,6,68.78,inactive,5
CHEMBL3683251,CN1CC=C(c2cc(C(F)(F)F)ccc2-c2cccc3c2CCN(S(=O)(=O)Nc2ncc(F)s2)C3)CC1,<rdkit.Chem.rdchem.Mol object at 0x00000227928B5000>,10000,552.619,5.4019,5,1,5,65.54,inactive,5
CHEMBL3683242,COc1cc(C(F)(F)F)ccc1-c1ncnc2c1CCN(S(=O)(=O)Nc1ncc(F)s1)C2,<rdkit.Chem.rdchem.Mol object at 0x00000227928B5070>,10000,489.476,3.4816,5,1,7,97.31,inactive,5
CHEMBL3683246,Cn1nccc1-c1cc(C(F)(F)F)ccc1-c1cccc2c1CCN(S(=O)(=O)Nc1nccs1)C2,<rdkit.Chem.rdchem.Mol object at 0x00000227928B50E0>,10000,519.574,4.9444,5,1,6,80.12,inactive,5
CHEMBL3704404,Cn1cc(-c2cccnc2)c2ccc(S(=O)(=O)Nc3ncns3)cc21,<rdkit.Chem.rdchem.Mol object at 0x00000227928B5150>,10000,371.447,2.8926,4,1,7,89.77,inactive,5
CHEMBL3683254,Cc1cn(-c2cc(C(F)(F)F)ccc2-c2cccc3c2CCN(S(=O)(=O)Nc2ncc(F)s2)C3)cn1,<rdkit.Chem.rdchem.Mol object at 0x00000227928B51C0>,10000,537.564,5.17712,5,1,6,80.12,inactive,5
CHEMBL3683240,CC(C)(C)OC(=O)N1CC=C(c2cccc3c2CCN(S(=O)(=O)Nc2ncns2)C3)CC1,<rdkit.Chem.rdchem.Mol object at 0x00000227928B5230>,10000,477.612,3.2773,4,1,7,104.73,inactive,5
CHEMBL2409207,Cn1nccc1-c1cc(Cl)ccc1-c1cn(C)c2cc(S(=O)(=O)Nc3ncns3)ccc12,<rdkit.Chem.rdchem.Mol object at 0x00000227928B52A0>,10000,484.994,4.5515,5,1,8,94.7,inactive,5
CHEMBL3764592,O=C(Cn1ccccc1=O)Nc1ccc(C[C@@H]2CC[C@H]([C@H](O)c3ccccc3)N2)cc1,<rdkit.Chem.rdchem.Mol object at 0x00000227928B5310>,30000,417.509,2.8837,7,3,5,83.36,inactive,4.522878745
CHEMBL3797315,Fc1ccc2c(c1)c(OCCn1ccnc1)nn2-c1ccccc1F,<rdkit.Chem.rdchem.Mol object at 0x00000227928B5380>,2000,340.333,3.5792,5,0,5,44.87,active,5.698970004
CHEMBL3800304,O=C1NCCN1CCOc1nn(-c2ccc(F)cc2F)c2ccc(F)cc12,<rdkit.Chem.rdchem.Mol object at 0x00000227928B53F0>,3400,376.338,2.8468,5,1,4,59.39,active,5.468521083
CHEMBL3805265,O=S(=O)(Nc1ncns1)c1cc(F)c(Oc2ccc(Cl)cc2-c2cccc3nccn23)cc1F,<rdkit.Chem.rdchem.Mol object at 0x00000227928B5460>,10000,519.942,5.3775,6,1,8,98.48,inactive,5
CHEMBL3805199,O=S(=O)(Nc1ncns1)c1cc(F)c(Oc2ccc(Cl)cc2-c2cnc3n2CCNC3)cc1F,<rdkit.Chem.rdchem.Mol object at 0x00000227928B54D0>,10000,524.962,4.0295,6,2,9,111.03,inactive,5
CHEMBL3805347,O=S(=O)(Nc1ncns1)c1cc(F)c(Oc2ccc(Cl)cc2-c2ccc3nccnc3c2)cc1F,<rdkit.Chem.rdchem.Mol object at 0x00000227928B5540>,10000,531.953,5.673,6,1,8,106.96,inactive,5
CHEMBL3805722,O=S(=O)(Nc1ncns1)c1cc(F)c(Oc2ccc(Cl)cc2-c2ccc3[nH]cnc3c2)cc1F,<rdkit.Chem.rdchem.Mol object at 0x00000227928B55B0>,10000,519.942,5.6061,6,2,7,109.86,inactive,5
CHEMBL3929544,O=S(=O)(Nc1cncc(C(F)(F)F)c1)c1ccccc1C(F)(F)F,<rdkit.Chem.rdchem.Mol object at 0x00000227928B5620>,30000,370.274,3.92,3,1,3,59.06,inactive,4.522878745
CHEMBL3677858,CCOc1cc(C(F)(F)F)ccc1-c1cccc2cc(S(=O)(=O)Nc3ncns3)ccc12,<rdkit.Chem.rdchem.Mol object at 0x00000227928B5690>,6680,479.505,5.5766,6,1,6,81.18,inactive,5.175223538
CHEMBL3692135,O=S(=O)(Nc1nccs1)c1ccc2c(-c3ccc(C(F)(F)F)cc3Cl)nccc2c1,<rdkit.Chem.rdchem.Mol object at 0x00000227928B5700>,30000,469.897,5.8313,4,1,5,71.95,inactive,4.522878745
CHEMBL3682638,O=S(=O)(Nc1ncns1)c1ccc2c(-c3ccc(Cl)cc3-c3cn[nH]c3)cccc2c1,<rdkit.Chem.rdchem.Mol object at 0x00000227928B5770>,30000,467.963,5.2026,5,2,6,100.63,inactive,4.522878745
CHEMBL3682646,O=S(=O)(Nc1ncns1)c1ccc2c(-c3ccc(Cl)cc3F)cccc2c1,<rdkit.Chem.rdchem.Mol object at 0x00000227928B57E0>,9990,419.89,4.9516,4,1,5,71.95,inactive,5.000434512
CHEMBL3687595,COc1ccccc1-c1ccnc2cc(S(=O)(=O)Nc3ncns3)ccc12,<rdkit.Chem.rdchem.Mol object at 0x00000227928B5850>,30000,398.469,3.5627,5,1,7,94.07,inactive,4.522878745
CHEMBL3687612,COc1cc(-c2cccc(C(F)(F)F)c2)c(C#N)cc1-c1nccc2cc(S(=O)(=O)Nc3nncs3)ccc12,<rdkit.Chem.rdchem.Mol object at 0x00000227928B58C0>,30000,567.574,6.12018,6,1,8,117.86,inactive,4.522878745
CHEMBL3687616,COc1cc(-c2cc(F)cc(F)c2)c(C#N)cc1-c1nccc2cc(S(=O)(=O)Nc3ccon3)ccc12,<rdkit.Chem.rdchem.Mol object at 0x00000227928B5930>,30000,518.501,5.51608,6,1,7,118.11,inactive,4.522878745
CHEMBL3687622,COc1ccc(-c2cccc(C(F)(F)F)c2)cc1-c1nccc2cc(S(=O)(=O)Nc3ccncn3)ccc12,<rdkit.Chem.rdchem.Mol object at 0x00000227928B59A0>,30000,536.535,6.187,6,1,6,94.07,inactive,4.522878745
CHEMBL3687627,COc1cc(-c2cc(F)cc(F)c2)ccc1-c1nccc2cc(S(=O)(=O)Nc3nncs3)ccc12,<rdkit.Chem.rdchem.Mol object at 0x00000227928B5A10>,30000,510.547,5.5079,6,1,7,94.07,inactive,4.522878745
CHEMBL3692168,COc1cc(OCC(C)C)ccc1-c1nccc2cc(S(=O)(=O)Nc3ccncn3)ccc12,<rdkit.Chem.rdchem.Mol object at 0x00000227928B5A80>,30000,464.547,4.536,8,1,7,103.3,inactive,4.522878745
CHEMBL3692153,N#CCOc1cc(C(F)(F)F)ccc1-c1nccc2cc(S(=O)(=O)Nc3nccs3)ccc12,<rdkit.Chem.rdchem.Mol object at 0x00000227928B5AF0>,30000,490.488,5.08028,6,1,7,104.97,inactive,4.522878745
CHEMBL3692157,N#CCOc1ccccc1-c1ncc(F)c2cc(S(=O)(=O)Nc3nccs3)ccc12,<rdkit.Chem.rdchem.Mol object at 0x00000227928B5B60>,30000,440.481,4.20058,6,1,7,104.97,inactive,4.522878745
CHEMBL3687689,COc1cc(-c2ccc(F)c(F)c2)ccc1-c1nccc2cc(S(=O)(=O)Nc3ccncn3)ccc12,<rdkit.Chem.rdchem.Mol object at 0x00000227928B5BD0>,30000,504.518,5.4464,6,1,6,94.07,inactive,4.522878745
CHEMBL3687704,COc1cccc(-c2ccc(-c3nccc4cc(S(=O)(=O)Nc5ccncn5)ccc34)c(OC)c2)c1,<rdkit.Chem.rdchem.Mol object at 0x00000227928B5C40>,30000,498.564,5.1768,7,1,7,103.3,inactive,4.522878745
CHEMBL3687727,COc1cc(-c2ccc(Cl)c(F)c2)ccc1-c1nccc2cc(S(=O)(=O)Nc3ccncn3)ccc12,<rdkit.Chem.rdchem.Mol object at 0x00000227928B5CB0>,30000,520.973,5.9607,6,1,6,94.07,inactive,4.522878745
CHEMBL3692165,COc1cc(-c2cccc(F)c2)ccc1-c1ncnc2cc(S(=O)(=O)Nc3nncs3)ccc12,<rdkit.Chem.rdchem.Mol object at 0x00000227928B5D20>,30000,493.545,4.7638,6,1,8,106.96,inactive,4.522878745
CHEMBL3687753,Cc1cc(Cl)ccc1-c1ncnc2cc(S(=O)(=O)Nc3ncns3)ccc12,<rdkit.Chem.rdchem.Mol object at 0x00000227928B5D90>,30000,417.903,3.91092,4,1,7,97.73,inactive,4.522878745
CHEMBL3962721,O=S(=O)(Nc1ncns1)c1ccc2c(c1)OCCN2c1ccc(C(F)(F)F)cc1Br,<rdkit.Chem.rdchem.Mol object at 0x00000227928B5E00>,10000,521.34,4.6507,4,1,7,84.42,inactive,5
CHEMBL3933789,Cc1cnc(NS(=O)(=O)c2ccc3c(c2)OCCN3c2ccc(C(F)(F)F)cc2Cl)s1,<rdkit.Chem.rdchem.Mol object at 0x00000227928B5E70>,10000,489.928,5.45502,4,1,6,71.53,inactive,5
CHEMBL3943111,O=S(=O)(Nc1ncns1)c1ccc2c(c1)OCCN2c1ccc(C(F)(F)F)cc1-c1cccnc1,<rdkit.Chem.rdchem.Mol object at 0x00000227928B5EE0>,1330,519.53,4.9502,5,1,8,97.31,active,5.876148359
CHEMBL3952945,O=S(=O)(Nc1ncns1)c1ccc2c(c1)OCCN2c1ccc(C(F)(F)F)cc1-c1ccncc1,<rdkit.Chem.rdchem.Mol object at 0x00000227928B5F50>,306,519.53,4.9502,5,1,8,97.31,active,6.514278574
CHEMBL3970163,O=S(=O)(Nc1cccnn1)c1ccc2c(c1)OCCN2c1ccc(C(F)(F)F)cc1Cl,<rdkit.Chem.rdchem.Mol object at 0x00000227928B5FC0>,10000,470.86,4.4801,4,1,6,84.42,inactive,5
CHEMBL3930401,O=S(=O)(Nc1ccncn1)c1ccc2c(c1)OCCN2c1ccc(C(F)(F)F)cc1Cl,<rdkit.Chem.rdchem.Mol object at 0x00000227928B6030>,4770,470.86,4.4801,4,1,6,84.42,active,5.321481621
CHEMBL3975287,O=S(=O)(Nc1ncns1)c1ccc2c(c1)OCCN2c1cccc2ncccc12,<rdkit.Chem.rdchem.Mol object at 0x00000227928B60A0>,10000,425.495,3.4176,4,1,8,97.31,inactive,5
CHEMBL3900671,COc1ccc(N2CCOc3cc(S(=O)(=O)Nc4ncns4)ccc32)cc1,<rdkit.Chem.rdchem.Mol object at 0x00000227928B6110>,10000,404.473,2.878,5,1,8,93.65,inactive,5
CHEMBL3964144,[N-]=[N+]=Nc1ccc(N2CCOc3cc(S(=O)(=O)Nc4nccs4)ccc32)c(Br)c1,<rdkit.Chem.rdchem.Mol object at 0x00000227928B6180>,10000,493.368,5.1787,5,1,7,120.29,inactive,5
CHEMBL3899549,[N-]=[N+]=Nc1ccc(N2CCOc3cc(S(=O)(=O)Nc4nccs4)ccc32)c(C2=CCNCC2)c1,<rdkit.Chem.rdchem.Mol object at 0x00000227928B61F0>,5280,495.59,4.7929,6,2,8,132.32,inactive,5.277366077
CHEMBL3972621,O=S(=O)(Nc1nccs1)c1ccc2c(c1)OCCN2c1cc(F)ccc1F,<rdkit.Chem.rdchem.Mol object at 0x00000227928B6260>,10000,409.439,3.7526,4,1,6,71.53,inactive,5
CHEMBL3901597,O=S(=O)(Nc1cncs1)c1ccc2c(c1)OCCN2c1ccc(C(F)(F)F)cc1C1=CCNCC1,<rdkit.Chem.rdchem.Mol object at 0x00000227928B62D0>,10000,522.574,4.8699,5,2,7,83.56,inactive,5
CHEMBL3958343,COc1cc(Cl)ccc1N1C[C@H](C)Oc2cc(S(=O)(=O)Nc3nccs3)ccc21,<rdkit.Chem.rdchem.Mol object at 0x00000227928B6340>,10000,451.957,4.5249,5,1,7,80.76,inactive,5
CHEMBL4110571,COc1cc(C#N)ccc1N1C[C@@H](C)Oc2cc(S(=O)(=O)Nc3nccs3)ccc21,<rdkit.Chem.rdchem.Mol object at 0x00000227928B63B0>,10000,442.522,3.74318,5,1,8,104.55,inactive,5
CHEMBL3912845,O=S(=O)(Nc1nccs1)c1ccc2c(c1)OCCN2c1ccc(C(F)(F)F)nc1,<rdkit.Chem.rdchem.Mol object at 0x00000227928B6420>,7030,442.444,3.8882,4,1,7,84.42,inactive,5.153044675
CHEMBL3889949,O=S(=O)(Nc1nccs1)c1ccc2c(c1)OCCN2c1ccc2c(c1)OC(F)(F)O2,<rdkit.Chem.rdchem.Mol object at 0x00000227928B6490>,10000,453.448,3.7959,4,1,8,89.99,inactive,5
CHEMBL3929996,O=S(=O)(Nc1nccs1)c1ccc2c(c1)OCCN2c1cncc(Cl)c1,<rdkit.Chem.rdchem.Mol object at 0x00000227928B6500>,6200,408.892,3.5228,4,1,7,84.42,inactive,5.207608311
CHEMBL3939564,COc1cncc(N2CCOc3cc(S(=O)(=O)Nc4nccs4)ccc32)c1,<rdkit.Chem.rdchem.Mol object at 0x00000227928B6570>,10000,404.473,2.878,5,1,8,93.65,inactive,5
CHEMBL3951340,Cc1ccc(C#N)c(N2CCOc3cc(S(=O)(=O)Nc4nccs4)ccc32)n1,<rdkit.Chem.rdchem.Mol object at 0x00000227928B65E0>,10000,413.484,3.0495,4,1,8,108.21,inactive,5
CHEMBL3951692,CCOc1ccc(N2CCOc3cc(S(=O)(=O)Nc4nccs4)ccc32)cn1,<rdkit.Chem.rdchem.Mol object at 0x00000227928B6650>,3830,418.5,3.2681,6,1,8,93.65,active,5.416801226
CHEMBL3986882,O=S(=O)(Nc1nccs1)c1ccc2c(c1)OCCN2c1ccc(-n2cccn2)cc1,<rdkit.Chem.rdchem.Mol object at 0x00000227928B66C0>,2500,439.522,3.6601,5,1,8,89.35,active,5.602059991
CHEMBL3938138,O=S(=O)(Nc1nccs1)c1ccc2c(c1)OCCN2c1ccccc1-c1ccncc1,<rdkit.Chem.rdchem.Mol object at 0x00000227928B6730>,10000,450.545,4.5364,5,1,7,84.42,inactive,5
CHEMBL3902869,N#Cc1cccc(F)c1N1CCOc2cc(S(=O)(=O)Nc3nccs3)ccc21,<rdkit.Chem.rdchem.Mol object at 0x00000227928B67A0>,10000,416.459,3.48518,4,1,7,95.32,inactive,5
CHEMBL3930854,O=C1CCCc2ccc(N3CCOc4cc(S(=O)(=O)Nc5nccs5)ccc43)cc21,<rdkit.Chem.rdchem.Mol object at 0x00000227928B6810>,10000,441.534,3.9934,4,1,7,88.6,inactive,5
CHEMBL3942240,Cc1cc(N2CCOc3cc(S(=O)(=O)Nc4nccs4)ccc32)cc(C)c1N(C)C,<rdkit.Chem.rdchem.Mol object at 0x00000227928B6880>,3490,444.582,4.15724,5,1,7,74.77,active,5.457174573
CHEMBL3957373,Cc1ccc(N2CCOc3cc(S(=O)(=O)Nc4nccs4)ccc32)cc1Cl,<rdkit.Chem.rdchem.Mol object at 0x00000227928B68F0>,3140,421.931,4.43622,4,1,6,71.53,active,5.503070352
CHEMBL3900228,O=S(=O)(Nc1nccs1)c1ccc2c(c1)OCCN2c1ccc(Cl)cc1F,<rdkit.Chem.rdchem.Mol object at 0x00000227928B6960>,10000,425.894,4.2669,4,1,6,71.53,inactive,5
CHEMBL3977812,COc1cc(Cl)ccc1N1CCOc2cc(S(=O)(=O)Nc3nccs3)ccc21,<rdkit.Chem.rdchem.Mol object at 0x00000227928B69D0>,7720,437.93,4.1364,5,1,7,80.76,inactive,5.1123827
CHEMBL3896891,N#Cc1ccc(F)cc1N1CCOc2cc(S(=O)(=O)Nc3nccs3)ccc21,<rdkit.Chem.rdchem.Mol object at 0x00000227928B6A40>,3620,416.459,3.48518,4,1,7,95.32,active,5.441291429
CHEMBL3911405,N#Cc1ccc(Cl)cc1N1CCOc2cc(S(=O)(=O)Nc3nccs3)ccc21,<rdkit.Chem.rdchem.Mol object at 0x00000227928B6AB0>,1610,432.914,3.99948,4,1,7,95.32,active,5.793174124
CHEMBL3917677,N#Cc1cc(-c2cccc(F)c2)ccc1N1CCOc2cc(S(=O)(=O)Nc3nccs3)ccc21,<rdkit.Chem.rdchem.Mol object at 0x00000227928B6B20>,854,492.557,5.15218,5,1,7,95.32,active,6.068542129
CHEMBL3941069,CC(C)c1ccc(N2CCOc3cc(S(=O)(=O)Nc4nccs4)ccc32)c(C#N)c1,<rdkit.Chem.rdchem.Mol object at 0x00000227928B6B90>,686,440.55,4.46948,5,1,7,95.32,active,6.163675884
CHEMBL3893102,O=S(=O)(Nc1nccs1)c1ccc2c(c1)OCCN2c1ccc(C(F)(F)F)cc1CO,<rdkit.Chem.rdchem.Mol object at 0x00000227928B6C00>,1140,471.482,3.9855,5,2,7,91.76,active,5.943095149
CHEMBL4070372,CC(C)C[C@H](N)Cc1nc(-c2ccc(Cl)cc2)c[nH]1,<rdkit.Chem.rdchem.Mol object at 0x00000227928B6C70>,13000,277.799,3.646,5,2,2,54.7,inactive,4.886056648
CHEMBL4084106,CC(C)(N)c1nc(-c2ccc(OC(F)(F)F)cc2)c[nH]1,<rdkit.Chem.rdchem.Mol object at 0x00000227928B6CE0>,27000,285.269,3.1691,3,2,3,63.93,inactive,4.568636236
CHEMBL4087679,Nc1nccn2c([C@@H]3CCCC(C(=O)O)C3)nc(-c3ccc(C(=O)Nc4cc(C(F)(F)F)ccn4)cc3)c12,<rdkit.Chem.rdchem.Mol object at 0x00000227928B6D50>,30000,524.503,5.003,5,3,7,135.5,inactive,4.522878745
CHEMBL4065251,CCn1nnc(CN2CCN(C(=O)c3ccc(C[C@@H]4CC[C@H]([C@H](O)c5ccccc5)N4)cc3)CC2)n1,<rdkit.Chem.rdchem.Mol object at 0x00000227928B6DC0>,30000,489.624,2.0477,8,2,8,99.41,inactive,4.522878745
CHEMBL4087898,C[C@]1(CCOc2cc(F)c(S(=O)(=O)Nc3ncns3)cc2F)CC[C@H](N)CC1,<rdkit.Chem.rdchem.Mol object at 0x00000227928B6E30>,30000,432.518,3.2936,7,2,7,107.2,inactive,4.522878745
CHEMBL4062248,COc1cc(-c2cccc(F)c2)c(Cl)cc1-c1c(=O)n(C)cc2cc(S(=O)(=O)Nc3ccon3)ccc12,<rdkit.Chem.rdchem.Mol object at 0x00000227928B6EA0>,10000,539.972,5.4624,6,1,7,103.43,inactive,5
CHEMBL4071917,COc1cc(-c2cccc(F)c2)c(Cl)cc1-c1nccc2cc(S(=O)(=O)Nc3ncon3)ccc12,<rdkit.Chem.rdchem.Mol object at 0x00000227928B6F10>,10000,510.934,5.5537,6,1,7,107.21,inactive,5
CHEMBL4092695,COc1cc(-c2cccc(F)c2)c(Cl)cc1-c1nccc2cc(S(=O)(=O)Nc3ncco3)ccc12,<rdkit.Chem.rdchem.Mol object at 0x00000227928B6F80>,10000,509.946,6.1587,6,1,6,94.32,inactive,5
CHEMBL4096614,COc1cc(-c2cccc(F)c2)c(Cl)cc1-c1nccc2cc(S(=O)(=O)Nc3cccnn3)ccc12,<rdkit.Chem.rdchem.Mol object at 0x00000227928B6FF0>,10000,520.973,5.9607,6,1,6,94.07,inactive,5
CHEMBL4076061,N[C@@H]1CCC=C(c2ccc(F)cc2)[C@H]1COc1cc(F)c(S(=O)(=O)Nc2cscn2)cc1Cl,<rdkit.Chem.rdchem.Mol object at 0x00000227928B7060>,10000,512.003,5.0752,7,2,6,94.31,inactive,5
CHEMBL4084643,O=S(=O)(Nc1cscn1)c1cc(Cl)c(NCC23CCCN2CCC3)cc1F,<rdkit.Chem.rdchem.Mol object at 0x00000227928B70D0>,30000,430.958,3.7767,6,2,6,74.33,inactive,4.522878745
CHEMBL4080553,O=S(=O)(Nc1ncc(F)s1)c1cc(Cl)c(NCC23CCCN2CCC3)cc1F,<rdkit.Chem.rdchem.Mol object at 0x00000227928B7140>,1900,448.948,3.9158,6,2,6,74.33,active,5.721246399
CHEMBL4069245,Cc1c([C@@H](O)CN2CCC3(CC2)CCN(c2ccc(=O)n(C)n2)C3=O)ccc2c1COC2=O,<rdkit.Chem.rdchem.Mol object at 0x00000227928B71B0>,30000,452.511,1.31162,4,1,8,104.97,inactive,4.522878745
CHEMBL2323100,Cn1nccc1-c1cc(Cl)ccc1Oc1ccc(S(=O)(=O)Nc2nncs2)cc1C#N,<rdkit.Chem.rdchem.Mol object at 0x00000227928B7220>,25448,472.939,4.05678,6,1,9,122.79,inactive,4.594346344
CHEMBL2324405,Cn1nccc1-c1cc(Cl)ccc1Oc1cc(F)c(S(=O)(=O)Nc2cscn2)cc1Cl,<rdkit.Chem.rdchem.Mol object at 0x00000227928B7290>,25786,499.376,5.5826,6,1,7,86.11,inactive,4.588616022
CHEMBL2324388,Cn1nccc1-c1cc(Cl)ccc1Oc1cc(F)c(S(=O)(=O)Nc2ccc(F)cn2)cc1Cl,<rdkit.Chem.rdchem.Mol object at 0x00000227928B7300>,10000,511.337,5.6602,6,1,6,86.11,inactive,5
CHEMBL2325601,Nc1[nH]ncc1-c1cc(C(F)(F)F)ccc1Oc1cc(F)c(S(=O)(=O)Nc2cscn2)cc1Cl,<rdkit.Chem.rdchem.Mol object at 0x00000227928B7370>,10549,533.916,5.5198,6,3,7,122.99,inactive,4.976788708
CHEMBL2325622,CN1CC(n2nccc2-c2cc(Cl)ccc2Oc2cc(F)c(S(=O)(=O)Nc3ncns3)cc2F)C1,<rdkit.Chem.rdchem.Mol object at 0x00000227928B73E0>,29291,538.989,4.4128,7,1,9,102.24,inactive,4.533265801
CHEMBL2324748,CCN1CC(n2nccc2-c2cc(Cl)ccc2Oc2ccc(S(=O)(=O)Nc3cscn3)cc2C#N)C1,<rdkit.Chem.rdchem.Mol object at 0x00000227928B7450>,30000,541.058,5.00138,8,1,9,113.14,inactive,4.522878745
CHEMBL2325020,CCN1CC(n2nccc2-c2cc(Cl)ccc2Oc2cc(F)c(S(=O)(=O)Nc3cscn3)cc2F)C1,<rdkit.Chem.rdchem.Mol object at 0x00000227928B74C0>,10000,552.028,5.4079,8,1,8,89.35,inactive,5
CHEMBL4083744,O=S(=O)(Nc1nccs1)c1cc(Cl)c(NCC2OCCO2)cc1F,<rdkit.Chem.rdchem.Mol object at 0x00000227928B7530>,242,393.849,2.5212,6,2,7,89.55,active,6.616184634
CHEMBL1480490,O=C(COc1cccc2cccnc12)Nc1ccccc1N1CCOCC1,<rdkit.Chem.rdchem.Mol object at 0x00000227928B75A0>,980,363.417,3.0889,5,1,5,63.69,active,6.008773924
CHEMBL4076874,O=C(Nc1cccc(C(F)(F)F)c1N1CCOCC1)c1cccc(-c2ccccn2)c1,<rdkit.Chem.rdchem.Mol object at 0x00000227928B7610>,400,427.426,4.8563,4,1,4,54.46,active,6.397940009
CHEMBL4130058,COc1cc(-c2n[nH]c(S(=O)(=O)N3CCC3)n2)ccc1-c1cnc(OCC(C)C)c(Cl)c1,<rdkit.Chem.rdchem.Mol object at 0x00000227928B7680>,2600,477.974,3.6249,8,1,7,110.3,active,5.585026652
CHEMBL4129799,O=S(=O)(CC1CC1)c1n[nH]c(-c2cc(F)c(-c3cnc(Oc4ccc(F)cc4F)c(Cl)c3)cc2F)n1,<rdkit.Chem.rdchem.Mol object at 0x00000227928B76F0>,12000,538.91,5.7195,7,1,6,97.83,inactive,4.920818754
CHEMBL4127992,CO[C@H]1CC[C@@]2(C)[C@@H](C1)C[C@@H](N1CCC[C@@H](N)C1)[C@@H]2Oc1ccc(C#N)cc1,<rdkit.Chem.rdchem.Mol object at 0x00000227928B7760>,30000,383.536,3.32248,4,1,5,71.51,inactive,4.522878745
CHEMBL4210634,O=S(=O)(Nc1ncns1)c1cc(F)c(OC2OCCNC2c2ccc(Cl)cc2Cl)cc1F,<rdkit.Chem.rdchem.Mol object at 0x00000227928B77D0>,1700,523.37,3.9899,6,2,8,102.44,active,5.769551079
CHEMBL4291605,O=C(NCc1ccccc1)C(c1ccccc1)N1CCN(C(=O)c2cc(F)cnc2Cl)CC1,<rdkit.Chem.rdchem.Mol object at 0x00000227928B7840>,9100,466.944,3.6896,6,1,4,65.54,inactive,5.040958608
CHEMBL4288200,O=C(NCc1ccccc1)C(c1ccccc1)N1CCN(Cc2ccccc2)CC1,<rdkit.Chem.rdchem.Mol object at 0x00000227928B78B0>,140,399.538,3.8619,7,1,3,35.58,active,6.853871964
CHEMBL4294045,O=C(NCC(F)(F)C1CC1)C(c1ccccc1)N1CCN(C(=O)c2cc(F)cc(F)c2)CC1,<rdkit.Chem.rdchem.Mol object at 0x00000227928B7920>,6700,463.475,3.6254,7,1,3,52.65,inactive,5.173925197
CHEMBL4287235,N#Cc1ccc(C(C(=O)Nc2ccc(OCC(F)(F)F)nc2)N2CCN(C(=O)c3cc(F)cc(F)c3)CC2)cc1,<rdkit.Chem.rdchem.Mol object at 0x00000227928B7990>,9600,559.495,4.31038,7,1,6,98.56,inactive,5.017728767
CHEMBL4278502,N#Cc1ccc(C(C(=O)NCC(F)(F)C2CC2)N2CCN(C(=O)c3cc(F)ccc3Cl)CC2)cc1,<rdkit.Chem.rdchem.Mol object at 0x00000227928B7A00>,27000,504.94,4.01138,7,1,4,76.44,inactive,4.568636236
CHEMBL4283748,Cn1cc(-c2cnc(OCC3CC3)c(Cl)c2)c2ccc(C(=O)NS(=O)(=O)C3CC3)cc21,<rdkit.Chem.rdchem.Mol object at 0x00000227928B7A70>,15105,459.955,3.9045,7,1,6,90.29,inactive,4.82087927
CHEMBL4292013,Cn1cc(-c2ccc(C(F)(F)F)cc2)c2cc(F)c(C(=O)NS(C)(=O)=O)cc21,<rdkit.Chem.rdchem.Mol object at 0x00000227928B7AE0>,30000,414.38,3.6926,3,1,4,68.17,inactive,4.522878745
CHEMBL4439243,Cn1cc(C2C3CC4CC2CN(C4)C3)c2ccc(C(=O)NS(=O)(=O)C3CC3)cc21,<rdkit.Chem.rdchem.Mol object at 0x00000227928B7B50>,30000,413.543,2.4555,4,1,5,71.41,inactive,4.522878745
CHEMBL4571595,CN1CCC(c2cn(C)c3cc(C(=O)NS(=O)(=O)C4CC4)ccc23)CC1,<rdkit.Chem.rdchem.Mol object at 0x00000227928B7BC0>,30000,375.494,2.2095,4,1,5,71.41,inactive,4.522878745
CHEMBL4574408,Cn1cc(C2CCCC(C)(C)C2)c2ccc(C(=O)NS(=O)(=O)C3CC3)cc21,<rdkit.Chem.rdchem.Mol object at 0x00000227928B7C30>,4100,388.533,4.0841,4,1,4,68.17,active,5.387216143
CHEMBL4445556,NC[C@H](Oc1noc2ccc(-c3ccccc3Cl)cc12)c1ccccc1,<rdkit.Chem.rdchem.Mol object at 0x00000227928B7CA0>,22000,364.832,5.227,5,1,4,61.28,inactive,4.657577319
CHEMBL4568451,CCc1cccc(-c2cn(C)c3cc(C(=O)NS(C)(=O)=O)ccc23)c1,<rdkit.Chem.rdchem.Mol object at 0x00000227928B7D10>,30000,356.447,3.0971,4,1,4,68.17,inactive,4.522878745
CHEMBL4451746,Cn1cc(-c2ccc(C(F)(F)F)cc2Cl)c2ccc(C(=O)NS(C)(=O)=O)cc21,<rdkit.Chem.rdchem.Mol object at 0x00000227928B7D80>,8600,430.835,4.2069,3,1,4,68.17,inactive,5.065501549
CHEMBL4553935,Cn1cc(-c2ccc(OC(F)(F)F)cc2)c2ccc(C(=O)NS(C)(=O)=O)cc21,<rdkit.Chem.rdchem.Mol object at 0x00000227928B7DF0>,16000,412.389,3.4333,4,1,5,77.4,inactive,4.795880017
CHEMBL4441297,Cn1cc(-c2ccc(C(F)F)cc2)c2ccc(C(=O)NS(=O)(=O)C3CC3)cc21,<rdkit.Chem.rdchem.Mol object at 0x00000227928B7E60>,30000,404.438,4.0049,5,1,4,68.17,inactive,4.522878745
CHEMBL4456402,COc1cc(-c2cn(C)c3cc(C(=O)NS(=O)(=O)C4CC4)ccc23)cnc1OCC(C)C,<rdkit.Chem.rdchem.Mol object at 0x00000227928B7ED0>,30000,457.552,3.5057,8,1,7,99.52,inactive,4.522878745
CHEMBL2041980,CS(=O)(=O)c1ccc(-c2cnc(N)c(-c3ccc(C(F)(F)F)nc3)c2)cc1,<rdkit.Chem.rdchem.Mol object at 0x00000227928B7F40>,10000,393.39,3.8151,3,1,5,85.94,inactive,5
CHEMBL4530872,O=C1CN(c2cn[nH]c(=O)c2Cl)CCN1Cc1ccccc1C(F)(F)F,<rdkit.Chem.rdchem.Mol object at 0x00000227928B8040>,30000,386.761,2.2909,3,1,4,69.3,inactive,4.522878745
CHEMBL4551786,CCOC(=O)N1CC/C(=C\C#Cc2cccc(C)n2)C1,<rdkit.Chem.rdchem.Mol object at 0x00000227928B80B0>,12290,270.332,2.53012,1,0,3,42.43,inactive,4.910448117
CHEMBL4537339,CS(=O)(=O)NC(=O)c1cc(F)c(Oc2ccc(Cl)c(Cl)c2)cc1F,<rdkit.Chem.rdchem.Mol object at 0x00000227928B8120>,30000,396.198,3.7533,4,1,4,72.47,inactive,4.522878745
CHEMBL4445237,CS(=O)(=O)NC(=O)c1cc(F)c(-c2ccc(Cl)c(Cl)c2)cc1F,<rdkit.Chem.rdchem.Mol object at 0x00000227928B8190>,42000,380.199,3.628,3,1,3,63.24,inactive,4.37675071
CHEMBL4558539,COc1cc(C(=O)NS(C)(=O)=O)ccc1-c1cnc(OCC2(C)CC2)c(Cl)c1,<rdkit.Chem.rdchem.Mol object at 0x00000227928B8200>,9300,424.906,3.2789,7,1,6,94.59,inactive,5.031517051
CHEMBL4457557,NC(=O)c1ccc(Cc2ccccc2)cc1-c1cccc(CCC(=O)O)c1,<rdkit.Chem.rdchem.Mol object at 0x00000227928B8270>,33300,359.425,4.0605,7,2,2,80.39,inactive,4.477555766
CHEMBL4647620,Cc1nc(-c2cc(C(F)(F)F)ccc2[C@H]2CCOc3cc(S(=O)(=O)Nc4ccncn4)ccc32)co1,<rdkit.Chem.rdchem.Mol object at 0x00000227928B82E0>,1168,516.501,5.17402,5,1,7,107.21,active,5.932557157
CHEMBL4639765,Cc1ccc(-c2cc(C(F)(F)F)ccc2[C@H]2CCOc3cc(S(=O)(=O)Nc4cccc(F)n4)ccc32)cn1,<rdkit.Chem.rdchem.Mol object at 0x00000227928B8350>,1312,543.542,6.32512,5,1,5,81.18,active,5.882066165
CHEMBL4776201,Cc1ncc(-c2nc3c(-c4ccc5c(c4)[C@@]4(CCCN4C(=O)C4CC4)C(=O)N5C)ncnc3n2C)cn1,<rdkit.Chem.rdchem.Mol object at 0x00000227928B83C0>,30000,494.559,2.99982,3,0,8,110,inactive,4.522878745
CHEMBL4643875,Cc1c(N2CC[C@@H]([C@H](C)N)C2)c(F)cc2cc(C(=O)O)c(=O)n(C3CC3)c12,<rdkit.Chem.rdchem.Mol object at 0x00000227928B8430>,50000,373.428,2.65562,4,2,5,88.56,inactive,4.301029996
CHEMBL4856594,C[C@H]1COc2c(N3CC[C@@H](C4(N)CC4)C3)c(F)cc3cc(C(=O)O)c(=O)n1c23,<rdkit.Chem.rdchem.Mol object at 0x00000227928B84A0>,500000,387.411,2.1098,3,2,6,97.79,inactive,3.301029996
CHEMBL4870820,O=S(=O)(Nc1cc(F)ccn1)c1cc(F)c(O[C@H]2CCN(CC(F)(F)F)C[C@@H]2c2ccccc2)cc1F,<rdkit.Chem.rdchem.Mol object at 0x00000227928B8510>,1290,545.505,5.0989,7,1,5,71.53,active,5.88941029
CHEMBL5092058,Cc1cn([C@H](C)CC#N)c(=O)c2cc(Cn3nc(C(F)F)cc3Cl)nn12,<rdkit.Chem.rdchem.Mol object at 0x00000227928B8580>,10000,380.786,3.1149,5,0,7,80.91,inactive,5
CHEMBL3957193,O=C(c1ccc2cc(Oc3ccc(C(F)(F)F)cn3)ccc2n1)N1CCNCC1,<rdkit.Chem.rdchem.Mol object at 0x00000227928B85F0>,33000,402.376,3.4863,3,1,5,67.35,inactive,4.48148606
CHEMBL3935365,O=C(c1ccc2cc(Oc3ccc(C(F)(F)F)cn3)ccc2n1)N1CCC1,<rdkit.Chem.rdchem.Mol object at 0x00000227928B8660>,33000,373.334,4.2868,3,0,4,55.32,inactive,4.48148606
CHEMBL4444707,CS(=O)(=O)NC(=O)c1cc(C2CC2)c(OCC2CCN(Cc3cc(C(F)(F)F)ccc3Cl)CC2)cc1F,<rdkit.Chem.rdchem.Mol object at 0x00000227928B86D0>,3.2,563.013,5.3557,8,1,5,75.71,active,8.494850022
CHEMBL5077861,C=CC(=O)N1CC2(CC(n3nc(-c4ccc5c(cnn5C)c4)c(-c4c(Cl)c(C)cc5[nH]ncc45)c3C)C2)C1,<rdkit.Chem.rdchem.Mol object at 0x00000227928B8740>,10000,526.044,5.59984,4,1,6,84.63,inactive,5
CHEMBL5284353,O=C1NCCc2c1cnn2-c1ccnc(Cc2cc(F)cc(C(F)(F)F)c2)c1,<rdkit.Chem.rdchem.Mol object at 0x00000227928B87B0>,10000,390.34,3.3019,3,1,4,59.81,inactive,5
CHEMBL3662077,CC1(COc2cc(F)c(C(=O)NS(=O)(=O)C3CC3)cc2C2CC2)CCC(F)(F)CC1,<rdkit.Chem.rdchem.Mol object at 0x00000227928B8820>,260,445.503,4.5195,7,1,4,72.47,active,6.585026652
CHEMBL4639128,COCc1nc2cnc3cc(-c4c(C)noc4C)c(OC[C@H]4CCNC4)cc3c2n1[C@H](C)c1ccccc1,<rdkit.Chem.rdchem.Mol object at 0x00000227928B8890>,50118.72,511.626,5.60034,8,1,8,87.23,inactive,4.300000029
CHEMBL5400099,CCN=C(C)NC(=O)Nc1c(CC)cccc1CC,<rdkit.Chem.rdchem.Mol object at 0x00000227928B8900>,3800,261.369,3.3712,4,2,2,53.49,active,5.420216403
CHEMBL5404418,CCNc1ccc(C(F)(F)F)c(Nc2c(CC)cccc2CC)n1,<rdkit.Chem.rdchem.Mol object at 0x00000227928B8970>,14000,337.389,5.4006,6,2,3,36.95,inactive,4.853871964
CHEMBL3350235,CSc1ccc([C@@H]2N=C(OCc3ccc(NS(C)(=O)=O)cc3)N(C)Cc3ccccc32)cc1,<rdkit.Chem.rdchem.Mol object at 0x00000227928B89E0>,30000,481.643,4.8876,6,1,6,71,inactive,4.522878745
CHEMBL109012,N=C(NCCCCc1ccccc1)NC(=O)c1cccc(Cl)c1Cl,<rdkit.Chem.rdchem.Mol object at 0x00000227928B8A50>,2710,364.276,4.27047,6,3,2,64.98,active,5.567030709
CHEMBL108347,CCCCOc1ccc(C(=O)N=C(N)NCCCCc2ccccc2)cc1,<rdkit.Chem.rdchem.Mol object at 0x00000227928B8AC0>,560,367.493,3.9329,10,2,2,76.71,active,6.251811973
CHEMBL401258,Cc1cccc(NC(=O)c2ccc(-c3ccc(C#N)cc3)o2)c1,<rdkit.Chem.rdchem.Mol object at 0x00000227928B8B30>,2000,302.333,4.379,3,1,3,66.03,active,5.698970004
CHEMBL495601,O=C1CC2(CCN(C(=O)NC3CCc4ccccc4C3)CC2)Oc2ccccc21,<rdkit.Chem.rdchem.Mol object at 0x00000227928B8BA0>,1000,390.483,3.7535,1,1,3,58.64,active,6
CHEMBL495995,O=C(N[C@H]1C[C@@H]1c1ccccc1)N1CCC2(CCc3ccccc3O2)CC1,<rdkit.Chem.rdchem.Mol object at 0x00000227928B8C10>,10000,362.473,4.1119,2,1,2,41.57,inactive,5
CHEMBL497829,CS(=O)(=O)c1ccc2c(c1)CCC1(CCN(C(=O)Cc3ccc(Cl)cc3Cl)CC1)O2,<rdkit.Chem.rdchem.Mol object at 0x00000227928B8C80>,10000,468.402,4.3258,3,0,4,63.68,inactive,5
CHEMBL564547,Cc1noc(C2CCN(C(=O)NC3CC3c3ccccc3)CC2)n1,<rdkit.Chem.rdchem.Mol object at 0x00000227928B8CF0>,10000,326.4,2.82312,3,1,4,71.26,inactive,5
CHEMBL551517,O=C(NC1CC1c1ccccc1)N1CCC(c2nc(-c3ncccn3)no2)CC1,<rdkit.Chem.rdchem.Mol object at 0x00000227928B8D60>,10000,390.447,2.9717,4,1,6,97.04,inactive,5
CHEMBL562926,O=C(NC1CCc2ccccc2CC1)N1CCC(c2nc(-c3ccccn3)no2)CC1,<rdkit.Chem.rdchem.Mol object at 0x00000227928B8DD0>,10000,417.513,3.9682,3,1,5,84.15,inactive,5
CHEMBL1077781,O=C(O)CC1(c2ccccc2)CCCN(C(=O)Nc2ccc(Cl)cc2)C1,<rdkit.Chem.rdchem.Mol object at 0x00000227928B8E40>,10000,372.852,4.3804,4,2,2,69.64,inactive,5
CHEMBL1079246,CNC(=O)CCC1(c2ccccc2)CCCN(C(=O)Nc2ccc(Cl)cc2)C1,<rdkit.Chem.rdchem.Mol object at 0x00000227928B8EB0>,10000,399.922,4.4319,5,2,2,61.44,inactive,5
CHEMBL1797409,Cc1onc(-c2c(Cl)cccc2Cl)c1CC(=O)NCc1ccc(OC(C)C)nc1,<rdkit.Chem.rdchem.Mol object at 0x00000227928B8F20>,4677.35,434.323,4.99792,7,1,5,77.25,active,5.330000131
CHEMBL1797402,Cc1onc(-c2c(Cl)cccc2Cl)c1N(C)C(=O)NCc1ccc(OC2CCOCC2)nc1,<rdkit.Chem.rdchem.Mol object at 0x00000227928B8F90>,5888.44,491.375,5.25562,6,1,6,89.72,inactive,5.229999746
CHEMBL1797399,Cc1cccc(C)c1-c1noc(C)c1NC(=O)OCc1c(F)cccc1Cl,<rdkit.Chem.rdchem.Mol object at 0x00000227928B9000>,7762.47,388.826,5.80806,4,1,4,64.36,inactive,5.110000065
CHEMBL1797393,Cc1onc(-c2c(Cl)cccc2Cl)c1N(C)C(=O)OCc1ccc(OC(C)C)nc1,<rdkit.Chem.rdchem.Mol object at 0x00000227928B9070>,28840.32,450.322,5.91202,6,0,6,77.69,inactive,4.539999925
CHEMBL1797392,Cc1onc(-c2c(Cl)cccc2Cl)c1NC(=O)OCc1ccc(OC2CCCC2)nc1,<rdkit.Chem.rdchem.Mol object at 0x00000227928B90E0>,1348.96,462.333,6.42192,6,1,6,86.48,active,5.870000928
CHEMBL2011950,Nc1ccnc(Nc2ccc(Oc3ccc(Cl)cc3)cc2)n1,<rdkit.Chem.rdchem.Mol object at 0x00000227928B9150>,500,312.76,4.2481,4,2,5,73.06,active,6.301029996
CHEMBL2012273,Fc1c(Cn2ccc3c(OC4CCN(Cc5cscn5)CC4)ncnc32)cccc1C(F)(F)F,<rdkit.Chem.rdchem.Mol object at 0x00000227928B91C0>,40,491.514,5.1374,6,0,7,56.07,active,7.397940009
CHEMBL2012283,Cn1cc(CN2CCC(Oc3ncnc4c3ccn4Cc3ccccc3)CC2)cn1,<rdkit.Chem.rdchem.Mol object at 0x00000227928B9230>,440,402.502,3.2565,6,0,7,61,active,6.356547324
CHEMBL2012285,Cc1nc(CN2CCC(Oc3ncnc4c3ccn4Cc3ccccc3)CC2)cs1,<rdkit.Chem.rdchem.Mol object at 0x00000227928B92A0>,80,419.554,4.28792,6,0,7,56.07,active,7.096910013
CHEMBL2012300,Fc1c(Cl)cccc1Cn1ccc2c(OC3CCN(Cc4ccccn4)CC3)ncnc21,<rdkit.Chem.rdchem.Mol object at 0x00000227928B9310>,80,451.933,4.7105,6,0,6,56.07,active,7.096910013
CHEMBL2069401,CN1CCN(c2cccc3c2C[C@H](NC(=O)c2ccc(OCC(F)(F)F)nc2)CO3)CC1,<rdkit.Chem.rdchem.Mol object at 0x00000227928B9380>,5011.87,450.461,2.508,5,1,6,66.93,inactive,5.300000202
CHEMBL2069402,CN1CCN(c2cccc3c2C[C@H](NC(=O)c2ccc(OCCC(F)(F)F)nc2)CO3)CC1,<rdkit.Chem.rdchem.Mol object at 0x00000227928B93F0>,5011.87,464.488,2.8981,6,1,6,66.93,inactive,5.300000202
CHEMBL2069418,COCCn1nc(C)c(C(=O)N[C@@H]2COc3cccc(-c4cccnc4)c3C2)n1,<rdkit.Chem.rdchem.Mol object at 0x00000227928B9460>,31622.78,393.447,2.02842,6,1,7,91.16,inactive,4.499999953
CHEMBL2069425,COc1cnc(-c2cccc3c2C[C@H](NC(=O)c2ccc(OCC(F)(F)F)nc2)CO3)cn1,<rdkit.Chem.rdchem.Mol object at 0x00000227928B94D0>,25118.86,460.412,3.2218,6,1,7,95.46,inactive,4.600000075
CHEMBL2147214,Cc1ncc(-c2ccccc2CCNC(=O)c2ccc(OCCC(F)(F)F)nc2)cn1,<rdkit.Chem.rdchem.Mol object at 0x00000227928B9540>,5011.87,430.43,4.15072,8,1,5,77,inactive,5.300000202
CHEMBL2147215,O=C(NCCc1ccccc1-c1ccc(CO)nc1)c1ccc(OCCC(F)(F)F)nc1,<rdkit.Chem.rdchem.Mol object at 0x00000227928B95B0>,12589.25,445.441,3.9396,9,2,5,84.34,inactive,4.900000142
CHEMBL2147219,Cc1ncc(-c2ccccc2CCNC(=O)c2ccc(C(=O)NCCCC(F)(F)F)nc2)cn1,<rdkit.Chem.rdchem.Mol object at 0x00000227928B9620>,6309.57,471.483,3.89182,9,2,5,96.87,inactive,5.200000237
CHEMBL2147304,COc1ncc(-c2cccc(OC(F)F)c2CCNC(=O)c2ccc(OCCC(F)(F)F)nc2)cn1,<rdkit.Chem.rdchem.Mol object at 0x00000227928B9690>,7943.28,512.435,4.4523,11,1,7,95.46,inactive,5.100000128
CHEMBL2147309,Cc1cnc(-c2c(F)ccc(F)c2CCNC(=O)c2ccc(COCC(F)(F)F)nc2)cn1,<rdkit.Chem.rdchem.Mol object at 0x00000227928B9700>,1584.89,466.41,4.17662,8,1,5,77,active,5.800000875
CHEMBL2147313,COc1ncc(-c2cc(C)cnc2CCNC(=O)c2ccc(COCC(F)(F)F)nc2)cn1,<rdkit.Chem.rdchem.Mol object at 0x00000227928B9770>,31622.78,461.444,3.30202,9,1,7,99.12,inactive,4.499999953
CHEMBL2164038,O=C(NCc1ccc(OC(F)(F)F)cc1)c1c2c(O)cccc2c(O)n1CCc1ccccn1,<rdkit.Chem.rdchem.Mol object at 0x00000227928B97E0>,33000,471.435,4.5188,7,3,6,96.61,inactive,4.48148606
CHEMBL2164363,O=C(NCc1ccc(OC(F)(F)F)cc1)c1c2ccccc2c(O)n1CC(F)(F)c1ccccn1,<rdkit.Chem.rdchem.Mol object at 0x00000227928B9850>,1900,491.416,5.3625,7,2,5,76.38,active,5.721246399
CHEMBL2164357,O=C(NCc1ccc(OC(F)(F)F)cc1)c1c2ccccc2c(O)n1CCCc1ccccn1,<rdkit.Chem.rdchem.Mol object at 0x00000227928B98C0>,7900,469.463,5.2033,8,2,5,76.38,inactive,5.102372909
CHEMBL2164046,O=C(NCc1ccc(OC(F)(F)F)cc1)c1c2ccccc2c(O)n1CCc1ccncc1,<rdkit.Chem.rdchem.Mol object at 0x00000227928B9930>,6100,455.436,4.8132,7,2,5,76.38,inactive,5.214670165
CHEMBL2163357,N#C[C@H]1CC[C@H](n2c(O)c3ccccc3c2C(=O)NCc2ccc(OC(F)(F)F)cc2)CC1,<rdkit.Chem.rdchem.Mol object at 0x00000227928B99A0>,6100,457.452,5.43038,5,2,5,87.28,inactive,5.214670165
CHEMBL2164370,O=C(NCc1ccc(OC(F)(F)F)cc1)c1c2ccccc2c(O)n1CCN1CCOCC1,<rdkit.Chem.rdchem.Mol object at 0x00000227928B9A10>,2900,463.456,3.5077,7,2,6,75.96,active,5.537602002
CHEMBL2164388,COc1ccc(CNC(=O)c2c3ccccc3c(O)n2CCc2ccccn2)cc1,<rdkit.Chem.rdchem.Mol object at 0x00000227928B9A80>,23000,401.466,3.9232,7,2,5,76.38,inactive,4.638272164
CHEMBL2164386,O=C(NCc1ccccc1Br)c1c2ccccc2c(O)n1CCc1ccccn1,<rdkit.Chem.rdchem.Mol object at 0x00000227928B9AF0>,33000,450.336,4.6771,6,2,4,67.15,inactive,4.48148606
CHEMBL479441,COCCOc1cc2ncc(C(N)=O)c(Nc3ccc(F)cc3F)c2cc1N1CCN(C)CC1,<rdkit.Chem.rdchem.Mol object at 0x00000227928B9B60>,30000,471.508,3.1325,8,2,7,92.95,inactive,4.522878745
CHEMBL2409407,COc1cc2nnc(C(N)=O)c(Nc3ccc(C)cc3F)c2cc1N1CCN(CCO)CC1,<rdkit.Chem.rdchem.Mol object at 0x00000227928B9BD0>,26000,454.506,2.04272,7,3,8,116.84,inactive,4.585026652
CHEMBL2409400,COc1cc2nnc(C(N)=O)c(Nc3ccc(C)cc3F)c2cc1N1CCC(N(C)C)CC1,<rdkit.Chem.rdchem.Mol object at 0x00000227928B9C40>,24000,452.534,3.45882,6,2,7,96.61,inactive,4.619788758
CHEMBL3085877,Nc1nc2c(s1)CC(CNC(=O)C1CCCN1)CC2,<rdkit.Chem.rdchem.Mol object at 0x00000227928B9CB0>,30000,280.397,0.6984,3,3,5,80.04,inactive,4.522878745
CHEMBL3325526,O=S(=O)(Nc1ncns1)c1cc(F)c(OC[C@H]2CNCC[C@@H]2c2ccc(Cl)cc2)cc1F,<rdkit.Chem.rdchem.Mol object at 0x00000227928B9D20>,5200,500.98,4.0426,7,2,7,93.21,inactive,5.283996656
CHEMBL3325527,O=S(=O)(Nc1ncns1)c1cc(F)c(OC[C@H]2CNCC[C@@H]2c2ccc(F)c(F)c2)cc1F,<rdkit.Chem.rdchem.Mol object at 0x00000227928B9D90>,10000,502.515,3.6674,7,2,7,93.21,inactive,5
CHEMBL3325548,O=S(=O)(Nc1ccncn1)c1cc(F)c(OC[C@@H]2CNCC[C@H]2c2ccc(Cl)cc2)cc1F,<rdkit.Chem.rdchem.Mol object at 0x00000227928B9E00>,10000,494.951,3.9811,7,2,6,93.21,inactive,5
CHEMBL3337591,COc1ccc2c(c1)NC1(CCCN(C(=O)c3ccc(OC)c(N(C)C)c3)CC1)c1cccn1-2,<rdkit.Chem.rdchem.Mol object at 0x00000227928B9E70>,3069,460.578,4.5076,4,1,6,58.97,active,5.513003112
CHEMBL3337588,COc1ccc2c(c1)N[C@]1(CCN(C(=O)c3ccc(OC)c(N(C)C)c3)[C@H](C)C1)c1cccn1-2,<rdkit.Chem.rdchem.Mol object at 0x00000227928B9EE0>,3261,460.578,4.506,4,1,6,58.97,active,5.486649201
CHEMBL1346,NC(=O)C(c1ccccc1)(c1ccccc1)[C@@H]1CCN(CCc2ccc3c(c2)CCO3)C1,<rdkit.Chem.rdchem.Mol object at 0x00000227928B9F50>,1584.89,426.56,3.9575,7,1,3,55.56,active,5.800000875
CHEMBL1734,O=C(O[C@H]1CN2CCC1CC2)N1CCc2ccccc2[C@@H]1c1ccccc1,<rdkit.Chem.rdchem.Mol object at 0x00000227928B9FC0>,6309.57,362.473,3.8649,2,0,3,32.78,inactive,5.200000237
CHEMBL3589894,CNC(=O)c1ccc(-c2cc(Cl)cc(Cl)c2Cl)c(N)n1,<rdkit.Chem.rdchem.Mol object at 0x00000227928BA030>,9000,330.602,3.6506,2,2,3,68.01,inactive,5.045757491
CHEMBL3589904,COc1ccc(Cl)c(-c2ccc(NC(=O)c3ccnn3C)nc2N)c1,<rdkit.Chem.rdchem.Mol object at 0x00000227928BA0A0>,37000,357.801,2.9786,4,2,6,95.06,inactive,4.431798276
CHEMBL3617062,O=S(=O)(Nc1ncns1)c1cc(F)c(OC[C@@H]2CNCC[C@H]2c2ccc(Cl)c(F)c2)cc1F,<rdkit.Chem.rdchem.Mol object at 0x00000227928BA110>,10000,518.97,4.1817,7,2,7,93.21,inactive,5
CHEMBL3634332,O=C(c1ccccc1)c1cccc(OCC(O)CN2CCC(N3Cc4ccccc4C3=O)CC2)c1,<rdkit.Chem.rdchem.Mol object at 0x00000227928BA180>,3700,470.569,3.7777,8,1,5,70.08,active,5.431798276
CHEMBL3634334,COc1ccccc1OCC(O)CN1CCC(N2Cc3ccccc3C2=O)CC1,<rdkit.Chem.rdchem.Mol object at 0x00000227928BA1F0>,77000,396.487,2.5553,7,1,5,62.24,inactive,4.113509275
CHEMBL3632693,COc1cc(C(F)(F)F)ccc1OCC(O)CN1CCC(N2Cc3ccccc3C2=O)CC1,<rdkit.Chem.rdchem.Mol object at 0x00000227928BA260>,5600,464.484,3.5741,7,1,5,62.24,inactive,5.251811973
CHEMBL3632694,O=C1c2ccccc2CN1C1CCN(CC(O)COCc2ccc(C(F)(F)F)cc2)CC1,<rdkit.Chem.rdchem.Mol object at 0x00000227928BA2D0>,3000,448.485,3.7033,7,1,4,53.01,active,5.522878745
CHEMBL3657834,CS(=O)(=O)NC(=O)c1cnc(OCC23CC4CC(CC(C4)C2)C3)c(C2CC2)c1,<rdkit.Chem.rdchem.Mol object at 0x00000227928BA340>,2580,404.532,3.2436,6,1,5,85.36,active,5.588380294
CHEMBL3657937,CS(=O)(=O)NC(=O)c1cc(C2CC2)c(OCC23CC4CC(C2)C(F)(F)C(C4)C3)cc1F,<rdkit.Chem.rdchem.Mol object at 0x00000227928BA3B0>,714,457.514,4.2329,6,1,4,72.47,active,6.146301788
CHEMBL3704399,Cn1nccc1-c1cc(Cl)ccc1-c1c[nH]c2cc(S(=O)(=O)Nc3ncns3)ccc12,<rdkit.Chem.rdchem.Mol object at 0x00000227928BA420>,10000,470.967,4.5411,5,2,7,105.56,inactive,5
CHEMBL3683236,O=S(=O)(Nc1cnccn1)N1CCc2c(cccc2-c2ccc(C(F)(F)F)cc2C2=CCNCC2)C1,<rdkit.Chem.rdchem.Mol object at 0x00000227928BA490>,10000,515.561,4.2541,5,2,5,87.22,inactive,5
CHEMBL3704413,Cn1cc(-c2ccc(C(F)(F)F)cc2-c2ccn(C3CNC3)n2)c2ccc(S(=O)(=O)Nc3ncns3)cc21,<rdkit.Chem.rdchem.Mol object at 0x00000227928BA500>,10000,559.599,4.5242,6,2,9,106.73,inactive,5
CHEMBL3683228,COc1cc(C2CC2)ccc1-c1cccc2c1CCN(S(=O)(=O)Nc1ncns1)C2,<rdkit.Chem.rdchem.Mol object at 0x00000227928BA570>,10000,442.566,3.8061,6,1,6,84.42,inactive,5
CHEMBL3683222,O=S(=O)(Nc1ncns1)N1CCc2c(cccc2-c2ccc(C(F)(F)F)cc2C2=CCNC2)C1,<rdkit.Chem.rdchem.Mol object at 0x00000227928BA5E0>,10000,507.563,3.9255,5,2,6,87.22,inactive,5
CHEMBL3683204,CN1CC=C(c2cc(C(F)(F)F)ccc2-c2cccc3c2CCN(S(=O)(=O)Nc2ncns2)C3)CC1,<rdkit.Chem.rdchem.Mol object at 0x00000227928BA650>,10000,535.617,4.6578,5,1,6,78.43,inactive,5
CHEMBL3662090,O=C(NS(=O)(=O)C1CC1)c1cc(C2CC2)c(OCC23CC4CC(C2)C(F)(F)C(C4)C3)cc1F,<rdkit.Chem.rdchem.Mol object at 0x00000227928BA6C0>,130,483.552,4.7655,7,1,4,72.47,active,6.886056648
CHEMBL3704440,COc1ccc(-c2cn(C)c3cc(S(=O)(=O)Nc4ncns4)ccc23)cc1C(F)(F)F,<rdkit.Chem.rdchem.Mol object at 0x00000227928BA730>,10000,468.482,4.525,5,1,7,86.11,inactive,5
CHEMBL3657953,COC1CN(S(=O)(=O)NC(=O)c2cc(C3CC3)c(OCC34CC5CC(CC(C5)C3)C4)cc2F)C1,<rdkit.Chem.rdchem.Mol object at 0x00000227928BA7A0>,144,492.613,3.6035,8,1,5,84.94,active,6.841637508
CHEMBL3704402,COC(=O)n1cc(-c2ccc(C(F)(F)F)cc2-c2ccnn2C)c2ccc(S(=O)(=O)Nc3ncns3)cc21,<rdkit.Chem.rdchem.Mol object at 0x00000227928BA810>,10000,562.555,4.9944,5,1,10,121,inactive,5
CHEMBL3704449,Cn1cc(-c2cc3ccccc3o2)c2ccc(S(=O)(=O)Nc3ncns3)cc21,<rdkit.Chem.rdchem.Mol object at 0x00000227928BA880>,10000,410.48,4.2438,4,1,7,90.02,inactive,5
CHEMBL3683241,CC(C)(C)OC(=O)N1CCc2c(cccc2-c2cccc3c2CCN(S(=O)(=O)Nc2ncns2)C3)C1,<rdkit.Chem.rdchem.Mol object at 0x00000227928BA8F0>,10000,527.672,4.2133,4,1,7,104.73,inactive,5
CHEMBL3797498,O=C1N(c2ccncc2)CCN1c1cccc2c1cnn2-c1ccccc1F,<rdkit.Chem.rdchem.Mol object at 0x00000227928BA960>,3100,373.391,4.0062,3,0,4,54.26,active,5.508638306
CHEMBL3806065,CNc1noc2ccc(-c3cc(Cl)ccc3Oc3cc(F)c(S(=O)(=O)Nc4ncns4)cc3F)cc12,<rdkit.Chem.rdchem.Mol object at 0x00000227928BA9D0>,230,549.968,5.9127,7,2,9,119.24,active,6.638272164
CHEMBL3942771,O=S(=O)(Nc1ncns1)c1ccc2c(-c3ccc(C(F)(F)F)cc3C3=CCNCC3)cccc2c1,<rdkit.Chem.rdchem.Mol object at 0x00000227928BAA40>,30000,516.57,5.5546,5,2,6,83.98,inactive,4.522878745
CHEMBL3905835,Cc1nccn1-c1ccc(-c2cn(CC(=O)Nc3cccc(Cl)c3Cl)nn2)cc1,<rdkit.Chem.rdchem.Mol object at 0x00000227928BAAB0>,21000,427.295,4.38472,5,1,6,77.63,inactive,4.677780705
CHEMBL3968947,O=C(O)CCCOc1ccc(-c2cc(OC(F)(F)F)ccc2Cl)cc1,<rdkit.Chem.rdchem.Mol object at 0x00000227928BAB20>,17430,374.742,5.1492,7,1,3,55.76,inactive,4.758702613
CHEMBL3914098,COc1ccc(CCOC2CCCCC2N2CCC(O)C2)cc1OC,<rdkit.Chem.rdchem.Mol object at 0x00000227928BAB90>,30300,349.471,2.6407,7,1,5,51.16,inactive,4.518557371
CHEMBL1404,COc1ccccc1OCC(O)CN1CCN(CC(=O)Nc2c(C)cccc2C)CC1,<rdkit.Chem.rdchem.Mol object at 0x00000227928BAC00>,428000,427.545,2.30804,9,2,6,74.27,inactive,3.368556231
CHEMBL3677857,O=S(=O)(Nc1ncns1)c1ccc2c(-c3ccccc3)cccc2c1,<rdkit.Chem.rdchem.Mol object at 0x00000227928BAC70>,23800,367.455,4.1591,4,1,5,71.95,inactive,4.623423043
CHEMBL3682625,O=S(=O)(Nc1ncns1)c1ccc2c(N3CCOC(c4ccccc4)C3)cccc2c1,<rdkit.Chem.rdchem.Mol object at 0x00000227928BACE0>,30000,452.561,4.07,5,1,7,84.42,inactive,4.522878745
CHEMBL3682647,O=S(=O)(Nc1ncns1)c1ccc2c(-c3ccc(C(F)(F)F)cc3F)cccc2c1,<rdkit.Chem.rdchem.Mol object at 0x00000227928BAD50>,15100,453.442,5.317,4,1,5,71.95,inactive,4.821023053
CHEMBL3682648,O=S(=O)(Nc1ncns1)c1ccc2c(-c3ccc(C(F)(F)F)cc3)cccc2c1,<rdkit.Chem.rdchem.Mol object at 0x00000227928BADC0>,14400,435.452,5.1779,4,1,5,71.95,inactive,4.841637508
CHEMBL3682785,COc1cc(C(F)(F)F)ccc1-c1nccc2cc(S(=O)(=O)Nc3ncns3)ccc12,<rdkit.Chem.rdchem.Mol object at 0x00000227928BAE30>,30000,466.466,4.5815,5,1,7,94.07,inactive,4.522878745
CHEMBL3687553,COc1cc(C(F)(F)F)ccc1-c1ccnc2cc(S(=O)(=O)Nc3nccs3)ccc12,<rdkit.Chem.rdchem.Mol object at 0x00000227928BAEA0>,12300,465.478,5.1865,5,1,6,81.18,inactive,4.910094889
CHEMBL3687597,Cc1cc(Cl)ccc1-c1ccnc2cc(S(=O)(=O)Nc3ncns3)ccc12,<rdkit.Chem.rdchem.Mol object at 0x00000227928BAF10>,30000,416.915,4.51592,4,1,6,84.84,inactive,4.522878745
CHEMBL3687603,COc1cc(C#N)ccc1-c1cccc2cc(S(=O)(=O)Nc3ncns3)ccc12,<rdkit.Chem.rdchem.Mol object at 0x00000227928BAF80>,30000,422.491,4.03938,5,1,7,104.97,inactive,4.522878745
CHEMBL3687609,COc1cc(Cl)c(C#N)cc1-c1nccc2cc(S(=O)(=O)Nc3ncns3)ccc12,<rdkit.Chem.rdchem.Mol object at 0x00000227928BAFF0>,30000,457.924,4.08778,5,1,8,117.86,inactive,4.522878745
CHEMBL3687618,COc1ccc(-c2cccc(F)c2)cc1-c1nccc2cc(S(=O)(=O)Nc3nncs3)ccc12,<rdkit.Chem.rdchem.Mol object at 0x00000227928BB060>,30000,492.557,5.3688,6,1,7,94.07,inactive,4.522878745
CHEMBL3687624,COc1cc(-c2cccc(C(F)(F)F)c2)ccc1-c1nccc2cc(S(=O)(=O)Nc3ccncn3)ccc12,<rdkit.Chem.rdchem.Mol object at 0x00000227928BB0D0>,26600,536.535,6.187,6,1,6,94.07,inactive,4.575118363
CHEMBL3687626,COc1cc(-c2cccc(F)c2)ccc1-c1nccc2cc(S(=O)(=O)Nc3nncs3)ccc12,<rdkit.Chem.rdchem.Mol object at 0x00000227928BB140>,30000,492.557,5.3688,6,1,7,94.07,inactive,4.522878745
CHEMBL3687657,COc1cc(F)ccc1-c1nccc2cc(S(=O)(=O)Nc3nccs3)ccc12,<rdkit.Chem.rdchem.Mol object at 0x00000227928BB1B0>,30000,415.471,4.3068,5,1,6,81.18,inactive,4.522878745
CHEMBL3687682,COc1cc(-c2ccccc2C)ccc1-c1nccc2cc(S(=O)(=O)Nc3ccncn3)ccc12,<rdkit.Chem.rdchem.Mol object at 0x00000227928BB220>,30000,482.565,5.47662,6,1,6,94.07,inactive,4.522878745
CHEMBL3687686,COc1cc(-c2ccc(F)cc2F)ccc1-c1nccc2cc(S(=O)(=O)Nc3ccncn3)ccc12,<rdkit.Chem.rdchem.Mol object at 0x00000227928BB290>,30000,504.518,5.4464,6,1,6,94.07,inactive,4.522878745
CHEMBL3687720,COc1cc(-c2ccc(-c3nccc4cc(S(=O)(=O)Nc5ccncn5)ccc34)c(OC)c2)ccc1F,<rdkit.Chem.rdchem.Mol object at 0x00000227928BB300>,30000,516.554,5.3159,7,1,7,103.3,inactive,4.522878745
CHEMBL3687722,COc1cc(-c2ccc(F)c(C#N)c2)ccc1-c1nccc2cc(S(=O)(=O)Nc3ccncn3)ccc12,<rdkit.Chem.rdchem.Mol object at 0x00000227928BB370>,30000,511.538,5.17898,6,1,7,117.86,inactive,4.522878745
CHEMBL3687730,COc1cc(-c2cc(C)cc(Cl)c2)ccc1-c1nccc2cc(S(=O)(=O)Nc3ccncn3)ccc12,<rdkit.Chem.rdchem.Mol object at 0x00000227928BB3E0>,19100,517.01,6.13002,6,1,6,94.07,inactive,4.718966633
CHEMBL3951310,COc1cc(-c2cccc(C(F)(F)F)c2)c(Cl)cc1-n1c(=O)ccc2cc(S(=O)(=O)Nc3ccon3)ccc21,<rdkit.Chem.rdchem.Mol object at 0x00000227928BB450>,30000,575.952,6.1273,6,1,7,103.43,inactive,4.522878745
CHEMBL3896276,O=S(=O)(Nc1cc(Cl)ncn1)c1ccc2c(c1)OCCN2c1ccc(C(F)(F)F)cc1Cl,<rdkit.Chem.rdchem.Mol object at 0x00000227928BB4C0>,10000,505.305,5.1335,4,1,6,84.42,inactive,5
CHEMBL3912273,Cn1ccc(NS(=O)(=O)c2ccc3c(c2)OCCN3c2ccc(C(F)(F)F)cc2Cl)n1,<rdkit.Chem.rdchem.Mol object at 0x00000227928BB530>,10000,472.876,4.4236,4,1,6,76.46,inactive,5
CHEMBL3912959,CN1CC=C(c2cc(C(F)(F)F)ccc2N2CCOc3cc(S(=O)(=O)Nc4ncns4)ccc32)CC1,<rdkit.Chem.rdchem.Mol object at 0x00000227928BB5A0>,10000,537.589,4.6071,5,1,8,87.66,inactive,5
CHEMBL3931583,O=S(=O)(Nc1ncns1)c1ccc2c(c1)OCCN2c1ccccc1,<rdkit.Chem.rdchem.Mol object at 0x00000227928BB610>,10000,374.447,2.8694,4,1,7,84.42,inactive,5
CHEMBL3954510,N#Cc1cc(C(F)(F)F)ccc1N1CCOc2cc(S(=O)(=O)Nc3ncns3)ccc21,<rdkit.Chem.rdchem.Mol object at 0x00000227928BB680>,1460,467.454,3.75988,4,1,8,108.21,active,5.835647144
CHEMBL3945380,N#Cc1ccccc1N1CCOc2cc(S(=O)(=O)Nc3nccs3)ccc21,<rdkit.Chem.rdchem.Mol object at 0x00000227928BB6F0>,6300,398.469,3.34608,4,1,7,95.32,inactive,5.200659451
CHEMBL3944914,Cc1ccc(Cl)c(N2CCOc3cc(S(=O)(=O)Nc4nccs4)ccc32)c1,<rdkit.Chem.rdchem.Mol object at 0x00000227928BB760>,5330,421.931,4.43622,4,1,6,71.53,inactive,5.273272791
CHEMBL3969101,O=S(=O)(Nc1nccs1)c1ccc2c(c1)OCCN2c1ccc(Cl)c(Cl)c1,<rdkit.Chem.rdchem.Mol object at 0x00000227928BB7D0>,6080,442.349,4.7812,4,1,6,71.53,inactive,5.216096421
CHEMBL3911479,Cc1cccc(N2CCOc3cc(S(=O)(=O)Nc4nccs4)ccc32)c1,<rdkit.Chem.rdchem.Mol object at 0x00000227928BB840>,7370,387.486,3.78282,4,1,6,71.53,inactive,5.132532512
CHEMBL3980641,Cc1cc(N2CCOc3cc(S(=O)(=O)Nc4nccs4)ccc32)ccc1F,<rdkit.Chem.rdchem.Mol object at 0x00000227928BB8B0>,10000,405.476,3.92192,4,1,6,71.53,inactive,5
CHEMBL3940662,O=S(=O)(Nc1cccnn1)c1ccc2c(c1)OCCN2c1ccc(C(F)(F)F)cc1C1=CCNCC1,<rdkit.Chem.rdchem.Mol object at 0x00000227928BB920>,10000,517.533,4.2034,5,2,7,96.45,inactive,5
CHEMBL3907373,Cc1cc(C#N)cc(N2CCOc3cc(S(=O)(=O)Nc4nccs4)ccc32)c1,<rdkit.Chem.rdchem.Mol object at 0x00000227928BB990>,2330,412.496,3.6545,4,1,7,95.32,active,5.632644079
CHEMBL3944096,COc1cc(C)c(N2CCOc3cc(S(=O)(=O)Nc4nccs4)ccc32)cn1,<rdkit.Chem.rdchem.Mol object at 0x00000227928BBA00>,10000,418.5,3.18642,5,1,8,93.65,inactive,5
CHEMBL3978706,Cc1cc(OC(F)F)cnc1N1CCOc2cc(S(=O)(=O)Nc3nccs3)ccc21,<rdkit.Chem.rdchem.Mol object at 0x00000227928BBA70>,5220,454.48,3.77922,6,1,8,93.65,inactive,5.282329497
CHEMBL3986073,O=S(=O)(Nc1nccs1)c1ccc2c(c1)OCCN2c1ccc(-n2ccnc2)cc1,<rdkit.Chem.rdchem.Mol object at 0x00000227928BBAE0>,10000,439.522,3.6601,5,1,8,89.35,inactive,5
CHEMBL3974688,O=S(=O)(Nc1nccs1)c1ccc2c(c1)OCCN2c1cccc2cccnc12,<rdkit.Chem.rdchem.Mol object at 0x00000227928BBB50>,10000,424.507,4.0226,4,1,7,84.42,inactive,5
CHEMBL3900187,O=S(=O)(Nc1nccs1)c1ccc2c(c1)OCCN2c1cccc(OC(F)F)c1,<rdkit.Chem.rdchem.Mol object at 0x00000227928BBBC0>,10000,439.465,4.0758,6,1,7,80.76,inactive,5
CHEMBL3983609,N#CCc1cccc(N2CCOc3cc(S(=O)(=O)Nc4nccs4)ccc32)c1,<rdkit.Chem.rdchem.Mol object at 0x00000227928BBC30>,2010,412.496,3.54048,5,1,7,95.32,active,5.696803943
CHEMBL3978865,O=S(=O)(Nc1nccs1)c1ccc2c(c1)OCCN2c1cc(Cl)ccc1Cl,<rdkit.Chem.rdchem.Mol object at 0x00000227928BBCA0>,6940,442.349,4.7812,4,1,6,71.53,inactive,5.15864053
CHEMBL3939863,O=S(=O)(Nc1nccs1)c1ccc2c(c1)OCCN2c1ccc(C(F)(F)F)cn1,<rdkit.Chem.rdchem.Mol object at 0x00000227928BBD10>,10000,442.444,3.8882,4,1,7,84.42,inactive,5
CHEMBL3924938,N#Cc1c(F)cccc1N1CCOc2cc(S(=O)(=O)Nc3nccs3)ccc21,<rdkit.Chem.rdchem.Mol object at 0x00000227928BBD80>,10000,416.459,3.48518,4,1,7,95.32,inactive,5
CHEMBL3939383,N#Cc1ccc(N2CCOc3cc(S(=O)(=O)Nc4nccs4)ccc32)c(Cl)c1,<rdkit.Chem.rdchem.Mol object at 0x00000227928BBDF0>,10000,432.914,3.99948,4,1,7,95.32,inactive,5
CHEMBL3895145,O=C(Oc1ccc([N+](=O)[O-])cc1)N1CCOc2cc(S(=O)(=O)Nc3nccs3)ccc21,<rdkit.Chem.rdchem.Mol object at 0x00000227928BBE60>,10000,462.465,3.2499,5,1,9,140.97,inactive,5
CHEMBL3898405,COc1nc(C(F)(F)F)ccc1N1CCOc2cc(S(=O)(=O)Nc3nccs3)ccc21,<rdkit.Chem.rdchem.Mol object at 0x00000227928BBED0>,10000,472.47,3.8968,5,1,8,93.65,inactive,5
CHEMBL3965708,O=S(=O)(Nc1nccs1)c1ccc2c(c1)OCCN2Cc1c[nH]c2cccnc12,<rdkit.Chem.rdchem.Mol object at 0x00000227928BBF40>,10000,427.511,3.2192,5,2,7,100.21,inactive,5
CHEMBL4094887,N[C@H]1CC[C@](CCOc2cc(F)c(S(=O)(=O)Nc3ncns3)cc2F)(c2ccc(Cl)cc2)CC1,<rdkit.Chem.rdchem.Mol object at 0x00000227928A4040>,30000,529.034,4.8787,8,2,7,107.2,inactive,4.522878745
CHEMBL4077266,N[C@H]1CC[C@@](CCNc2cc(F)c(S(=O)(=O)Nc3nccs3)cc2Cl)(c2ccccc2)CC1,<rdkit.Chem.rdchem.Mol object at 0x00000227928A40B0>,30000,509.072,5.3777,8,3,6,97.11,inactive,4.522878745
CHEMBL4078268,N[C@H]1CC[C@@H](CNc2cc(F)c(S(=O)(=O)Nc3nccs3)cc2Cl)CC1,<rdkit.Chem.rdchem.Mol object at 0x00000227928A4120>,1900,418.947,3.6658,6,3,6,97.11,active,5.721246399
CHEMBL4091922,CN1CCC(CCNc2cc(F)c(S(=O)(=O)Nc3nccs3)cc2Cl)CC1,<rdkit.Chem.rdchem.Mol object at 0x00000227928A4190>,30000,432.974,3.8802,7,2,6,74.33,inactive,4.522878745
CHEMBL4103940,O=S(=O)(Nc1nccs1)c1cc(Cl)c(NCCC2CNC2)cc1F,<rdkit.Chem.rdchem.Mol object at 0x00000227928A4200>,30000,390.893,2.7578,7,3,6,83.12,inactive,4.522878745
CHEMBL4089010,O=S(=O)(Nc1nccs1)c1cc(Cl)c(NCC2CNCCO2)cc1F,<rdkit.Chem.rdchem.Mol object at 0x00000227928A4270>,30000,406.892,2.1367,6,3,7,92.35,inactive,4.522878745
CHEMBL4067257,CN1CCCC(CNc2cc(F)c(S(=O)(=O)Nc3nccs3)cc2Cl)C1,<rdkit.Chem.rdchem.Mol object at 0x00000227928A42E0>,30000,418.947,3.4901,6,2,6,74.33,inactive,4.522878745
CHEMBL4088795,COc1cc(-c2ccc(Cl)c(C)c2)c(F)cc1-c1nccc2cc(S(=O)(=O)Nc3ccon3)ccc12,<rdkit.Chem.rdchem.Mol object at 0x00000227928A4350>,10000,523.973,6.46712,6,1,6,94.32,inactive,5
CHEMBL4098941,COc1cc(-c2cc(F)cc(F)c2)c(F)cc1-c1nccc2cc(S(=O)(=O)Nc3ccon3)ccc12,<rdkit.Chem.rdchem.Mol object at 0x00000227928A43C0>,10000,511.481,5.7835,6,1,6,94.32,inactive,5
CHEMBL4078593,COc1cc(-c2cccc(F)c2)c(Cl)cc1-c1nccc2cc(S(=O)(=O)Nc3ncccn3)ccc12,<rdkit.Chem.rdchem.Mol object at 0x00000227928A4430>,10000,520.973,5.9607,6,1,6,94.07,inactive,5
CHEMBL4074359,O=S(=O)(Nc1ccncn1)c1cc(Cl)c(NCC23CCCN2CCC3)cc1F,<rdkit.Chem.rdchem.Mol object at 0x00000227928A44A0>,30000,425.917,3.1102,6,2,6,87.22,inactive,4.522878745
CHEMBL4082930,O=S(=O)(Nc1nccs1)c1cc(Cl)c(NC[C@]23CCCN2C[C@@H](F)C3)cc1F,<rdkit.Chem.rdchem.Mol object at 0x00000227928A4510>,5700,448.948,3.7247,6,2,6,74.33,inactive,5.244125144
CHEMBL4060266,O=C1COc2cc(S(=O)(=O)Nc3ncns3)ccc2N1Cc1ccccc1,<rdkit.Chem.rdchem.Mol object at 0x00000227928A4580>,30000,402.457,2.2645,5,1,7,101.49,inactive,4.522878745
CHEMBL2325619,Cc1[nH]ncc1-c1cc(C(F)(F)F)ccc1Oc1ccc(S(=O)(=O)Nc2ncns2)cc1C#N,<rdkit.Chem.rdchem.Mol object at 0x00000227928A45F0>,11102,506.491,4.7202,6,2,8,133.65,inactive,4.954598777
CHEMBL2324396,O=S(=O)(Nc1cscn1)c1cc(Cl)c(Oc2ccc(C(F)(F)F)cc2-c2ccnnc2)cc1F,<rdkit.Chem.rdchem.Mol object at 0x00000227928A4660>,22451,530.912,6.0045,6,1,7,94.07,inactive,4.64876431
CHEMBL4098747,O=S(=O)(Nc1nccs1)c1cc(Cl)c(NCCC2CCC3(CC2)OCCO3)cc1F,<rdkit.Chem.rdchem.Mol object at 0x00000227928A46D0>,348,475.995,4.4717,7,2,7,89.55,active,6.458420756
CHEMBL4076051,O=C(Nc1cccc(C(F)(F)F)c1-c1cccnc1)c1cccc(-c2ncccc2Cl)c1,<rdkit.Chem.rdchem.Mol object at 0x00000227928A4740>,520,453.851,6.7351,4,1,3,54.88,active,6.283996656
CHEMBL4129942,COc1cc(-c2n[nH]c(S(=O)(=O)C3CCC3)n2)c(F)cc1-c1cnc(OCC(C)C)c(Cl)c1,<rdkit.Chem.rdchem.Mol object at 0x00000227928A47B0>,1100,494.976,4.6958,8,1,7,107.06,active,5.958607315
CHEMBL4130208,O=S(=O)(CC1CC1)c1n[nH]c(-c2cc(F)c(-c3cnc(Oc4ccccc4C(F)(F)F)c(Cl)c3)cc2F)n1,<rdkit.Chem.rdchem.Mol object at 0x00000227928A4820>,13000,570.927,6.4601,7,1,6,97.83,inactive,4.886056648
CHEMBL4125756,C[C@]12CC[C@@H](O)C[C@H]1C[C@@H](N1CCC[C@@H](N)C1)[C@@H]2Oc1ccc(C#N)cc1,<rdkit.Chem.rdchem.Mol object at 0x00000227928A4890>,100000,369.509,2.66838,3,2,5,82.51,inactive,4
CHEMBL4129805,N#Cc1ccc(O[C@@H]2[C@H]3C4C[C@@H](CC4=O)[C@H]3C[C@H]2N2CCC[C@@H](N)C2)cc1,<rdkit.Chem.rdchem.Mol object at 0x00000227928A4900>,100000,365.477,2.34238,3,1,5,79.35,inactive,4
CHEMBL1627,CNC(=O)C(CCN1CCC(O)(c2ccc(Cl)cc2)CC1)(c1ccccc1)c1ccccc1,<rdkit.Chem.rdchem.Mol object at 0x00000227928A4970>,483,463.021,4.7458,7,2,3,52.57,active,6.316052869
CHEMBL4210118,O=S(=O)(Nc1ncns1)c1cc(F)c(OC2OCCNC2c2ccc(F)cc2)cc1F,<rdkit.Chem.rdchem.Mol object at 0x00000227928A49E0>,30000,472.47,2.8222,6,2,8,102.44,inactive,4.522878745
CHEMBL4206427,CC1(C)CN[C@H](c2cc(Cl)cc(Cl)c2)[C@@H](Oc2cc(F)c(S(=O)(=O)Nc3ncns3)cc2F)O1,<rdkit.Chem.rdchem.Mol object at 0x00000227928A4A50>,6000,551.424,4.7685,6,2,8,102.44,inactive,5.22184875
CHEMBL4283333,CN(Cc1ccccc1)C(=O)C(c1ccccc1)N1CCN(C(=O)c2cc(F)cc(F)c2)CC1,<rdkit.Chem.rdchem.Mol object at 0x00000227928A4AC0>,10000,463.528,4.1225,6,0,3,43.86,inactive,5
CHEMBL4290579,O=S(=O)(Nc1nnc2cc(OCC34CC5CC(CC(C5)C3)C4)c(C3CC3)cn12)C1CC1,<rdkit.Chem.rdchem.Mol object at 0x00000227928A4B30>,110,442.585,4.106,7,1,6,85.59,active,6.958607315
CHEMBL4277264,Cc1cc(Oc2nccc3occc23)ccc1-c1c(C)ncc2nccn12,<rdkit.Chem.rdchem.Mol object at 0x00000227928A4BA0>,1100,356.385,4.94664,3,0,6,65.45,active,5.958607315
CHEMBL4577928,O=C(O)CNC(=O)c1c(O)c2c(n(Cc3ccc(C(F)(F)F)cc3)c1=O)COC2,<rdkit.Chem.rdchem.Mol object at 0x00000227928A4C10>,30000,412.32,1.4656,5,3,6,117.86,inactive,4.522878745
CHEMBL4443673,Cn1cc(C2CCC2)c2ccc(C(=O)NS(=O)(=O)C3CC3)cc21,<rdkit.Chem.rdchem.Mol object at 0x00000227928A4C80>,6700,332.425,2.6678,4,1,4,68.17,inactive,5.173925197
CHEMBL4584289,Cc1cccc(-c2cn(C)c3cc(C(=O)NS(C)(=O)=O)ccc23)c1,<rdkit.Chem.rdchem.Mol object at 0x00000227928A4CF0>,30000,342.42,2.84312,3,1,4,68.17,inactive,4.522878745
CHEMBL4527346,Cn1cc(-c2ccc(C(F)(F)F)cc2)c2ccc(C(=O)NS(=O)(=O)C3CC3)cc21,<rdkit.Chem.rdchem.Mol object at 0x00000227928A4D60>,8400,422.428,4.0861,4,1,4,68.17,inactive,5.075720714
CHEMBL4581484,CC(C)COc1ncc(-c2cn(C)c3cc(C(=O)NS(C)(=O)=O)ccc23)cc1C#N,<rdkit.Chem.rdchem.Mol object at 0x00000227928A4DD0>,21000,426.498,2.83618,6,1,7,114.08,inactive,4.677780705
CHEMBL4442002,CC(C)COc1ncc(-c2cn(C)c3cc(C(=O)NS(=O)(=O)N(C)C)ccc23)cc1Cl,<rdkit.Chem.rdchem.Mol object at 0x00000227928A4E40>,6300,464.975,3.4647,7,1,6,93.53,inactive,5.200659451
CHEMBL4444425,CC(C)COc1ncc(-c2cn(CC(C)C)c3cc(C(=O)NS(=O)(=O)C4CC4)ccc23)cc1Cl,<rdkit.Chem.rdchem.Mol object at 0x00000227928A4EB0>,11000,504.052,5.2695,9,1,6,90.29,inactive,4.958607315
CHEMBL4473108,Cn1nc(-c2ccc(C(F)(F)F)cc2)c2ccc(C(=O)NS(C)(=O)=O)cc21,<rdkit.Chem.rdchem.Mol object at 0x00000227928A4F20>,30000,397.378,2.9485,3,1,5,81.06,inactive,4.522878745
CHEMBL4587465,CC(C)COc1ncc(-c2nn(C)c3cc(C(=O)NS(=O)(=O)C4CC4)ccc23)cc1Cl,<rdkit.Chem.rdchem.Mol object at 0x00000227928A4F90>,5900,462.959,3.5455,7,1,7,103.18,inactive,5.229147988
CHEMBL4454918,CC(C)COc1ccc(-c2nn(C)c3cc(C(=O)NS(C)(=O)=O)c(F)cc23)cn1,<rdkit.Chem.rdchem.Mol object at 0x00000227928A5000>,30000,420.466,2.4986,6,1,7,103.18,inactive,4.522878745
CHEMBL3682663,O=S(=O)(Nc1ncns1)c1ccc2c(-c3ccc(C(F)(F)F)c(Cl)c3)nccc2c1,<rdkit.Chem.rdchem.Mol object at 0x00000227928A5070>,27000,470.885,5.2263,4,1,6,84.84,inactive,4.568636236
CHEMBL4470763,CC(C)COc1ncc(-c2cc(F)c(C(=O)NS(C)(=O)=O)cc2F)cc1Cl,<rdkit.Chem.rdchem.Mol object at 0x00000227928A50E0>,30000,418.849,3.4044,6,1,5,85.36,inactive,4.522878745
CHEMBL4459717,COc1cc(C(=O)NS(C)(=O)=O)ccc1-c1cnc(Oc2cc(Cl)cc(Cl)c2)c(Cl)c1,<rdkit.Chem.rdchem.Mol object at 0x00000227928A5150>,6000,501.775,5.1991,6,1,6,94.59,inactive,5.22184875
CHEMBL4576210,COc1cc(C(=O)NS(C)(=O)=O)ccc1-c1cnc(Oc2cc(Cl)cc(Cl)c2)c(C(F)(F)F)c1,<rdkit.Chem.rdchem.Mol object at 0x00000227928A51C0>,2350,535.327,5.5645,6,1,6,94.59,active,5.628932138
CHEMBL4632563,O=S(=O)(Nc1ncccn1)c1ccc2c(c1)CC[C@@H]2c1ccc(C(F)(F)F)cc1N1CCOCC1,<rdkit.Chem.rdchem.Mol object at 0x00000227928A5230>,2792,504.534,4.2109,5,1,6,84.42,active,5.554084586
CHEMBL4169078,N#Cc1cnc(Nc2cc(NC[C@H]3CNCCO3)c(C(F)(F)F)cn2)cn1,<rdkit.Chem.rdchem.Mol object at 0x00000227928A52A0>,10000,379.346,1.90598,5,3,8,107.78,inactive,5
CHEMBL4849208,O=S(=O)(Nc1nncs1)c1cc(F)c(O[C@H]2CCN(CC(F)(F)F)C[C@@H]2c2ccccc2)cc1F,<rdkit.Chem.rdchem.Mol object at 0x00000227928A5310>,25050,534.532,4.4163,7,1,7,84.42,inactive,4.60119227
CHEMBL4863596,O=S(=O)(Nc1ncccc1F)c1cc(F)c(O[C@H]2CCN(CC(F)(F)F)C[C@@H]2c2ccccc2)cc1F,<rdkit.Chem.rdchem.Mol object at 0x00000227928A5380>,5040,545.505,5.0989,7,1,5,71.53,inactive,5.297569464
CHEMBL4865549,CS(=O)(=O)c1cccc([C@H]2CN(CC(F)(F)F)CC[C@@H]2Oc2cc(F)c(S(=O)(=O)Nc3cccc(F)n3)cc2F)c1,<rdkit.Chem.rdchem.Mol object at 0x00000227928A53F0>,30000,623.597,4.5024,8,1,7,105.67,inactive,4.522878745
CHEMBL5196338,N#Cc1ccc(Oc2ccc3c(ccc(=O)n3CCN3CCCCC3)c2)cc1,<rdkit.Chem.rdchem.Mol object at 0x00000227928A5460>,1600,373.456,4.15138,5,0,5,58.26,active,5.795880017
CHEMBL3896057,O=C(NC1CCOC1=O)c1ccc2cc(Oc3ccc(C(F)(F)F)cn3)ccc2n1,<rdkit.Chem.rdchem.Mol object at 0x00000227928A54D0>,33000,417.343,3.4862,4,1,6,90.41,inactive,4.48148606
CHEMBL3969113,O=C(NC1CC(F)(F)C1)c1ccc2cc(Oc3ccc(C(F)(F)F)cn3)ccc2n1,<rdkit.Chem.rdchem.Mol object at 0x00000227928A5540>,33000,423.341,4.9684,4,1,4,64.11,inactive,4.48148606
CHEMBL3947741,CS(=O)(=O)C1CN(C(=O)c2ccc3cc(Oc4ccc(C(F)(F)F)cn4)ccc3n2)C1,<rdkit.Chem.rdchem.Mol object at 0x00000227928A55B0>,8080,451.426,3.3099,4,0,6,89.46,inactive,5.092588639
CHEMBL3970885,O=C(c1ccc2cc(Oc3ccc(C(F)(F)F)cn3)ccc2n1)N1CC[C@@H](F)C1,<rdkit.Chem.rdchem.Mol object at 0x00000227928A5620>,33000,405.351,4.6249,3,0,4,55.32,inactive,4.48148606
CHEMBL5078078,CC(C)(O)c1ccc(N2Cc3c(ccnc3-c3ccc(F)cc3OCC(F)(F)F)C2=O)cc1,<rdkit.Chem.rdchem.Mol object at 0x00000227928A5690>,10000,460.427,5.2166,5,1,4,62.66,inactive,5
CHEMBL5432266,COc1cc(C(C)C(=O)N2CC[C@@]3(COc4cc(-c5ncccn5)c(C)nc4N3)C2)c(F)cn1,<rdkit.Chem.rdchem.Mol object at 0x00000227928A5700>,100000,464.501,2.96882,4,1,8,102.36,inactive,4
CHEMBL5412537,CCNC1=NC(=Nc2c(Cl)cccc2Cl)CN1,<rdkit.Chem.rdchem.Mol object at 0x00000227928A5770>,30000,271.151,2.5921,2,2,3,48.78,inactive,4.522878745
CHEMBL5437318,CCNc1cc(OC)cc(Nc2c(CC)cccc2CC)n1,<rdkit.Chem.rdchem.Mol object at 0x00000227928A57E0>,3700,299.418,4.3904,7,2,4,46.18,active,5.431798276
CHEMBL4109210,Cn1cc(-c2cc(C(N)=O)nc3cc(CN4CCO[C@@H](C(F)(F)F)C4)ccc23)cn1,<rdkit.Chem.rdchem.Mol object at 0x00000227928A5850>,30000,419.407,2.4973,4,1,6,86.27,inactive,4.522878745
CHEMBL4111091,C[C@@H]1CN(Cc2ccc3c(-c4cnn(C)c4)cc(C(N)=O)nc3c2)C[C@H](C(F)(F)F)O1,<rdkit.Chem.rdchem.Mol object at 0x00000227928A58C0>,30000,433.434,2.8858,4,1,6,86.27,inactive,4.522878745
CHEMBL421032,COc1ccc2[nH]cc(CCN=C(N)NC(=O)c3ccc(C)cc3)c2c1,<rdkit.Chem.rdchem.Mol object at 0x00000227928A5930>,1760,350.422,2.77212,5,3,3,92.5,active,5.754487332
CHEMBL321883,COc1ccc(C(=O)N=C(N)NCCCCc2ccccc2)cc1,<rdkit.Chem.rdchem.Mol object at 0x00000227928A59A0>,2100,325.412,2.7626,7,2,2,76.71,active,5.677780705
CHEMBL108361,N=C(NCCCCc1ccccc1)NC(=O)c1cccs1,<rdkit.Chem.rdchem.Mol object at 0x00000227928A5A10>,2350,301.415,3.02517,6,3,3,64.98,active,5.628932138
CHEMBL482637,CS(=O)(=O)c1ccc2c(c1)CCC1(CCCN(C(=O)N[C@H]3C[C@@H]3c3ccccc3)CC1)O2,<rdkit.Chem.rdchem.Mol object at 0x00000227928A5A80>,10000,454.592,3.9055,3,1,4,75.71,inactive,5
CHEMBL495993,O=C1CC2(CCN(C(=O)N[C@H]3C[C@@H]3c3ccccc3)CC2)Oc2cccnc21,<rdkit.Chem.rdchem.Mol object at 0x00000227928A5AF0>,10000,377.444,3.1471,2,1,4,71.53,inactive,5
CHEMBL562869,Cn1cc(C2CCN(C(=O)NC3CC3c3ccccc3)CC2)nn1,<rdkit.Chem.rdchem.Mol object at 0x00000227928A5B60>,10000,325.416,2.2602,3,1,4,63.05,inactive,5
CHEMBL550652,Cn1cnnc1C1CCN(C(=O)NC2CC2c2ccccc2)CC1,<rdkit.Chem.rdchem.Mol object at 0x00000227928A5BD0>,10000,325.416,2.2602,3,1,4,63.05,inactive,5
CHEMBL563732,O=C(NC1CC1c1ccccc1)N1CCC(n2cncn2)CC1,<rdkit.Chem.rdchem.Mol object at 0x00000227928A5C40>,10000,311.389,2.1807,3,1,4,63.05,inactive,5
CHEMBL561788,O=C(NC1CC1c1ccccc1)N1CCC(c2nc(-c3ccccc3C(F)(F)F)no2)CC1,<rdkit.Chem.rdchem.Mol object at 0x00000227928A5CB0>,10000,456.468,5.2005,4,1,4,71.26,inactive,5
CHEMBL1081703,CC1(c2ccccc2)CCCN(C(=O)NCc2ccc(-c3ccccn3)cc2)C1,<rdkit.Chem.rdchem.Mol object at 0x00000227928A5D20>,10000,385.511,5.0119,4,1,2,45.23,inactive,5
CHEMBL1078337,O=C(O)CCC1(c2cccnc2)CCCN(C(=O)Nc2ccc(Cl)cc2)C1,<rdkit.Chem.rdchem.Mol object at 0x00000227928A5D90>,10000,387.867,4.1655,5,2,3,82.53,inactive,5
CHEMBL1631095,NC(=O)c1cc(C(N)=O)n(-c2cccc(-c3cc(C(F)(F)F)ccc3C(F)(F)F)c2)n1,<rdkit.Chem.rdchem.Mol object at 0x00000227928A5E00>,1320,442.319,3.7747,4,2,4,104,active,5.879426069
CHEMBL1797401,Cc1cccc(C)c1-c1noc(C)c1NC(=O)NCc1c(F)cccc1Cl,<rdkit.Chem.rdchem.Mol object at 0x00000227928A5E70>,10471.29,387.842,5.38106,4,2,3,67.16,inactive,4.979999813
CHEMBL1797391,Cc1onc(-c2c(Cl)cccc2Cl)c1NC(=O)OCc1ccc(OC(C)C)nc1,<rdkit.Chem.rdchem.Mol object at 0x00000227928A5EE0>,8709.64,436.295,5.88772,6,1,6,86.48,inactive,5.059999796
CHEMBL1813050,CC(=O)Nc1cccc(Nc2ncnc(N3CCC(Oc4ccc(OC(F)(F)F)cc4)CC3)n2)c1C,<rdkit.Chem.rdchem.Mol object at 0x00000227928A5F50>,300,502.497,4.82842,7,2,8,101.5,active,6.522878745
CHEMBL1958460,CCCCCCCC(O)(C(N)=O)c1cccc(Cl)c1,<rdkit.Chem.rdchem.Mol object at 0x00000227928A5FC0>,5780,283.799,3.3734,8,2,2,63.32,inactive,5.238072162
CHEMBL2011946,Nc1cncc(Nc2ccc(Oc3ccc(Cl)cc3)cc2)c1,<rdkit.Chem.rdchem.Mol object at 0x00000227928A6030>,11800,311.772,4.8531,4,2,4,60.17,inactive,4.928117993
CHEMBL2012014,Nc1ccnc(Nc2ccc(Oc3ccc(Cl)cc3)cc2)c1,<rdkit.Chem.rdchem.Mol object at 0x00000227928A60A0>,1400,311.772,4.8531,4,2,4,60.17,active,5.853871964
CHEMBL2012179,Cc1cn(Cc2ccccc2)c2ncnc(OC3CCN(Cc4cscn4)CC3)c12,<rdkit.Chem.rdchem.Mol object at 0x00000227928A6110>,50,419.554,4.28792,6,0,7,56.07,active,7.301029996
CHEMBL2012180,Fc1cn(Cc2ccccc2)c2ncnc(OC3CCN(Cc4cscn4)CC3)c12,<rdkit.Chem.rdchem.Mol object at 0x00000227928A6180>,30,423.517,4.1186,6,0,7,56.07,active,7.522878745
CHEMBL2012250,CC1(C)C(=O)N(Cc2ccccc2)c2ncnc(OC3CCN(Cc4cscn4)CC3)c21,<rdkit.Chem.rdchem.Mol object at 0x00000227928A61F0>,130,449.58,3.8009,6,0,7,71.45,active,6.886056648
CHEMBL2012267,Cc1ccc(Cn2ccc3c(OC4CCN(Cc5cscn5)CC4)ncnc32)cc1,<rdkit.Chem.rdchem.Mol object at 0x00000227928A6260>,2200,419.554,4.28792,6,0,7,56.07,active,5.657577319
CHEMBL2012280,c1ccc(Cn2ccc3c(OC4CCN(Cc5c[nH]cn5)CC4)ncnc32)cc1,<rdkit.Chem.rdchem.Mol object at 0x00000227928A62D0>,2700,388.475,3.2461,6,1,6,71.86,active,5.568636236
CHEMBL2012291,Cc1ccc(CN2CCC(Oc3ncnc4c3ccn4Cc3ccccc3)CC2)nc1,<rdkit.Chem.rdchem.Mol object at 0x00000227928A6340>,60,413.525,4.22642,6,0,6,56.07,active,7.22184875
CHEMBL2012292,Cc1ccnc(CN2CCC(Oc3ncnc4c3ccn4Cc3ccccc3)CC2)c1,<rdkit.Chem.rdchem.Mol object at 0x00000227928A63B0>,40,413.525,4.22642,6,0,6,56.07,active,7.397940009
CHEMBL2012299,Fc1cccc(Cn2ccc3c(OC4CCN(Cc5ccccn5)CC4)ncnc32)c1F,<rdkit.Chem.rdchem.Mol object at 0x00000227928A6420>,20,435.478,4.1962,6,0,6,56.07,active,7.698970004
CHEMBL2035983,C[C@@]1(c2cc(F)cc(F)c2)CNC2(CCCC2)C(=O)N1CC(=O)Nc1cnc2c(c1)C[C@@]1(C2)C(=O)Nc2ncccc21,<rdkit.Chem.rdchem.Mol object at 0x00000227928A6490>,20000,572.616,3.342,4,3,6,116.32,inactive,4.698970004
CHEMBL2069400,CN1CCN(c2cccc3c2C[C@H](NC(=O)c2ccc(OC(F)(F)F)cc2)CO3)CC1,<rdkit.Chem.rdchem.Mol object at 0x00000227928A6500>,1995.26,435.446,3.0705,4,1,5,54.04,active,5.700000504
CHEMBL2069403,Cc1nn(-c2ccccc2)nc1C(=O)N[C@@H]1COc2cccc(N3CCN(C)CC3)c2C1,<rdkit.Chem.rdchem.Mol object at 0x00000227928A6570>,5011.87,432.528,2.06102,4,1,7,75.52,inactive,5.300000202
CHEMBL2069406,O=C(N[C@@H]1COc2cccc(-c3cccnc3)c2C1)c1ccc(OC(F)(F)F)cc1,<rdkit.Chem.rdchem.Mol object at 0x00000227928A65E0>,3162.28,414.383,4.3807,4,1,4,60.45,active,5.499999679
CHEMBL2147308,COc1cnc(-c2c(F)ccc(F)c2CCNC(=O)c2ccc(COCC(F)(F)F)nc2)cn1,<rdkit.Chem.rdchem.Mol object at 0x00000227928A6650>,1584.89,482.409,3.8768,9,1,6,86.23,active,5.800000875
CHEMBL2164040,COc1cccc2c(C(=O)NCc3ccc(OC(F)(F)F)cc3)n(CCc3ccccn3)c(O)c12,<rdkit.Chem.rdchem.Mol object at 0x00000227928A66C0>,8500,485.462,4.8218,8,2,6,85.61,inactive,5.070581074
CHEMBL2164369,Cc1cccc2c(O)n(CCc3ccccn3)c(C(=O)NCc3ccc(OC(F)(F)F)cc3)c12,<rdkit.Chem.rdchem.Mol object at 0x00000227928A6730>,4700,469.463,5.12162,7,2,5,76.38,active,5.327902142
CHEMBL2164360,CC(Cc1ccccn1)n1c(O)c2ccccc2c1C(=O)NCc1ccc(OC(F)(F)F)cc1,<rdkit.Chem.rdchem.Mol object at 0x00000227928A67A0>,4000,469.463,5.3742,7,2,5,76.38,active,5.397940009
CHEMBL2164356,Cc1cccc(CCn2c(O)c3ccccc3c2C(=O)NCc2ccc(OC(F)(F)F)cc2)n1,<rdkit.Chem.rdchem.Mol object at 0x00000227928A6810>,1900,469.463,5.12162,7,2,5,76.38,active,5.721246399
CHEMBL2164378,O=C(NCc1ccc(OC(F)(F)F)cc1)c1c2ccccc2c(O)n1CCC(F)(F)F,<rdkit.Chem.rdchem.Mol object at 0x00000227928A6880>,19000,446.347,5.1279,6,2,4,63.49,inactive,4.721246399
CHEMBL2164377,O=C(NCc1ccc(OC(F)(F)F)cc1)c1c2ccccc2c(O)n1CC1CC(F)(F)C1,<rdkit.Chem.rdchem.Mol object at 0x00000227928A68F0>,18000,454.395,5.2208,6,2,4,63.49,inactive,4.744727495
CHEMBL2164392,O=C(NCc1ccc(OCC(F)(F)F)cc1)c1c2ccccc2c(O)n1CCc1ccccn1,<rdkit.Chem.rdchem.Mol object at 0x00000227928A6960>,8900,469.463,4.8557,8,2,5,76.38,inactive,5.050609993
CHEMBL2164390,O=C(NCc1cccc(OC(F)(F)F)c1)c1c2ccccc2c(O)n1CCc1ccccn1,<rdkit.Chem.rdchem.Mol object at 0x00000227928A69D0>,2800,455.436,4.8132,7,2,5,76.38,active,5.552841969
CHEMBL2409408,COc1cc2nnc(C(N)=O)c(Nc3ccc(C)cc3F)c2cc1N1CCN(C(=O)C(C)O)CC1,<rdkit.Chem.rdchem.Mol object at 0x00000227928A6A40>,30000,482.516,1.95782,6,3,8,133.91,inactive,4.522878745
CHEMBL2409309,CCOc1cc2ncc(C(N)=O)c(Nc3ccc(F)cc3F)c2cc1C1CCN(C)CC1,<rdkit.Chem.rdchem.Mol object at 0x00000227928A6AB0>,30000,440.494,4.5634,6,2,5,80.48,inactive,4.522878745
CHEMBL2409402,COc1cc2nnc(C(N)=O)c(Nc3ccc(C)cc3F)c2cc1N1CCCN(CCO)CC1,<rdkit.Chem.rdchem.Mol object at 0x00000227928A6B20>,27000,468.533,2.43282,7,3,8,116.84,inactive,4.568636236
CHEMBL481806,CCOc1cc2ncc(C(N)=O)c(Nc3ccc(F)cc3F)c2cc1N1CCN(C)CC1,<rdkit.Chem.rdchem.Mol object at 0x00000227928A6B90>,14000,441.482,3.506,6,2,6,83.72,inactive,4.853871964
CHEMBL3085869,Cn1cccc1C(=O)N[C@H]1CCc2nc(N)sc2C1,<rdkit.Chem.rdchem.Mol object at 0x00000227928A6C00>,30000,276.365,1.3511,2,2,5,72.94,inactive,4.522878745
CHEMBL3085875,Nc1nc2c(s1)CC(CNC(=O)c1cc3ccccc3[nH]1)CC2,<rdkit.Chem.rdchem.Mol object at 0x00000227928A6C70>,30000,326.425,2.7415,3,3,4,83.8,inactive,4.522878745
CHEMBL3322761,COc1ccc2c(c1)NC1(CCN(C(=O)OCc3ccccc3)CC1)c1cccn1-2,<rdkit.Chem.rdchem.Mol object at 0x00000227928A6CE0>,6882,403.482,4.5393,3,1,5,55.73,inactive,5.162285332
CHEMBL3322765,COc1ccc2c(c1)NC1(CCN(C(=O)Nc3ccc(C#N)cc3)CC1)c1cccn1-2,<rdkit.Chem.rdchem.Mol object at 0x00000227928A6D50>,30000,413.481,4.30628,2,2,5,82.32,inactive,4.522878745
CHEMBL3322758,COc1ccc2c(c1)NC1(CCN(C(=O)c3cccc(C)c3)CC1)c1cccn1-2,<rdkit.Chem.rdchem.Mol object at 0x00000227928A6DC0>,7172,387.483,4.35132,2,1,4,46.5,inactive,5.144359719
CHEMBL2165063,COc1ccc2ncc(=O)n(CCN3CCC(NCc4ccc5c(n4)NC(=O)CO5)CC3)c2c1,<rdkit.Chem.rdchem.Mol object at 0x00000227928A6E30>,100000,464.526,1.3852,7,2,9,110.61,inactive,4
CHEMBL3355575,COc1cnc2ccc(=O)n(C[C@H](N)[C@H]3CC[C@H](NCc4ccc5c(n4)NC(=O)CO5)CC3)c2c1,<rdkit.Chem.rdchem.Mol object at 0x00000227928A6EA0>,333000,478.553,1.8069,7,3,9,133.39,inactive,3.477555766
CHEMBL3325530,O=S(=O)(Nc1ncns1)c1cc(F)c(OCC2(F)CNCCC2c2ccc(F)cc2)cc1F,<rdkit.Chem.rdchem.Mol object at 0x00000227928A6F10>,10000,502.515,3.6204,7,2,7,93.21,inactive,5
CHEMBL3325538,O=S(=O)(Nc1ncns1)c1cc(F)c(OC[C@@H]2CN(CCF)CC[C@H]2c2ccc(Cl)cc2)cc1F,<rdkit.Chem.rdchem.Mol object at 0x00000227928A6F80>,10000,547.024,4.7245,9,1,7,84.42,inactive,5
CHEMBL3337585,COc1ccc(C(=O)N2CCC3(CC2)Nc2cc(C(F)(F)F)ccc2-n2cccc23)cc1N(C)C,<rdkit.Chem.rdchem.Mol object at 0x00000227928A6FF0>,217,484.522,5.1277,3,1,5,49.74,active,6.663540266
CHEMBL3337594,COc1ccc2c(c1)NC1(CCN(C(=O)c3ccc4c(c3)N(C)CCO4)CC1)c1cccn1-2,<rdkit.Chem.rdchem.Mol object at 0x00000227928A7060>,1138,444.535,3.8715,2,1,6,58.97,active,5.943857738
CHEMBL3337597,COc1ccc2c(c1)NC1(CCN(C(=O)c3ccc4ncccc4c3)CC1)c1cccn1-2,<rdkit.Chem.rdchem.Mol object at 0x00000227928A70D0>,1034,424.504,4.5911,2,1,5,59.39,active,5.985479461
CHEMBL3337599,COc1ccc2c(c1)NC1(CCN(C(=O)c3ccc4ccccc4n3)CC1)c1cccn1-2,<rdkit.Chem.rdchem.Mol object at 0x00000227928A7140>,419,424.504,4.5911,2,1,5,59.39,active,6.377785977
CHEMBL3337600,COc1ccc2c(c1)NC1(CCN(C(=O)c3ccc4cccnc4c3)CC1)c1cccn1-2,<rdkit.Chem.rdchem.Mol object at 0x00000227928A71B0>,1732,424.504,4.5911,2,1,5,59.39,active,5.761452112
CHEMBL1729,COc1cc(N)c(Cl)cc1C(=O)NC1CCN(CCCOc2ccc(F)cc2)CC1OC,<rdkit.Chem.rdchem.Mol object at 0x00000227928A7220>,14700,465.953,3.3581,9,2,6,86.05,inactive,4.832682665
CHEMBL554,CS(=O)(=O)CCNCc1ccc(-c2ccc3ncnc(Nc4ccc(OCc5cccc(F)c5)c(Cl)c4)c3c2)o1,<rdkit.Chem.rdchem.Mol object at 0x00000227928A7290>,3162277.66,581.069,6.1391,11,2,8,106.35,inactive,2.5
CHEMBL3634335,COc1cccc(OCC(O)CN2CCC(N3Cc4ccccc4C3=O)CC2)c1,<rdkit.Chem.rdchem.Mol object at 0x00000227928A7300>,10000,396.487,2.5553,7,1,5,62.24,inactive,5
CHEMBL3632696,O=C(NC1CCN(CC(O)COc2ccc(C(F)(F)F)cc2)CC1)c1ccccc1,<rdkit.Chem.rdchem.Mol object at 0x00000227928A7370>,1100,422.447,3.3395,7,2,4,61.8,active,5.958607315
CHEMBL3657921,CN(C)S(=O)(=O)NC(=O)c1cc(Cl)c(OC2CC3CC2C2CCCC32)cc1F,<rdkit.Chem.rdchem.Mol object at 0x00000227928A73E0>,7820,430.929,3.2188,5,1,4,75.71,inactive,5.106793247
CHEMBL3683227,COc1cc(C(F)(F)F)ccc1-c1cccc2c1CCN(S(=O)(=O)Nc1ncns1)C2,<rdkit.Chem.rdchem.Mol object at 0x00000227928A7450>,10000,470.498,3.9475,5,1,6,84.42,inactive,5
CHEMBL3683199,O=S(=O)(Nc1ncns1)N1CCc2c(cccc2-c2ccc(Cl)cc2)C1,<rdkit.Chem.rdchem.Mol object at 0x00000227928A74C0>,10000,406.92,3.5735,4,1,5,75.19,inactive,5
CHEMBL3704443,Cn1nccc1-c1cn(C)c2cc(S(=O)(=O)Nc3ncns3)ccc12,<rdkit.Chem.rdchem.Mol object at 0x00000227928A7530>,10000,374.451,2.2311,4,1,8,94.7,inactive,5
CHEMBL3704415,Cn1cc(-c2ccc(C(F)(F)F)cc2Cl)c2ccc(S(=O)(=O)Nc3ncns3)cc21,<rdkit.Chem.rdchem.Mol object at 0x00000227928A75A0>,10000,472.901,5.1698,4,1,6,76.88,inactive,5
CHEMBL3657838,O=C(NS(=O)(=O)N1CC(O)C1)c1cc(C2CC2)c(OCC23CC4CC(CC(C4)C2)C3)cc1F,<rdkit.Chem.rdchem.Mol object at 0x00000227928A7610>,60.6,478.586,2.9494,7,2,5,95.94,active,7.217527376
CHEMBL3704452,Cn1nccc1-c1cc(Cl)ccc1-n1cnc2cc(S(=O)(=O)Nc3ncns3)ccc21,<rdkit.Chem.rdchem.Mol object at 0x00000227928A7680>,10000,471.955,3.7317,5,1,9,107.59,inactive,5
CHEMBL3683237,CN1CC=C(c2cc(Cl)cc(F)c2-c2cccc3c2CCN(S(=O)(=O)Nc2ncc(F)s2)C3)CC1,<rdkit.Chem.rdchem.Mol object at 0x00000227928A76F0>,10000,537.057,5.1756,5,1,5,65.54,inactive,5
CHEMBL3704400,CC(C)n1cc(-c2ccc(C(F)(F)F)cc2-c2ccnn2C)c2ccc(S(=O)(=O)Nc3ncns3)cc21,<rdkit.Chem.rdchem.Mol object at 0x00000227928A7760>,10000,546.6,5.9608,6,1,8,94.7,inactive,5
CHEMBL3704432,COc1ccc(-c2cn(C)c3cc(S(=O)(=O)Nc4ncns4)ccc23)c(Cl)c1,<rdkit.Chem.rdchem.Mol object at 0x00000227928A77D0>,10000,434.93,4.1596,5,1,7,86.11,inactive,5
CHEMBL3799838,O=C1N(Cc2ncco2)CCN1c1cccc2c1cnn2-c1ccccc1F,<rdkit.Chem.rdchem.Mol object at 0x00000227928A7840>,14200,377.379,3.5948,4,0,5,67.4,inactive,4.847711656
CHEMBL3901114,COc1cc(C(F)(F)F)ccc1-c1cccc2cc(S(=O)(=O)Nc3ncccn3)ccc12,<rdkit.Chem.rdchem.Mol object at 0x00000227928A78B0>,30000,459.449,5.125,5,1,5,81.18,inactive,4.522878745
CHEMBL3903475,Cc1cn(-c2ccc(-c3cn(CC(=O)Nc4cccc(Cl)c4Cl)nn3)cc2F)cn1,<rdkit.Chem.rdchem.Mol object at 0x00000227928A7920>,30000,445.285,4.52382,5,1,6,77.63,inactive,4.522878745
CHEMBL3980898,CO[C@H]1C[C@H](Oc2cc(F)c(F)c(-c3ccc4c(c3)CC[C@H](CCC(=O)O)O4)n2)C1,<rdkit.Chem.rdchem.Mol object at 0x00000227928A7990>,27000,419.424,4.1414,7,1,5,77.88,inactive,4.568636236
CHEMBL3682642,Nc1cc(Cl)ccc1-c1cccc2cc(S(=O)(=O)Nc3ncns3)ccc12,<rdkit.Chem.rdchem.Mol object at 0x00000227928A7A00>,30000,416.915,4.3947,4,2,6,97.97,inactive,4.522878745
CHEMBL3682651,O=S(=O)(Nc1ncns1)c1ccc2c(-c3ccc(Cl)cc3Cl)cccc2c1,<rdkit.Chem.rdchem.Mol object at 0x00000227928A7A70>,30000,436.345,5.4659,4,1,5,71.95,inactive,4.522878745
CHEMBL3687547,COc1cc(C(F)F)c(Cl)cc1-c1ncnc2cc(S(=O)(=O)Nc3nccs3)ccc12,<rdkit.Chem.rdchem.Mol object at 0x00000227928A7AE0>,7440,482.921,5.1537,6,1,7,94.07,inactive,5.128427064
CHEMBL3687566,COc1ccccc1-c1cncc2cc(S(=O)(=O)Nc3nccs3)ccc12,<rdkit.Chem.rdchem.Mol object at 0x00000227928A7B50>,30000,397.481,4.1677,5,1,6,81.18,inactive,4.522878745
CHEMBL3687614,COc1cc(-c2cccc(F)c2)c(C#N)cc1-c1nccc2cc(S(=O)(=O)Nc3nncs3)ccc12,<rdkit.Chem.rdchem.Mol object at 0x00000227928A7BC0>,30000,517.567,5.24048,6,1,8,117.86,inactive,4.522878745
CHEMBL3687617,COc1ccc(-c2cccc(C(F)(F)F)c2)cc1-c1nccc2cc(S(=O)(=O)Nc3nncs3)ccc12,<rdkit.Chem.rdchem.Mol object at 0x00000227928A7C30>,30000,542.564,6.2485,6,1,7,94.07,inactive,4.522878745
CHEMBL3687635,COc1cc(-c2ccc(F)c(F)c2)c(F)cc1-c1nccc2cc(S(=O)(=O)Nc3nncs3)ccc12,<rdkit.Chem.rdchem.Mol object at 0x00000227928A7CA0>,30000,528.537,5.647,6,1,7,94.07,inactive,4.522878745
CHEMBL3687636,COc1cc(-c2cccc(F)c2)c(F)cc1-c1nccc2cc(S(=O)(=O)Nc3nncs3)ccc12,<rdkit.Chem.rdchem.Mol object at 0x00000227928A7D10>,30000,510.547,5.5079,6,1,7,94.07,inactive,4.522878745
CHEMBL3687638,COc1cc(Cl)ccc1-c1nccc2cc(S(=O)(=O)Nc3ncns3)ccc12,<rdkit.Chem.rdchem.Mol object at 0x00000227928A7D80>,30000,432.914,4.2161,5,1,7,94.07,inactive,4.522878745
CHEMBL3687641,COc1cc(-c2cc(F)cc(F)c2)ccc1-c1nccc2cc(S(=O)(=O)Nc3cc(C)ncn3)ccc12,<rdkit.Chem.rdchem.Mol object at 0x00000227928A7DF0>,30000,518.545,5.75482,6,1,6,94.07,inactive,4.522878745
CHEMBL3687672,COc1cc(C(F)(F)F)ccc1-c1nccc2cc(S(=O)(=O)Nc3nc(C#N)cs3)ccc12,<rdkit.Chem.rdchem.Mol object at 0x00000227928A7E60>,30000,490.488,5.05818,5,1,7,104.97,inactive,4.522878745
CHEMBL3687708,COc1cc(-c2ccc(C)c(F)c2)ccc1-c1nccc2cc(S(=O)(=O)Nc3ccncn3)ccc12,<rdkit.Chem.rdchem.Mol object at 0x00000227928A7ED0>,30000,500.555,5.61572,6,1,6,94.07,inactive,4.522878745
CHEMBL3692161,COc1cc(C(F)(F)F)ccc1-c1nccc2cc(S(=O)(=O)Nc3cscn3)ccc12,<rdkit.Chem.rdchem.Mol object at 0x00000227928A7F40>,30000,465.478,5.1865,5,1,6,81.18,inactive,4.522878745
CHEMBL3692163,COc1ccc(Cl)cc1-c1n[nH]c(=O)c2cc(S(=O)(=O)Nc3nccs3)ccc12,<rdkit.Chem.rdchem.Mol object at 0x00000227928A0040>,30000,448.913,3.5094,5,2,7,114.04,inactive,4.522878745
CHEMBL3687750,COc1cc(-c2cccc(C(F)(F)F)c2)ccc1-c1ncnc2cc(S(=O)(=O)Nc3ccncn3)ccc12,<rdkit.Chem.rdchem.Mol object at 0x00000227928A00B0>,30000,537.523,5.582,6,1,7,106.96,inactive,4.522878745
CHEMBL3975631,COc1cc(-c2cccc(F)c2)c(Cl)cc1-n1c(=O)ccc2cc(S(=O)(=O)Nc3ccncn3)ccc21,<rdkit.Chem.rdchem.Mol object at 0x00000227928A0120>,30000,536.972,5.0496,6,1,7,103.18,inactive,4.522878745
CHEMBL3908970,COc1cc(Cl)cc(-c2cc(OC)c(-n3c(=O)ccc4cc(S(=O)(=O)Nc5ncccn5)ccc43)cc2F)c1,<rdkit.Chem.rdchem.Mol object at 0x00000227928A0190>,10000,566.998,5.0582,7,1,8,112.41,inactive,5
CHEMBL3902709,O=S(=O)(Nc1ncns1)c1ccc2c(c1)OCCN2c1ccc(C(F)(F)F)cc1-c1cn[nH]c1,<rdkit.Chem.rdchem.Mol object at 0x00000227928A0200>,944,508.507,4.2783,5,2,8,113.1,active,6.025028006
CHEMBL3922400,O=S(=O)(Nc1ncns1)c1ccc2c(c1)OCCN2c1ccc(C(F)(F)F)cc1C1=CCNCC1,<rdkit.Chem.rdchem.Mol object at 0x00000227928A0270>,349,523.562,4.2649,5,2,8,96.45,active,6.457174573
CHEMBL3937730,O=S(=O)(Nc1ncns1)c1ccc2c(c1)OCCN2c1ccc(C(F)(F)F)cc1-c1cncnc1,<rdkit.Chem.rdchem.Mol object at 0x00000227928A02E0>,5410,520.518,4.3452,5,1,9,110.2,inactive,5.266802735
CHEMBL3960584,O=S(=O)(Nc1nccs1)c1ccc2c(c1)OCCN2c1ccc(C(F)(F)F)cc1Br,<rdkit.Chem.rdchem.Mol object at 0x00000227928A0350>,1850,520.352,5.2557,4,1,6,71.53,active,5.732828272
CHEMBL3959387,O=S(=O)(Nc1ccccn1)c1ccc2c(c1)OCCN2c1ccc(C(F)(F)F)cc1C1=CCNCC1,<rdkit.Chem.rdchem.Mol object at 0x00000227928A03C0>,10000,516.545,4.8084,5,2,6,83.56,inactive,5
CHEMBL3935962,Cc1ccc2cnccc2c1N1CCOc2cc(S(=O)(=O)Nc3nccs3)ccc21,<rdkit.Chem.rdchem.Mol object at 0x00000227928A0430>,10000,438.534,4.33102,4,1,7,84.42,inactive,5
CHEMBL3934058,Cc1c(F)cccc1N1CCOc2cc(S(=O)(=O)Nc3nccs3)ccc21,<rdkit.Chem.rdchem.Mol object at 0x00000227928A04A0>,10000,405.476,3.92192,4,1,6,71.53,inactive,5
CHEMBL3928626,Cc1ccc(F)c(N2CCOc3cc(S(=O)(=O)Nc4nccs4)ccc32)c1,<rdkit.Chem.rdchem.Mol object at 0x00000227928A0510>,5640,405.476,3.92192,4,1,6,71.53,inactive,5.248720896
CHEMBL3955185,Cc1ccc(N2CCOc3cc(S(=O)(=O)Nc4nccs4)ccc32)cc1F,<rdkit.Chem.rdchem.Mol object at 0x00000227928A0580>,10000,405.476,3.92192,4,1,6,71.53,inactive,5
CHEMBL3966862,O=S(=O)(Nc1cnccn1)c1ccc2c(c1)OCCN2c1ccc(C(F)(F)F)cc1C1=CCNCC1,<rdkit.Chem.rdchem.Mol object at 0x00000227928A05F0>,10000,517.533,4.2034,5,2,7,96.45,inactive,5
CHEMBL3919229,N#Cc1cc(C(F)(F)F)ccc1N1CCOc2cc(S(=O)(=O)Nc3ccno3)ccc21,<rdkit.Chem.rdchem.Mol object at 0x00000227928A0660>,10000,450.398,3.89638,4,1,7,108.46,inactive,5
CHEMBL3934231,O=S(=O)(Nc1ccncn1)c1ccc2c(c1)OCCN2c1ncc(C(F)(F)F)cc1Cl,<rdkit.Chem.rdchem.Mol object at 0x00000227928A06D0>,10000,471.848,3.8751,4,1,7,97.31,inactive,5
CHEMBL3930852,COc1cc(C#N)ccc1N1CC(C)Oc2cc(S(=O)(=O)Nc3nccs3)ccc21,<rdkit.Chem.rdchem.Mol object at 0x00000227928A0740>,10000,442.522,3.74318,5,1,8,104.55,inactive,5
CHEMBL3979461,COc1ccc(C)nc1N1CCOc2cc(S(=O)(=O)Nc3nccs3)ccc21,<rdkit.Chem.rdchem.Mol object at 0x00000227928A07B0>,10000,418.5,3.18642,5,1,8,93.65,inactive,5
CHEMBL3918153,CC(C)c1ccc(N2CCOc3cc(S(=O)(=O)Nc4nccs4)ccc32)cc1,<rdkit.Chem.rdchem.Mol object at 0x00000227928A0820>,10000,415.54,4.5978,5,1,6,71.53,inactive,5
CHEMBL3934234,COc1ccc(N2CCOc3cc(S(=O)(=O)Nc4nccs4)ccc32)cc1C#N,<rdkit.Chem.rdchem.Mol object at 0x00000227928A0890>,10000,428.495,3.35468,5,1,8,104.55,inactive,5
CHEMBL3935306,O=S(=O)(Nc1nccs1)c1ccc2c(c1)OCCN2c1ccc(OC(F)(F)C(F)F)cc1,<rdkit.Chem.rdchem.Mol object at 0x00000227928A0900>,5810,489.472,4.7111,7,1,7,80.76,inactive,5.235823868
CHEMBL3925263,O=S(=O)(Nc1nccs1)c1ccc2c(c1)OCCN2c1ccc(Cl)c(C(F)(F)F)c1,<rdkit.Chem.rdchem.Mol object at 0x00000227928A0970>,6550,475.901,5.1466,4,1,6,71.53,inactive,5.1837587
CHEMBL3905774,Cc1ccc(N2CCOc3cc(S(=O)(=O)Nc4nccs4)ccc32)c(C)n1,<rdkit.Chem.rdchem.Mol object at 0x00000227928A09E0>,10000,402.501,3.48624,4,1,7,84.42,inactive,5
CHEMBL3983393,O=S(=O)(Nc1nccs1)c1ccc2c(c1)OCCN2c1ncc(F)cc1F,<rdkit.Chem.rdchem.Mol object at 0x00000227928A0A50>,10000,410.427,3.1476,4,1,7,84.42,inactive,5
CHEMBL3898069,COc1cnc(N2CCOc3cc(S(=O)(=O)Nc4nccs4)ccc32)c(OC)n1,<rdkit.Chem.rdchem.Mol object at 0x00000227928A0AC0>,10000,435.487,2.2816,6,1,10,115.77,inactive,5
CHEMBL3922776,O=S(=O)(Nc1nccs1)c1ccc2c(c1)OCCN2c1cccc(Cl)c1Cl,<rdkit.Chem.rdchem.Mol object at 0x00000227928A0B30>,6440,442.349,4.7812,4,1,6,71.53,inactive,5.191114133
CHEMBL3920490,O=S(=O)(Nc1nccs1)c1ccc2c(c1)OCCN2c1ccc(F)cc1F,<rdkit.Chem.rdchem.Mol object at 0x00000227928A0BA0>,10000,409.439,3.7526,4,1,6,71.53,inactive,5
CHEMBL3934299,Cc1ccc(Cl)cc1N1CCOc2cc(S(=O)(=O)Nc3nccs3)ccc21,<rdkit.Chem.rdchem.Mol object at 0x00000227928A0C10>,5600,421.931,4.43622,4,1,6,71.53,inactive,5.251811973
CHEMBL3894090,O=S(=O)(Nc1nccs1)c1ccc2c(c1)OCCN2c1ccc(C(F)(F)F)cc1C[C@H](O)CO,<rdkit.Chem.rdchem.Mol object at 0x00000227928A0C80>,896,515.535,3.3889,7,3,8,111.99,active,6.04769199
CHEMBL4109740,O=S(=O)(Nc1nccs1)c1ccc2c(c1)OCCN2c1ccc(C(F)(F)F)cc1C[C@@H](O)CO,<rdkit.Chem.rdchem.Mol object at 0x00000227928A0CF0>,497,515.535,3.3889,7,3,8,111.99,active,6.303643611
CHEMBL3906360,Cc1onc(-c2ccccc2)c1CN1CCOc2cc(S(=O)(=O)Nc3nccs3)ccc21,<rdkit.Chem.rdchem.Mol object at 0x00000227928A0D60>,10000,468.56,4.30632,6,1,8,97.56,inactive,5
CHEMBL3975139,Cc1cc(C#N)ccc1N1CCOc2cc(S(=O)(=O)Nc3nccs3)ccc21,<rdkit.Chem.rdchem.Mol object at 0x00000227928A0DD0>,10000,412.496,3.6545,4,1,7,95.32,inactive,5
CHEMBL4097019,CCOc1cc(C(=O)Nc2cc(C(F)(F)F)ccn2)ccc1-c1nc(C23CCC(C(=O)O)(CC2)CC3)n2ccnc(N)c12,<rdkit.Chem.rdchem.Mol object at 0x00000227928A0E40>,30000,594.594,5.7199,7,3,8,144.73,inactive,4.522878745
CHEMBL4096195,CC(C)[C@@]1(C(=O)O)CC[C@@](C)(c2nc(-c3ccc(C(=O)Nc4cc(C(F)(F)F)ccn4)cc3)c3c(N)nccn23)C1,<rdkit.Chem.rdchem.Mol object at 0x00000227928A0EB0>,30000,566.584,5.8132,6,3,7,135.5,inactive,4.522878745
CHEMBL4085173,O=C(c1ccc(C[C@@H]2CC[C@H]([C@H](O)c3ccccc3)N2)cc1)N1CCN(Cc2nnn(CC(F)(F)F)n2)CC1,<rdkit.Chem.rdchem.Mol object at 0x00000227928A0F20>,30000,543.594,2.5901,8,2,8,99.41,inactive,4.522878745
CHEMBL4065188,N[C@H]1CC[C@@](CCOc2cc(F)c(S(=O)(=O)Nc3ncns3)cc2F)(c2ccc(Cl)cc2)CC1,<rdkit.Chem.rdchem.Mol object at 0x00000227928A0F90>,30000,529.034,4.8787,8,2,7,107.2,inactive,4.522878745
CHEMBL4062566,N[C@H]1CC[C@@](CCOc2cc(F)c(S(=O)(=O)Nc3ncns3)cc2F)(c2ccccc2)CC1,<rdkit.Chem.rdchem.Mol object at 0x00000227928A1000>,30000,494.589,4.2253,8,2,7,107.2,inactive,4.522878745
CHEMBL4083450,O=S(=O)(Nc1ncns1)c1cc(F)c(OCC[C@]2(c3ccccc3)CC[C@@H](NC3CC3)CC2)cc1F,<rdkit.Chem.rdchem.Mol object at 0x00000227928A1070>,30000,534.654,5.0186,10,2,7,93.21,inactive,4.522878745
CHEMBL4064193,CN1C(C)(C)CC(Nc2cc(F)c(S(=O)(=O)Nc3nccs3)cc2Cl)CC1(C)C,<rdkit.Chem.rdchem.Mol object at 0x00000227928A10E0>,30000,461.028,4.7997,5,2,6,74.33,inactive,4.522878745
CHEMBL4060568,COc1cc(-c2cccc(C(F)(F)F)c2)c(F)cc1-c1nccc2cc(S(=O)(=O)Nc3ccon3)ccc12,<rdkit.Chem.rdchem.Mol object at 0x00000227928A1150>,12000,543.498,6.5241,6,1,6,94.32,inactive,4.920818754
CHEMBL4092650,COc1cc(-c2ccc(C(F)(F)F)cc2)c(F)cc1-c1nccc2cc(S(=O)(=O)Nc3ccon3)ccc12,<rdkit.Chem.rdchem.Mol object at 0x00000227928A11C0>,10000,543.498,6.5241,6,1,6,94.32,inactive,5
CHEMBL4102635,O=S(=O)(Nc1cscn1)c1cc(Cl)c(OCC2NCCC=C2c2ccc(F)cc2)cc1F,<rdkit.Chem.rdchem.Mol object at 0x00000227928A1230>,10000,497.976,4.6998,7,2,6,80.32,inactive,5
CHEMBL4100134,O=S(=O)(Nc1ncc(Cl)s1)c1cc(Cl)c(NCC23CCCN2CCC3)cc1F,<rdkit.Chem.rdchem.Mol object at 0x00000227928A12A0>,17600,465.403,4.4301,6,2,6,74.33,inactive,4.754487332
CHEMBL4094846,O=S(=O)(Nc1nccs1)c1cc(Cl)c(NCCC23CCCN2CCC3)cc1F,<rdkit.Chem.rdchem.Mol object at 0x00000227928A1310>,24200,444.985,4.1668,7,2,6,74.33,inactive,4.616184634
CHEMBL4087167,O=S(=O)(Nc1nccs1)c1cc(Cl)c(NCC23CCCN2CC(F)(F)C3)cc1F,<rdkit.Chem.rdchem.Mol object at 0x00000227928A1380>,30000,466.938,4.0219,6,2,6,74.33,inactive,4.522878745
CHEMBL4090731,CC1(C)CN2CCC[C@@]2(CNc2cc(F)c(S(=O)(=O)Nc3nccs3)cc2Cl)C1,<rdkit.Chem.rdchem.Mol object at 0x00000227928A13F0>,30000,459.012,4.4128,6,2,6,74.33,inactive,4.522878745
CHEMBL4065038,O=S(=O)(Nc1ncns1)c1cc(Cl)c(NCC23CCCN2CCC3)cc1F,<rdkit.Chem.rdchem.Mol object at 0x00000227928A1460>,7200,431.946,3.1717,6,2,7,87.22,inactive,5.142667504
CHEMBL4101680,N#Cc1ccc(-c2[nH]nc3cc(OC(F)(F)F)ccc23)cc1,<rdkit.Chem.rdchem.Mol object at 0x00000227928A14D0>,17300,303.243,4.00018,2,1,3,61.7,inactive,4.761953897
CHEMBL2325350,Cn1nccc1-c1cc(Cl)ccc1Oc1cc(F)c(S(=O)(=O)Nc2ncns2)cc1F,<rdkit.Chem.rdchem.Mol object at 0x00000227928A1540>,22210,483.909,4.4633,6,1,8,99,inactive,4.653451441
CHEMBL2322421,Cn1nccc1-c1cc(Cl)ccc1Oc1ccc(S(=O)(=O)Nc2cscn2)cc1C#N,<rdkit.Chem.rdchem.Mol object at 0x00000227928A15B0>,10000,471.951,4.66178,6,1,8,109.9,inactive,5
CHEMBL2323073,N#Cc1cc(S(=O)(=O)Nc2ncns2)ccc1Oc1ccc(C(F)(F)F)cc1-c1cccnn1,<rdkit.Chem.rdchem.Mol object at 0x00000227928A1620>,43699,504.475,4.47868,6,1,9,130.75,inactive,4.359528501
CHEMBL3682658,O=S(=O)(Nc1ccncn1)c1ccc2c(-c3ccc(C(F)(F)F)cc3C3=CCNCC3)cccc2c1,<rdkit.Chem.rdchem.Mol object at 0x00000227928A1690>,30000,510.541,5.4931,5,2,5,83.98,inactive,4.522878745
CHEMBL4084926,O=C(Nc1cccc(C(F)(F)F)c1-c1ccccn1)c1cccc(-c2ncccc2C(F)F)c1,<rdkit.Chem.rdchem.Mol object at 0x00000227928A1700>,1900,469.413,7.0193,5,1,3,54.88,active,5.721246399
CHEMBL4128718,CC(C)COc1ncc(-c2ccc(-c3n[nH]c(S(=O)(=O)C4CCC4)n3)cc2F)cc1Cl,<rdkit.Chem.rdchem.Mol object at 0x00000227928A1770>,29000,464.95,4.6872,7,1,6,97.83,inactive,4.537602002
CHEMBL4128578,COc1cc(-c2n[nH]c(S(=O)(=O)C3CCC3)n2)ccc1-c1cnc(OCC(C)C)c(Cl)c1,<rdkit.Chem.rdchem.Mol object at 0x00000227928A17E0>,5300,476.986,4.5567,8,1,7,107.06,inactive,5.27572413
CHEMBL4126793,CC(C)COc1ncc(-c2cc(F)c(-c3n[nH]c(S(=O)(=O)NC4CC4)n3)cc2F)cc1Cl,<rdkit.Chem.rdchem.Mol object at 0x00000227928A1850>,7300,483.928,3.9408,8,2,6,109.86,inactive,5.13667714
CHEMBL4126375,O=S(=O)(CC1CC1)c1n[nH]c(-c2cc(F)c(-c3cnc(Oc4ccc(F)cc4Cl)c(Cl)c3)cc2F)n1,<rdkit.Chem.rdchem.Mol object at 0x00000227928A18C0>,4000,555.365,6.2338,7,1,6,97.83,active,5.397940009
CHEMBL4126989,CO[C@@H]1CC[C@@]2(C)[C@@H](C1)C[C@@H](N1CCC[C@@H](N)C1)[C@@H]2Oc1ccc(C#N)cc1,<rdkit.Chem.rdchem.Mol object at 0x00000227928A1930>,30000,383.536,3.32248,4,1,5,71.51,inactive,4.522878745
CHEMBL4129456,C[C@]12CCC(F)=C[C@H]1C[C@@H](N1CCC[C@@H](N)C1)[C@@H]2Oc1ccc(C#N)cc1,<rdkit.Chem.rdchem.Mol object at 0x00000227928A19A0>,30000,369.484,3.77078,3,1,4,62.28,inactive,4.522878745
CHEMBL4126528,C[C@@]12CCC(=O)C[C@@H]1C[C@@H](N1CCC[C@@H](N)C1)[C@@H]2Oc1ccc(C#N)cc1,<rdkit.Chem.rdchem.Mol object at 0x00000227928A1A10>,100000,367.493,2.87658,3,1,5,79.35,inactive,4
CHEMBL4203948,CCN[C@@H]1CCC=C(c2ccc(F)cc2)[C@H]1COc1cc(F)c(S(=O)(=O)Nc2cscn2)cc1Cl,<rdkit.Chem.rdchem.Mol object at 0x00000227928A1A80>,10000,540.057,5.726,9,2,6,80.32,inactive,5
CHEMBL4287784,COc1cc(C(C(=O)NCc2ccccc2)N2CCN(C(=O)c3cc(F)cc(F)c3)CC2)ccc1C#N,<rdkit.Chem.rdchem.Mol object at 0x00000227928A1AF0>,500,504.537,3.66058,7,1,5,85.67,active,6.301029996
CHEMBL4287248,O=C(O)c1ccc(N2CC3(CCN(Cc4cc(Cl)c(-c5ccc(F)cc5F)c(C5CC5)c4)CC3)OC2=O)cc1,<rdkit.Chem.rdchem.Mol object at 0x00000227928A1B60>,10000,553.005,6.8522,6,1,4,70.08,inactive,5
CHEMBL4457708,Cn1cc(C2CCCCC2)c2ccc(C(=O)NS(=O)(=O)C3CC3)cc21,<rdkit.Chem.rdchem.Mol object at 0x00000227928A1BD0>,2400,360.479,3.448,4,1,4,68.17,active,5.619788758
CHEMBL4435865,Cn1cc(-c2ccc(C(F)(F)F)cc2)c2ccc(C(=O)NS(=O)(=O)c3ccc(F)c(F)c3)cc21,<rdkit.Chem.rdchem.Mol object at 0x00000227928A1C40>,18000,494.441,5.261,4,1,4,68.17,inactive,4.744727495
CHEMBL4588325,Cn1cc(-c2cnc(OCC(C)(C)O)c(Cl)c2)c2ccc(C(=O)NS(C)(=O)=O)cc21,<rdkit.Chem.rdchem.Mol object at 0x00000227928A1CB0>,30000,451.932,2.7328,6,2,7,110.52,inactive,4.522878745
CHEMBL4560169,CC(C)COc1ncc(-c2cn(C)c3cc(C(=O)NS(=O)(=O)C4CC4)ccc23)cc1Cl,<rdkit.Chem.rdchem.Mol object at 0x00000227928A1D20>,12000,461.971,4.1505,7,1,6,90.29,inactive,4.920818754
CHEMBL4447807,CC(C)COc1ncc(-c2cn(C)c3cc(C(=O)NS(=O)(=O)C4CC4)c(F)cc23)cc1Cl,<rdkit.Chem.rdchem.Mol object at 0x00000227928A1D90>,5100,479.961,4.2896,7,1,6,90.29,inactive,5.292429824
CHEMBL4524193,Cn1nc(-c2ccc(C(F)(F)F)cc2)c2cc(F)c(C(=O)NS(=O)(=O)C3CC3)cc21,<rdkit.Chem.rdchem.Mol object at 0x00000227928A1E00>,6400,441.406,3.6202,4,1,5,81.06,inactive,5.193820026
CHEMBL4436285,CC(C)COc1ccc(-c2nn(C)c3cc(C(=O)NS(C)(=O)=O)ccc23)cn1,<rdkit.Chem.rdchem.Mol object at 0x00000227928A1E70>,30000,402.476,2.3595,6,1,7,103.18,inactive,4.522878745
CHEMBL4542281,Cc1cc(-c2ccc(C(=O)C3CCCCC3C(=O)Nc3cnn4c3C(=O)NCC4)cc2)[nH]n1,<rdkit.Chem.rdchem.Mol object at 0x00000227928A1EE0>,33000,446.511,2.95282,5,3,6,121.77,inactive,4.48148606
CHEMBL4564010,COc1cc(C(=O)NS(C)(=O)=O)c(F)cc1-c1cnc(OC2CCC2)c(Cl)c1,<rdkit.Chem.rdchem.Mol object at 0x00000227928A1F50>,18000,428.869,3.1704,6,1,6,94.59,inactive,4.744727495
CHEMBL4632456,CN1CCN(c2cc(C(F)(F)F)ccc2[C@H]2CCOc3cc(S(=O)(=O)Nc4nccs4)ccc32)CC1,<rdkit.Chem.rdchem.Mol object at 0x00000227928A1FC0>,983,538.617,4.6289,5,1,7,74.77,active,6.007446482
CHEMBL4640506,Cc1ccc(-c2cc(C(F)(F)F)ccc2[C@H]2CCOc3cc(S(=O)(=O)Nc4ccncn4)ccc32)cn1,<rdkit.Chem.rdchem.Mol object at 0x00000227928A2030>,1103,526.54,5.58102,5,1,6,94.07,active,5.957424488
CHEMBL4641925,O=S(=O)(Nc1cccc(F)n1)c1ccc2c(c1)OCC[C@@H]2c1ccc(C(F)(F)F)cc1N1CCOCC1,<rdkit.Chem.rdchem.Mol object at 0x00000227928A20A0>,188,537.535,4.7913,5,1,6,80.76,active,6.725842151
CHEMBL4750385,CCn1c(-c2cnc(C)nc2)nc2c(-c3cnc4c(c3)[C@](C)(NCC(C)(C)F)C(=O)N4)ncnc21,<rdkit.Chem.rdchem.Mol object at 0x00000227928A2110>,30000,475.532,3.17862,6,2,9,123.4,inactive,4.522878745
CHEMBL4741793,C[C@H](NC(=O)c1cc(C(F)(F)F)nn1C)c1nc(-c2ccnc(C(F)(F)F)c2)no1,<rdkit.Chem.rdchem.Mol object at 0x00000227928A2180>,42000,434.3,3.3937,4,1,7,98.73,inactive,4.37675071
CHEMBL4867480,O=S(=O)(Nc1cccc(Cl)n1)c1cc(F)c(O[C@H]2CCN(CC(F)(F)F)C[C@@H]2c2ccccc2)cc1F,<rdkit.Chem.rdchem.Mol object at 0x00000227928A21F0>,1100,561.96,5.6132,7,1,5,71.53,active,5.958607315
CHEMBL4846327,O=S(=O)(Nc1ncc(F)s1)c1cc(F)c(O[C@H]2CCN(CC(F)(F)F)C[C@@H]2c2ccccc2)cc1F,<rdkit.Chem.rdchem.Mol object at 0x00000227928A2260>,4650,551.534,5.1604,7,1,6,71.53,active,5.332547047
CHEMBL4850942,O=S(=O)(Nc1ccccn1)c1cc(F)c(O[C@H]2CCN(CC(F)(F)F)C[C@@H]2c2ccccc2)cc1F,<rdkit.Chem.rdchem.Mol object at 0x00000227928A22D0>,4320,527.515,4.9598,7,1,5,71.53,active,5.364516253
CHEMBL4857167,O=S(=O)(Nc1ccc(F)cn1)c1cc(F)c(O[C@H]2CCN(CC(F)(F)F)C[C@@H]2c2ccccc2)cc1F,<rdkit.Chem.rdchem.Mol object at 0x00000227928A2340>,13210,545.505,5.0989,7,1,5,71.53,inactive,4.879097182
CHEMBL4853170,O=S(=O)(Nc1cccc(F)n1)c1cc(F)c(O[C@H]2CCN(CC(F)(F)F)C[C@@H]2c2cccc(F)c2)cc1F,<rdkit.Chem.rdchem.Mol object at 0x00000227928A23B0>,460,563.495,5.238,7,1,5,71.53,active,6.337242168
CHEMBL4850129,O=S(=O)(Nc1cccc(F)n1)c1cnc(O[C@H]2CCN(CC(F)(F)F)C[C@@H]2c2ccc(F)c(F)c2)c(F)c1,<rdkit.Chem.rdchem.Mol object at 0x00000227928A2420>,1550,564.483,4.633,7,1,6,84.42,active,5.809668302
CHEMBL4853960,CCn1c(-c2cnc(C)nc2)nc2c(N[C@H]3CCN(C(=O)C4CC4)C3)ncnc21,<rdkit.Chem.rdchem.Mol object at 0x00000227928A2490>,50000,392.467,2.03442,5,1,8,101.72,inactive,4.301029996
CHEMBL5180782,Cn1cc(-c2cccc(C(=O)Nc3cc(N4CC[C@@H](C(C)(C)O)C4)ncc3C(F)(F)F)n2)cn1,<rdkit.Chem.rdchem.Mol object at 0x00000227928A2500>,29900,474.487,3.7454,5,2,7,96.17,inactive,4.524328812
CHEMBL5197547,CC(C)(O)[C@@H]1CCN(c2cnc(C(F)(F)F)c(NC(=O)c3cccc(-c4cnn(CC(F)(F)F)c4)n3)c2)C1,<rdkit.Chem.rdchem.Mol object at 0x00000227928A2570>,30000,542.484,4.7707,6,2,7,96.17,inactive,4.522878745
CHEMBL5204231,C[C@]1(CN2Cc3nc(-c4ccc(F)cc4)sc3C2)Cn2cc([N+](=O)[O-])nc2O1,<rdkit.Chem.rdchem.Mol object at 0x00000227928A25E0>,12900,401.423,3.2208,4,0,8,86.32,inactive,4.88941029
CHEMBL5203937,Cn1nc(C(=O)O)cc1COc1cccc([C@@H](NC(=O)O[C@H]2CN3CCC2CC3)c2ccccc2)c1,<rdkit.Chem.rdchem.Mol object at 0x00000227928A2650>,100000,490.56,3.6071,8,2,7,105.92,inactive,4
CHEMBL3910270,O=C(c1ccc2cc(Oc3ccc(C(F)(F)F)cn3)ccc2n1)N1CC[C@H](F)C1,<rdkit.Chem.rdchem.Mol object at 0x00000227928A26C0>,33000,405.351,4.6249,3,0,4,55.32,inactive,4.48148606
CHEMBL4471012,Cc1nn([C@@H]2CCN([C@H](C)c3cc(Cl)cc(Cl)c3)C2)c2cc(F)c(C(=O)NS(=O)(=O)C3CC3)cc12,<rdkit.Chem.rdchem.Mol object at 0x00000227928A2730>,435,539.46,5.02062,6,1,6,84.3,active,6.361510743
CHEMBL5272051,O=c1cc(CO)n(-c2c(Cl)cccc2Cl)c2c(Cl)cnc(OC[C@H](O)CO)c12,<rdkit.Chem.rdchem.Mol object at 0x00000227928A27A0>,50000,445.686,2.5702,6,3,7,104.81,inactive,4.301029996
CHEMBL3955188,COc1ccc(-c2cc(C(N)=O)nc3cc(CCc4cnc(C)nc4)ccc23)c(F)c1,<rdkit.Chem.rdchem.Mol object at 0x00000227928A2810>,30000,416.456,4.03202,6,1,5,90.99,inactive,4.522878745
CHEMBL2017291,COc1cc2c(cc1-c1c(C)noc1C)ncc1[nH]c(=O)n([C@H](C)c3ccccn3)c12,<rdkit.Chem.rdchem.Mol object at 0x00000227928A2880>,79400,415.453,4.16254,4,1,7,98.83,inactive,4.100179498
CHEMBL2092889,CN1Cc2ccccc2[C@H](c2ccccc2)N=C1OCc1ccc(NS(C)(=O)=O)cc1,<rdkit.Chem.rdchem.Mol object at 0x00000227928A28F0>,30000,435.549,4.1657,5,1,5,71,inactive,4.522878745
CHEMBL2092890,CN1Cc2ccccc2[C@@H](c2ccc(F)cc2F)N=C1CCc1ccc(NS(C)(=O)=O)cc1,<rdkit.Chem.rdchem.Mol object at 0x00000227928A2960>,100000,469.557,4.9024,6,1,4,61.77,inactive,4
CHEMBL322055,CN=C(NCCCCc1ccccc1)NC(=O)c1ccc(C)cc1,<rdkit.Chem.rdchem.Mol object at 0x00000227928A29D0>,9000,323.44,3.32312,6,2,2,53.49,inactive,5.045757491
CHEMBL320248,Cc1ccc(C(=O)N=C(N)NCCSCc2ccccc2)cc1,<rdkit.Chem.rdchem.Mol object at 0x00000227928A2A40>,10800,327.453,2.97292,6,2,2,67.48,inactive,4.966576245
CHEMBL652,O=C(NCC1CCCCN1)c1cc(OCC(F)(F)F)ccc1OCC(F)(F)F,<rdkit.Chem.rdchem.Mol object at 0x00000227928A2AB0>,6500,414.346,3.4407,7,2,4,59.59,inactive,5.187086643
CHEMBL521211,O=C(c1ccc(-c2ccc(Cl)cc2)o1)N1CCNCC1,<rdkit.Chem.rdchem.Mol object at 0x00000227928A2B20>,4600,290.75,2.6454,2,1,3,45.48,active,5.337242168
CHEMBL519149,O=C1CC2(CCN(C(=O)NC3CCc4ccccc4CC3)CC2)Oc2ccccc21,<rdkit.Chem.rdchem.Mol object at 0x00000227928A2B90>,10000,404.51,4.1436,1,1,3,58.64,inactive,5
CHEMBL495793,Cn1nccc1Nc1ccc2c(c1)C(=O)CC1(CCN(C(=O)N[C@H]3C[C@@H]3c3ccccc3)CC1)O2,<rdkit.Chem.rdchem.Mol object at 0x00000227928A2C00>,10000,471.561,4.2292,4,2,6,88.49,inactive,5
CHEMBL519336,CS(=O)(=O)c1ccc2c(c1)CCC1(CCN(C(=O)N[C@H]3C[C@@H]3c3ccccc3)CC1)O2,<rdkit.Chem.rdchem.Mol object at 0x00000227928A2C70>,10000,440.565,3.5154,3,1,4,75.71,inactive,5
CHEMBL497828,CS(=O)(=O)c1ccc2c(c1)CCC1(CCN(C(=O)c3ccc(C(F)(F)F)cc3)CC1)O2,<rdkit.Chem.rdchem.Mol object at 0x00000227928A2CE0>,10000,453.482,4.1089,2,0,4,63.68,inactive,5
CHEMBL564975,O=C(NC1CC1c1ccccc1)N1CCC(n2ccnn2)CC1,<rdkit.Chem.rdchem.Mol object at 0x00000227928A2D50>,10000,311.389,2.1807,3,1,4,63.05,inactive,5
CHEMBL559101,O=C(NC1CC1c1ccccc1)N1CCC(n2cccn2)CC1,<rdkit.Chem.rdchem.Mol object at 0x00000227928A2DC0>,10000,310.401,2.7857,3,1,3,50.16,inactive,5
CHEMBL552402,O=C(NC1CC1c1ccccc1)N1CCC(c2nc3ccccc3o2)CC1,<rdkit.Chem.rdchem.Mol object at 0x00000227928A2E30>,10000,361.445,4.2729,3,1,3,58.37,inactive,5
CHEMBL551058,CS(=O)(=O)c1ccc(-c2noc(C3CCN(C(=O)NC4CC4c4ccccc4)CC3)n2)cc1,<rdkit.Chem.rdchem.Mol object at 0x00000227928A2EA0>,10000,466.563,3.5852,5,1,6,105.4,inactive,5
CHEMBL555347,O=C(Nc1ccc(C(F)(F)F)cc1)N1CCC(c2nc(-c3ccccn3)no2)CC1,<rdkit.Chem.rdchem.Mol object at 0x00000227928A2F10>,10000,417.391,4.5619,3,1,5,84.15,inactive,5
CHEMBL550242,O=C(NC1CCc2ccccc2C1)N1CCC(c2nc(-c3ccccn3)no2)CC1,<rdkit.Chem.rdchem.Mol object at 0x00000227928A2F80>,10000,403.486,3.5781,3,1,5,84.15,inactive,5
CHEMBL1079362,CC1(c2ccccc2)CCCN(C(=O)Nc2ccncc2)C1,<rdkit.Chem.rdchem.Mol object at 0x00000227928A2FF0>,10000,295.386,3.6672,2,1,2,45.23,inactive,5
CHEMBL1079258,O=C(O)CCC1(c2cccc(C(F)(F)F)c2)CCCN(C(=O)Nc2ccc(Cl)cc2)C1,<rdkit.Chem.rdchem.Mol object at 0x00000227928A3060>,10000,454.876,5.7893,5,2,2,69.64,inactive,5
CHEMBL1797411,Cc1cccc(C)c1-c1noc(C)c1CC(=O)NCc1ccc(OCC(F)(F)F)nc1,<rdkit.Chem.rdchem.Mol object at 0x00000227928A30D0>,33113.11,433.43,4.46186,7,1,5,77.25,inactive,4.480000028
CHEMBL1797400,Cc1onc(-c2c(Cl)cccc2Cl)c1NC(=O)NCc1c(F)cccc1Cl,<rdkit.Chem.rdchem.Mol object at 0x00000227928A3140>,8511.38,428.678,6.07102,4,2,3,67.16,inactive,5.070000019
CHEMBL1797398,Cc1onc(-c2c(F)cccc2Cl)c1NC(=O)OCc1c(F)cccc1Cl,<rdkit.Chem.rdchem.Mol object at 0x00000227928A31B0>,15848.93,413.207,5.98372,4,1,4,64.36,inactive,4.800000053
CHEMBL1797395,CCc1onc(-c2c(Cl)cccc2Cl)c1NC(=O)OCc1c(F)cccc1Cl,<rdkit.Chem.rdchem.Mol object at 0x00000227928A3220>,7244.36,443.689,6.752,5,1,4,64.36,inactive,5.139999976
CHEMBL2012030,Nc1ccnc(Nc2ccc(Oc3ccc(C4CC4)cc3)cc2)n1,<rdkit.Chem.rdchem.Mol object at 0x00000227928A3290>,2000,318.38,4.4721,5,2,5,73.06,active,5.698970004
CHEMBL2012262,Clc1ccccc1Cn1ccc2c(OC3CCN(Cc4cscn4)CC3)ncnc21,<rdkit.Chem.rdchem.Mol object at 0x00000227928A3300>,110,439.972,4.6329,6,0,7,56.07,active,6.958607315
CHEMBL2012266,Cc1cccc(Cn2ccc3c(OC4CCN(Cc5cscn5)CC4)ncnc32)c1,<rdkit.Chem.rdchem.Mol object at 0x00000227928A3370>,60,419.554,4.28792,6,0,7,56.07,active,7.22184875
CHEMBL2012281,c1ccc(Cn2ccc3c(OC4CCN(Cc5cc[nH]n5)CC4)ncnc32)cc1,<rdkit.Chem.rdchem.Mol object at 0x00000227928A33E0>,580,388.475,3.2461,6,1,6,71.86,active,6.236572006
CHEMBL2012293,Cc1cccnc1CN1CCC(Oc2ncnc3c2ccn3Cc2ccccc2)CC1,<rdkit.Chem.rdchem.Mol object at 0x00000227928A3450>,150,413.525,4.22642,6,0,6,56.07,active,6.823908741
CHEMBL2069410,COc1ncc(-c2cccc3c2C[C@H](NC(=O)c2ccc(OCC(F)(F)F)nc2)CO3)cc1F,<rdkit.Chem.rdchem.Mol object at 0x00000227928A34C0>,3981.07,477.414,3.9659,6,1,6,82.57,active,5.400000186
CHEMBL2069412,O=C(N[C@@H]1COc2cccc(-c3ccnc(CO)c3)c2C1)c1ccc(OCC(F)(F)F)nc1,<rdkit.Chem.rdchem.Mol object at 0x00000227928A3530>,6309.57,459.424,3.3105,6,2,6,93.57,inactive,5.200000237
CHEMBL2069420,O=C(N[C@@H]1COc2cccc(-c3cncnc3)c2C1)c1ccc(OCCC(F)(F)F)nc1,<rdkit.Chem.rdchem.Mol object at 0x00000227928A35A0>,3981.07,444.413,3.6033,6,1,6,86.23,active,5.400000186
CHEMBL2069421,COc1ncc(-c2cccc3c2C[C@H](NC(=O)c2ccc(OCC(F)(F)F)nc2)CO3)cn1,<rdkit.Chem.rdchem.Mol object at 0x00000227928A3610>,6309.57,460.412,3.2218,6,1,7,95.46,inactive,5.200000237
CHEMBL2069424,Cc1ncc(-c2cccc3c2C[C@H](NC(=O)c2ccc(OCC(F)(F)F)nc2)CO3)cn1,<rdkit.Chem.rdchem.Mol object at 0x00000227928A3680>,5011.87,444.413,3.52162,5,1,6,86.23,inactive,5.300000202
CHEMBL2069426,Cc1cnc(-c2cccc3c2C[C@H](NC(=O)c2ccc(OCC(F)(F)F)nc2)CO3)cn1,<rdkit.Chem.rdchem.Mol object at 0x00000227928A36F0>,3162.28,444.413,3.52162,5,1,6,86.23,active,5.499999679
CHEMBL2069428,Cc1cnc(-c2cccc3c2C[C@H](NC(=O)c2ccc(COCC(F)(F)F)nc2)CO3)cn1,<rdkit.Chem.rdchem.Mol object at 0x00000227928A3760>,19952.62,458.44,3.65942,6,1,6,86.23,inactive,4.700000069
CHEMBL2147223,COc1ncc(-c2cccc(Cl)c2CCNC(=O)c2ccc(OCCC(F)(F)F)nc2)cn1,<rdkit.Chem.rdchem.Mol object at 0x00000227928A37D0>,5011.87,480.874,4.5043,9,1,6,86.23,inactive,5.300000202
CHEMBL2147224,COc1ncc(-c2cccc(OC)c2CCNC(=O)c2ccc(OCCC(F)(F)F)nc2)cn1,<rdkit.Chem.rdchem.Mol object at 0x00000227928A3840>,6309.57,476.455,3.8595,10,1,7,95.46,inactive,5.200000237
CHEMBL2147305,COc1ncc(-c2c(C)ccc(F)c2CCNC(=O)c2ccc(OCCC(F)(F)F)nc2)cn1,<rdkit.Chem.rdchem.Mol object at 0x00000227928A38B0>,794.33,478.446,4.29842,9,1,6,86.23,active,6.099999035
CHEMBL2147209,COc1cnc(-c2ccc(Cl)cc2CCNC(=O)c2ccc(COCC(F)(F)F)nc2)cn1,<rdkit.Chem.rdchem.Mol object at 0x00000227928A3920>,31622.78,480.874,4.252,9,1,6,86.23,inactive,4.499999953
CHEMBL2147314,COc1ncc(-c2cccnc2C(C)CNC(=O)c2ccc(OCCC(F)(F)F)nc2)cn1,<rdkit.Chem.rdchem.Mol object at 0x00000227928A3990>,31622.78,461.444,3.8069,9,1,7,99.12,inactive,4.499999953
CHEMBL2164039,O=C(NCc1ccc(OC(F)(F)F)cc1)c1c2cccc(F)c2c(O)n1CCc1ccccn1,<rdkit.Chem.rdchem.Mol object at 0x00000227928A3A00>,17000,473.426,4.9523,7,2,5,76.38,inactive,4.769551079
CHEMBL2164361,CC(C)(Cc1ccccn1)n1c(O)c2ccccc2c1C(=O)NCc1ccc(OC(F)(F)F)cc1,<rdkit.Chem.rdchem.Mol object at 0x00000227928A3A70>,13000,483.49,5.5483,7,2,5,76.38,inactive,4.886056648
CHEMBL2164380,CC(CC#N)n1c(O)c2ccccc2c1C(=O)NCc1ccc(OC(F)(F)F)cc1,<rdkit.Chem.rdchem.Mol object at 0x00000227928A3AE0>,31000,417.387,4.65018,6,2,5,87.28,inactive,4.508638306
CHEMBL2164374,CC(C)(C)OC(=O)N1CCC(n2c(O)c3ccccc3c2C(=O)NCc2ccc(OC(F)(F)F)cc2)CC1,<rdkit.Chem.rdchem.Mol object at 0x00000227928A3B50>,4500,533.547,5.7475,5,2,6,93.03,active,5.346787486
CHEMBL2164372,O=C(NCc1ccc(OC(F)(F)F)cc1)c1c2ccccc2c(O)n1C[C@@H]1CCCO1,<rdkit.Chem.rdchem.Mol object at 0x00000227928A3BC0>,33000,434.414,4.3545,6,2,5,72.72,inactive,4.48148606
CHEMBL2164397,O=C(NCc1ccc(OC(F)(F)F)cc1)c1c2ccccc2c(O)n1CCC1CCOCC1,<rdkit.Chem.rdchem.Mol object at 0x00000227928A3C30>,19000,462.468,4.9922,7,2,5,72.72,inactive,4.721246399
CHEMBL2164391,O=C(NCc1ccc(CC(F)(F)F)cc1)c1c2ccccc2c(O)n1CCc1ccccn1,<rdkit.Chem.rdchem.Mol object at 0x00000227928A3CA0>,4400,453.464,5.0194,7,2,4,67.15,active,5.356547324
CHEMBL2164383,Cc1ccc(NC(=O)c2c3ccccc3c(O)n2CCc2ccccn2)cc1C,<rdkit.Chem.rdchem.Mol object at 0x00000227928A3D10>,1200,385.467,4.85374,5,2,4,67.15,active,5.920818754
CHEMBL2409405,COc1cc2nnc(C(N)=O)c(Nc3ccc(C)cc3F)c2cc1N1CCS(=O)(=O)CC1,<rdkit.Chem.rdchem.Mol object at 0x00000227928A3D80>,30000,459.503,2.16322,5,2,8,127.51,inactive,4.522878745
CHEMBL481717,CCOc1cc2ncc(C(N)=O)c(Nc3ccc(F)cc3F)c2cc1N1CCC(O)CC1,<rdkit.Chem.rdchem.Mol object at 0x00000227928A3DF0>,30000,442.466,3.7153,6,3,6,100.71,inactive,4.522878745
CHEMBL2409401,COCCN1CCN(c2cc3c(Nc4ccc(C)cc4F)c(C(N)=O)nnc3cc2OC)CC1,<rdkit.Chem.rdchem.Mol object at 0x00000227928A3E60>,28000,468.533,2.69682,8,2,8,105.84,inactive,4.552841969
CHEMBL2409409,COc1cc2nnc(C(N)=O)c(Nc3ccc(C)cc3F)c2cc1C1CCN(C(C)C)CC1,<rdkit.Chem.rdchem.Mol object at 0x00000227928A3ED0>,7000,451.546,4.51622,6,2,6,93.37,inactive,5.15490196
CHEMBL3128180,Cc1nc2c(s1)CCC2C(=O)Nc1ccc(C[C@@H]2CC[C@H]([C@H](O)c3cccnc3)N2)cc1,<rdkit.Chem.rdchem.Mol object at 0x00000227928A3F40>,30000,448.592,3.91172,6,3,6,87.14,inactive,4.522878745
CHEMBL3322673,N#Cc1ccc(C(=O)N2CCC3(CC2)Nc2ccc(Br)cc2-n2cccc23)cc1,<rdkit.Chem.rdchem.Mol object at 0x00000227928BC040>,9174,447.336,4.66848,1,1,4,61.06,inactive,5.037441264
CHEMBL3322769,COc1cccc(C(=O)N2CCC3(CC2)Nc2cc(OC)ccc2-n2cccc23)c1,<rdkit.Chem.rdchem.Mol object at 0x00000227928BC0B0>,4325,403.482,4.0515,3,1,5,55.73,active,5.364013888
CHEMBL3322772,COc1ccc2c(c1)NC1(CCN(C(=O)c3ccc(Cl)cc3)CC1)c1cccn1-2,<rdkit.Chem.rdchem.Mol object at 0x00000227928BC120>,3949,407.901,4.6963,2,1,4,46.5,active,5.403512866
CHEMBL3322774,COc1ccc2c(c1)NC1(CCN(C(=O)c3ccc(C#N)c(OC)c3)CC1)c1cccn1-2,<rdkit.Chem.rdchem.Mol object at 0x00000227928BC190>,7240,428.492,3.92318,3,1,6,79.52,inactive,5.140261434
CHEMBL3322775,COc1ccc2c(c1)NC1(CCN(C(=O)c3ccc(N(C)C)c(Cl)c3)CC1)c1cccn1-2,<rdkit.Chem.rdchem.Mol object at 0x00000227928BC200>,572,450.97,4.7623,3,1,5,49.74,active,6.242603971
CHEMBL3322776,COc1ccc2c(c1)NC1(CCN(C(=O)c3ccc(OC)c(Cl)c3)CC1)c1cccn1-2,<rdkit.Chem.rdchem.Mol object at 0x00000227928BC270>,934,437.927,4.7049,3,1,5,55.73,active,6.029653124
CHEMBL3325529,Cc1ccc([C@H]2CCNC[C@@H]2COc2cc(F)c(S(=O)(=O)Nc3ncns3)cc2F)cc1,<rdkit.Chem.rdchem.Mol object at 0x00000227928BC2E0>,10000,480.562,3.69762,7,2,7,93.21,inactive,5
CHEMBL3337584,COc1ccc(C(=O)N2CCC3(CC2)Nc2cc(OC(F)F)ccc2-n2cccc23)cc1N(C)C,<rdkit.Chem.rdchem.Mol object at 0x00000227928BC350>,340,482.531,4.7103,5,1,6,58.97,active,6.468521083
CHEMBL3337598,COc1ccc2c(c1)NC1(CCN(C(=O)c3cccc4ncccc34)CC1)c1cccn1-2,<rdkit.Chem.rdchem.Mol object at 0x00000227928BC3C0>,2938,424.504,4.5911,2,1,5,59.39,active,5.531948209
CHEMBL814,COCCCC/C(=N\OCCN)c1ccc(C(F)(F)F)cc1,<rdkit.Chem.rdchem.Mol object at 0x00000227928BC430>,39400,318.339,3.2015,9,1,4,56.84,inactive,4.404503778
CHEMBL85,Cc1nc2n(c(=O)c1CCN1CCC(c3noc4cc(F)ccc34)CC1)CCCC2,<rdkit.Chem.rdchem.Mol object at 0x00000227928BC4A0>,102000,410.493,3.59042,4,0,6,64.16,inactive,3.991399828
CHEMBL3634322,O=C1COc2c(cccc2C2CCN(CC(O)COc3ccccc3C(=O)c3ccccc3)CC2)N1,<rdkit.Chem.rdchem.Mol object at 0x00000227928BC510>,7000,486.568,3.8678,8,2,6,88.1,inactive,5.15490196
CHEMBL3634328,O=C(c1ccccc1)c1ccccc1OCC(O)CN1CCC(n2c(O)cc3ccccc32)CC1,<rdkit.Chem.rdchem.Mol object at 0x00000227928BC580>,33000,470.569,4.6547,8,2,6,74.93,inactive,4.48148606
CHEMBL3634329,O=C(c1ccccc1)c1ccccc1OCC(O)CN1CCC(N2Cc3ccccc3C2=O)CC1,<rdkit.Chem.rdchem.Mol object at 0x00000227928BC5F0>,24000,470.569,3.7777,8,1,5,70.08,inactive,4.619788758
CHEMBL3632695,COc1cc(C(F)(F)F)ccc1COCC(O)CN1CCC(N2Cc3ccccc3C2=O)CC1,<rdkit.Chem.rdchem.Mol object at 0x00000227928BC660>,6100,478.511,3.7119,8,1,5,62.24,inactive,5.214670165
CHEMBL3632697,O=C(Nc1ccccc1)C1CCN(CC(O)COc2ccc(C(F)(F)F)cc2)CC1,<rdkit.Chem.rdchem.Mol object at 0x00000227928BC6D0>,3400,422.447,3.7958,7,2,4,61.8,active,5.468521083
CHEMBL3683221,O=S(=O)(Nc1ncns1)N1CCc2c(cccc2-c2ccc(C(F)(F)F)cc2-n2ccnc2)C1,<rdkit.Chem.rdchem.Mol object at 0x00000227928BC740>,10000,506.535,4.1246,5,1,7,93.01,inactive,5
CHEMBL3704409,CC#Cc1cncc(-c2cn(C)c3cc(S(=O)(=O)Nc4ncns4)ccc23)c1,<rdkit.Chem.rdchem.Mol object at 0x00000227928BC7B0>,10000,409.496,3.264,4,1,7,89.77,inactive,5
CHEMBL3662230,O=C(NS(=O)(=O)N1CCC1)c1cc(C2CC2)c(OCC2CCC(F)(F)CC2)cc1F,<rdkit.Chem.rdchem.Mol object at 0x00000227928BC820>,940,446.491,3.5877,7,1,4,75.71,active,6.026872146
CHEMBL3683206,O=S(=O)(Nc1ncns1)N1CCc2c(cccc2-c2ccc(C(F)(F)F)cc2-c2cn[nH]c2)C1,<rdkit.Chem.rdchem.Mol object at 0x00000227928BC890>,10000,506.535,4.329,5,2,6,103.87,inactive,5
CHEMBL3704439,Cn1cc(-c2cccc(C(F)(F)F)c2)c2ccc(S(=O)(=O)Nc3ncns3)cc21,<rdkit.Chem.rdchem.Mol object at 0x00000227928BC900>,10000,438.456,4.5164,4,1,6,76.88,inactive,5
CHEMBL3662081,O=C(NS(=O)(=O)N1CCC1)c1cc(C2CC2)c(OCC2(C(F)(F)F)CCCC2)cc1F,<rdkit.Chem.rdchem.Mol object at 0x00000227928BC970>,90,464.481,3.8849,7,1,4,75.71,active,7.045757491
CHEMBL3683214,O=S(=O)(Nc1ncns1)N1CCc2c(cccc2-c2cncc3ccccc23)C1,<rdkit.Chem.rdchem.Mol object at 0x00000227928BC9E0>,10000,423.523,3.4683,4,1,6,88.08,inactive,5
CHEMBL2409215,Cn1cc(-c2cccc3c2CCNC3)c2ccc(S(=O)(=O)Nc3ncns3)cc21,<rdkit.Chem.rdchem.Mol object at 0x00000227928BCA50>,10000,425.539,3.1433,4,2,7,88.91,inactive,5
CHEMBL3683218,COc1ccc(F)cc1-c1cccc2c1CCN(S(=O)(=O)Nc1ncns1)C2,<rdkit.Chem.rdchem.Mol object at 0x00000227928BCAC0>,10000,420.491,3.0678,5,1,6,84.42,inactive,5
CHEMBL3683213,O=S(=O)(Nc1ncns1)N1CCc2c(cccc2-c2cccc3ccccc23)C1,<rdkit.Chem.rdchem.Mol object at 0x00000227928BCB30>,10000,422.535,4.0733,4,1,5,75.19,inactive,5
CHEMBL3683247,CC(C)(C)OC(=O)N1CC=C(c2cc(C(F)(F)F)ccc2-c2cccc3c2CCN(S(=O)(=O)Nc2ncns2)C3)CC1,<rdkit.Chem.rdchem.Mol object at 0x00000227928BCBA0>,5630,621.707,5.9631,5,1,7,104.73,inactive,5.249491605
CHEMBL3704416,Cn1cc(-c2ccc(C(F)(F)F)c(Cl)c2)c2ccc(S(=O)(=O)Nc3ncns3)cc21,<rdkit.Chem.rdchem.Mol object at 0x00000227928BCC10>,10000,472.901,5.1698,4,1,6,76.88,inactive,5
CHEMBL3657930,O=C(NS(=O)(=O)C1CC1)c1cc(Cl)c(OCC23CC4CC(CC(C4)C2)C3)cc1F,<rdkit.Chem.rdchem.Mol object at 0x00000227928BCC80>,427,441.952,4.2963,6,1,4,72.47,active,6.369572125
CHEMBL3683202,O=S(=O)(Nc1ncns1)N1CCc2c(cccc2-c2cccc3c2CCNC3)C1,<rdkit.Chem.rdchem.Mol object at 0x00000227928BCCF0>,10000,427.555,2.5658,4,2,6,87.22,inactive,5
CHEMBL3683203,C[N+]1([O-])CC=C(c2cc(C(F)(F)F)ccc2-c2cccc3c2CCN(S(=O)(=O)Nc2ncns2)C3)CC1,<rdkit.Chem.rdchem.Mol object at 0x00000227928BCD60>,10000,551.616,4.6704,5,1,6,98.25,inactive,5
CHEMBL3683223,O=S(=O)(Nc1ncc(F)s1)N1CCc2c(cccc2-c2ccc(C(F)(F)F)cc2C2CCNCC2)C1,<rdkit.Chem.rdchem.Mol object at 0x00000227928BCDD0>,10000,540.608,5.15,5,2,5,74.33,inactive,5
CHEMBL3657979,CS(=O)(=O)NC(=O)c1cc(C2CC2)c(OCC23CC4(F)CC(F)(CC(F)(C4)C2)C3)cc1F,<rdkit.Chem.rdchem.Mol object at 0x00000227928BCE40>,3500,475.504,4.264,6,1,4,72.47,active,5.455931956
CHEMBL3657931,O=C(NS(=O)(=O)N1CC[C@H](O)C1)c1cc(C2CC2)c(OCC23CC4CC(CC(C4)C2)C3)cc1F,<rdkit.Chem.rdchem.Mol object at 0x00000227928BCEB0>,110,492.613,3.3395,7,2,5,95.94,active,6.958607315
CHEMBL3704407,Cn1nccc1-c1cc(C(F)(F)F)ccc1-c1cn(C)c2cc(S(=O)(=O)Nc3ccncn3)ccc12,<rdkit.Chem.rdchem.Mol object at 0x00000227928BCF20>,10000,512.517,4.8554,5,1,7,94.7,inactive,5
CHEMBL3704429,Cn1cc(-c2cccc3ncccc23)c2ccc(S(=O)(=O)Nc3ncns3)cc21,<rdkit.Chem.rdchem.Mol object at 0x00000227928BCF90>,10000,421.507,4.0458,4,1,7,89.77,inactive,5
CHEMBL3704448,Cn1cc(-c2ccccc2OC(F)(F)F)c2ccc(S(=O)(=O)Nc3ncns3)cc21,<rdkit.Chem.rdchem.Mol object at 0x00000227928BD000>,10000,454.455,4.3962,5,1,7,86.11,inactive,5
CHEMBL3910180,COc1cc(C(F)(F)F)ccc1-c1cccc2cc(S(=O)(=O)Nc3cscn3)ccc12,<rdkit.Chem.rdchem.Mol object at 0x00000227928BD070>,21000,464.49,5.7915,5,1,5,68.29,inactive,4.677780705
CHEMBL3965469,Cc1nccn1-c1ccc(-c2cn(CC(=O)Nc3cccc(Cl)c3Cl)nn2)cn1,<rdkit.Chem.rdchem.Mol object at 0x00000227928BD0E0>,30000,428.283,3.77972,5,1,7,90.52,inactive,4.522878745
CHEMBL3909872,Cc1cc(-c2cc(OC(F)(F)F)ccc2Cl)cc(C)c1OCCCC(=O)O,<rdkit.Chem.rdchem.Mol object at 0x00000227928BD150>,9134,402.796,5.76604,7,1,3,55.76,inactive,5.039338993
CHEMBL3896657,O=C(O)CCc1cc2cc(-c3cc(OC(F)(F)F)ccc3F)ccc2o1,<rdkit.Chem.rdchem.Mol object at 0x00000227928BD1C0>,30000,368.282,5.1547,5,1,3,59.67,inactive,4.522878745
CHEMBL3933749,Cc1c([C@@H]2CN3CCN(C(=O)Cc4ccc(-n5cnnn5)cn4)C[C@H]3CO2)ccc(F)c1C#N,<rdkit.Chem.rdchem.Mol object at 0x00000227928BD230>,30000,462.489,1.2033,4,0,9,113.06,inactive,4.522878745
CHEMBL3682636,Cn1nccc1-c1cc(Cl)ccc1-c1cccc2cc(S(=O)(=O)Nc3ncns3)ccc12,<rdkit.Chem.rdchem.Mol object at 0x00000227928BD2A0>,30000,481.99,5.213,5,1,7,89.77,inactive,4.522878745
CHEMBL3682640,O=S(=O)(Nc1ncns1)c1ccc2c(-c3ccc(C(F)(F)F)cc3Cl)cccc2c1,<rdkit.Chem.rdchem.Mol object at 0x00000227928BD310>,30000,469.897,5.8313,4,1,5,71.95,inactive,4.522878745
CHEMBL3687623,COc1cc(-c2ccc(F)cc2)ccc1-c1nccc2cc(S(=O)(=O)Nc3ccncn3)ccc12,<rdkit.Chem.rdchem.Mol object at 0x00000227928BD380>,30000,486.528,5.3073,6,1,6,94.07,inactive,4.522878745
CHEMBL3687658,COc1ccccc1-c1nccc2cc(S(=O)(=O)Nc3nccs3)ccc12,<rdkit.Chem.rdchem.Mol object at 0x00000227928BD3F0>,30000,397.481,4.1677,5,1,6,81.18,inactive,4.522878745
CHEMBL3687670,COc1cc(C(F)(F)F)ccc1-c1nccc2cc(S(=O)(=O)Nc3nc(Cl)cs3)ccc12,<rdkit.Chem.rdchem.Mol object at 0x00000227928BD460>,30000,499.923,5.8399,5,1,6,81.18,inactive,4.522878745
CHEMBL3687683,COc1cc(-c2cccc(C)c2)ccc1-c1nccc2cc(S(=O)(=O)Nc3ccncn3)ccc12,<rdkit.Chem.rdchem.Mol object at 0x00000227928BD4D0>,30000,482.565,5.47662,6,1,6,94.07,inactive,4.522878745
CHEMBL3687684,COc1cc(-c2ccc(C)cc2)ccc1-c1nccc2cc(S(=O)(=O)Nc3ccncn3)ccc12,<rdkit.Chem.rdchem.Mol object at 0x00000227928BD540>,30000,482.565,5.47662,6,1,6,94.07,inactive,4.522878745
CHEMBL3687690,COc1cc(-c2cc(F)cc(F)c2)ccc1-c1nccc2cc(S(=O)(=O)Nc3ccncn3)ccc12,<rdkit.Chem.rdchem.Mol object at 0x00000227928BD5B0>,30000,504.518,5.4464,6,1,6,94.07,inactive,4.522878745
CHEMBL3687698,COc1cc(Cl)ccc1-c1ccc(-c2nccc3cc(S(=O)(=O)Nc4ccncn4)ccc23)c(OC)c1,<rdkit.Chem.rdchem.Mol object at 0x00000227928BD620>,30000,533.009,5.8302,7,1,7,103.3,inactive,4.522878745
CHEMBL3687700,COc1cc(Oc2ccc(F)cc2)ccc1-c1nccc2cc(S(=O)(=O)Nc3ccncn3)ccc12,<rdkit.Chem.rdchem.Mol object at 0x00000227928BD690>,30000,502.527,5.4326,7,1,7,103.3,inactive,4.522878745
CHEMBL3687703,COc1ccccc1-c1ccc(-c2nccc3cc(S(=O)(=O)Nc4ccncn4)ccc23)c(OC)c1,<rdkit.Chem.rdchem.Mol object at 0x00000227928BD700>,30000,498.564,5.1768,7,1,7,103.3,inactive,4.522878745
CHEMBL3687723,COc1cc(-c2cc(F)cc(C#N)c2)ccc1-c1nccc2cc(S(=O)(=O)Nc3ccncn3)ccc12,<rdkit.Chem.rdchem.Mol object at 0x00000227928BD770>,30000,511.538,5.17898,6,1,7,117.86,inactive,4.522878745
CHEMBL3687726,COc1cc(-c2cc(F)cc(Cl)c2)ccc1-c1nccc2cc(S(=O)(=O)Nc3ccncn3)ccc12,<rdkit.Chem.rdchem.Mol object at 0x00000227928BD7E0>,30000,520.973,5.9607,6,1,6,94.07,inactive,4.522878745
CHEMBL3687736,COc1ccc(-c2cccc(F)c2)cc1-c1n[nH]c(=O)c2cc(S(=O)(=O)Nc3ccncn3)ccc12,<rdkit.Chem.rdchem.Mol object at 0x00000227928BD850>,30000,503.515,3.9956,6,2,7,126.93,inactive,4.522878745
CHEMBL3687739,COc1cc(C(F)F)c(F)cc1-c1ncnc2cc(S(=O)(=O)Nc3nccs3)ccc12,<rdkit.Chem.rdchem.Mol object at 0x00000227928BD8C0>,30000,466.466,4.6394,6,1,7,94.07,inactive,4.522878745
CHEMBL3687741,COc1cc(C(F)F)c(F)cc1-c1nc(C)nc2cc(S(=O)(=O)Nc3nccs3)ccc12,<rdkit.Chem.rdchem.Mol object at 0x00000227928BD930>,30000,480.493,4.94782,6,1,7,94.07,inactive,4.522878745
CHEMBL3687751,COc1cc(-c2ccc(F)c(F)c2)ccc1-c1ncnc2cc(S(=O)(=O)Nc3nncs3)ccc12,<rdkit.Chem.rdchem.Mol object at 0x00000227928BD9A0>,30000,511.535,4.9029,6,1,8,106.96,inactive,4.522878745
CHEMBL3923020,COc1cc(-c2cccc(F)c2)c(Cl)cc1-n1c(=O)ccc2cc(S(=O)(=O)Nc3cccnn3)ccc21,<rdkit.Chem.rdchem.Mol object at 0x00000227928BDA10>,30000,536.972,5.0496,6,1,7,103.18,inactive,4.522878745
CHEMBL3926259,COc1cc(-c2cccc(F)c2)c(Cl)cc1-n1c(=O)ccc2cc(S(=O)(=O)Nc3nncs3)ccc21,<rdkit.Chem.rdchem.Mol object at 0x00000227928BDA80>,30000,543.001,5.1111,6,1,8,103.18,inactive,4.522878745
CHEMBL3897584,COc1cc(-c2cc(F)cc(Cl)c2)c(Cl)cc1-n1c(=O)ccc2cc(S(=O)(=O)Nc3ccon3)ccc21,<rdkit.Chem.rdchem.Mol object at 0x00000227928BDAF0>,30000,560.39,5.901,6,1,7,103.43,inactive,4.522878745
CHEMBL3958169,COc1cc(-c2cc(OC)c(-n3c(=O)ccc4cc(S(=O)(=O)Nc5ccon5)ccc43)cc2F)ccc1C,<rdkit.Chem.rdchem.Mol object at 0x00000227928BDB60>,10000,535.553,4.91122,7,1,8,112.66,inactive,5
CHEMBL3954639,COc1cc(-c2cc(OC)c(-n3c(=O)ccc4cc(S(=O)(=O)Nc5cccnn5)ccc43)cc2F)ccc1Cl,<rdkit.Chem.rdchem.Mol object at 0x00000227928BDBD0>,10000,566.998,5.0582,7,1,8,112.41,inactive,5
CHEMBL3937744,COc1cc(-c2cc(OC)c(-n3c(=O)ccc4cc(S(=O)(=O)Nc5ncccn5)ccc43)cc2F)ccc1Cl,<rdkit.Chem.rdchem.Mol object at 0x00000227928BDC40>,10000,566.998,5.0582,7,1,8,112.41,inactive,5
CHEMBL3974650,O=S(=O)(Nc1nccs1)c1ccc2c(c1)OCCN2c1ccc(C(F)(F)F)cc1Cl,<rdkit.Chem.rdchem.Mol object at 0x00000227928BDCB0>,4030,475.901,5.1466,4,1,6,71.53,active,5.394694954
CHEMBL3946087,CC(C)(C)OC(=O)N1CC=C(c2cc(C(F)(F)F)ccc2N2CCOc3cc(S(=O)(=O)Nc4ncns4)ccc32)CC1,<rdkit.Chem.rdchem.Mol object at 0x00000227928BDD20>,2290,623.679,5.9124,5,1,9,113.96,active,5.640164518
CHEMBL3895680,CN(C)CCn1ccc(NS(=O)(=O)c2ccc3c(c2)OCCN3c2ccc(C(F)(F)F)cc2Cl)n1,<rdkit.Chem.rdchem.Mol object at 0x00000227928BDD90>,8250,529.972,4.4482,7,1,7,79.7,inactive,5.083546051
CHEMBL3982207,O=S(=O)(Nc1ncccn1)c1ccc2c(c1)OCCN2c1ccc(C(F)(F)F)cc1Cl,<rdkit.Chem.rdchem.Mol object at 0x00000227928BDE00>,10000,470.86,4.4801,4,1,6,84.42,inactive,5
CHEMBL3967377,O=S(=O)(Nc1ncco1)c1ccc2c(c1)OCCN2c1ccc(C(F)(F)F)cc1Cl,<rdkit.Chem.rdchem.Mol object at 0x00000227928BDE70>,10000,459.833,4.6781,4,1,6,84.67,inactive,5
CHEMBL3937046,O=S(=O)(Nc1nncs1)c1ccc2c(c1)OCCN2c1ccc(C(F)(F)F)cc1Cl,<rdkit.Chem.rdchem.Mol object at 0x00000227928BDEE0>,10000,476.889,4.5416,4,1,7,84.42,inactive,5
CHEMBL3945942,O=S(=O)(Nc1ncns1)c1ccc2c(c1)OCC(c1ccccc1)N2c1ccc(C(F)(F)F)cc1,<rdkit.Chem.rdchem.Mol object at 0x00000227928BDF50>,10000,518.542,5.6295,5,1,7,84.42,inactive,5
CHEMBL3937678,O=S(=O)(Nc1nccs1)c1ccc2c(c1)OCCN2c1ccc(Cl)cc1,<rdkit.Chem.rdchem.Mol object at 0x00000227928BDFC0>,10000,407.904,4.1278,4,1,6,71.53,inactive,5
CHEMBL3955295,O=S(=O)(Nc1nccs1)c1ccc2c(c1)OCCN2c1cccc(Cl)c1,<rdkit.Chem.rdchem.Mol object at 0x00000227928BE030>,4930,407.904,4.1278,4,1,6,71.53,active,5.307153081
CHEMBL3974790,N#Cc1ccccc1N1CCOc2cc(S(=O)(=O)Nc3ncns3)ccc21,<rdkit.Chem.rdchem.Mol object at 0x00000227928BE0A0>,6700,399.457,2.74108,4,1,8,108.21,inactive,5.173925197
CHEMBL3890316,O=S(=O)(Nc1cscn1)c1ccc2c(c1)OCCN2c1ccc(C(F)(F)F)cc1Br,<rdkit.Chem.rdchem.Mol object at 0x00000227928BE110>,10000,520.352,5.2557,4,1,6,71.53,inactive,5
CHEMBL3929191,CC1COc2cc(S(=O)(=O)Nc3nccs3)ccc2N1c1ccc(C(F)(F)F)cc1C#N,<rdkit.Chem.rdchem.Mol object at 0x00000227928BE180>,1400,480.493,4.75338,4,1,7,95.32,active,5.853871964
CHEMBL4106723,COc1cc(Cl)ccc1N1C[C@@H](C)Oc2cc(S(=O)(=O)Nc3nccs3)ccc21,<rdkit.Chem.rdchem.Mol object at 0x00000227928BE1F0>,10000,451.957,4.5249,5,1,7,80.76,inactive,5
CHEMBL3911657,Cc1ccc(N2CCOc3cc(S(=O)(=O)Nc4nccs4)ccc32)cc1C#N,<rdkit.Chem.rdchem.Mol object at 0x00000227928BE260>,7730,412.496,3.6545,4,1,7,95.32,inactive,5.111820506
CHEMBL3949608,COc1ccc(N2CCOc3cc(S(=O)(=O)Nc4nccs4)ccc32)cc1OC,<rdkit.Chem.rdchem.Mol object at 0x00000227928BE2D0>,10000,433.511,3.4916,6,1,8,89.99,inactive,5
CHEMBL3921824,COc1ccc(N2CCOc3cc(S(=O)(=O)Nc4nccs4)ccc32)c(OC)c1,<rdkit.Chem.rdchem.Mol object at 0x00000227928BE340>,10000,433.511,3.4916,6,1,8,89.99,inactive,5
CHEMBL3949406,N#Cc1ccc(OC(F)(F)F)cc1N1CCOc2cc(S(=O)(=O)Nc3nccs3)ccc21,<rdkit.Chem.rdchem.Mol object at 0x00000227928BE3B0>,3690,482.465,4.24468,5,1,8,104.55,active,5.432973634
CHEMBL3982445,O=S(=O)(Nc1nccs1)c1ccc2c(c1)OCCN2c1cccc2c1OC(F)(F)O2,<rdkit.Chem.rdchem.Mol object at 0x00000227928BE420>,10000,453.448,3.7959,4,1,8,89.99,inactive,5
CHEMBL3954678,Cc1cc(N2CCOc3cc(S(=O)(=O)Nc4nccs4)ccc32)c(C)cn1,<rdkit.Chem.rdchem.Mol object at 0x00000227928BE490>,10000,402.501,3.48624,4,1,7,84.42,inactive,5
CHEMBL3943628,Cc1cc(N2CCOc3cc(S(=O)(=O)Nc4nccs4)ccc32)ccc1Cl,<rdkit.Chem.rdchem.Mol object at 0x00000227928BE500>,3930,421.931,4.43622,4,1,6,71.53,active,5.40560745
CHEMBL3944898,N#Cc1cc(N2CCOc3cc(S(=O)(=O)Nc4nccs4)ccc32)ccc1F,<rdkit.Chem.rdchem.Mol object at 0x00000227928BE570>,5080,416.459,3.48518,4,1,7,95.32,inactive,5.294136288
CHEMBL3923857,Cc1ccc(C#N)c(N2CCOc3cc(S(=O)(=O)Nc4nccs4)ccc32)c1,<rdkit.Chem.rdchem.Mol object at 0x00000227928BE5E0>,3590,412.496,3.6545,4,1,7,95.32,active,5.444905551
CHEMBL3926642,N#Cc1cc(-c2ccccc2F)ccc1N1CCOc2cc(S(=O)(=O)Nc3nccs3)ccc21,<rdkit.Chem.rdchem.Mol object at 0x00000227928BE650>,1880,492.557,5.15218,5,1,7,95.32,active,5.725842151
CHEMBL4102633,N[C@H]1CC[C@](CCOc2cc(F)c(S(=O)(=O)Nc3ncns3)cc2F)(c2ccccc2)CC1,<rdkit.Chem.rdchem.Mol object at 0x00000227928BE6C0>,30000,494.589,4.2253,8,2,7,107.2,inactive,4.522878745
CHEMBL4091238,CN[C@H]1CC[C@@](CCOc2cc(F)c(S(=O)(=O)Nc3ncns3)cc2F)(c2ccccc2)CC1,<rdkit.Chem.rdchem.Mol object at 0x00000227928BE730>,30000,508.616,4.486,9,2,7,93.21,inactive,4.522878745
CHEMBL4063378,O=S(=O)(Nc1ncns1)c1cc(F)c(OCC[C@]2(c3ccccc3)CC[C@H](NC3CC3)CC2)cc1F,<rdkit.Chem.rdchem.Mol object at 0x00000227928BE7A0>,30000,534.654,5.0186,10,2,7,93.21,inactive,4.522878745
CHEMBL4085278,O=S(=O)(Nc1nccs1)c1cc(Cl)c(NC[C@H]2CCCNC2)cc1F,<rdkit.Chem.rdchem.Mol object at 0x00000227928BE810>,30000,404.92,3.1479,6,3,6,83.12,inactive,4.522878745
CHEMBL4073293,Cc1cnc(NS(=O)(=O)c2cc(Cl)c(NCC34CCCN3CCC4)cc2F)s1,<rdkit.Chem.rdchem.Mol object at 0x00000227928BE880>,24200,444.985,4.08512,6,2,6,74.33,inactive,4.616184634
CHEMBL4092379,Cc1csc(NS(=O)(=O)c2cc(Cl)c(NCC34CCCN3CCC4)cc2F)n1,<rdkit.Chem.rdchem.Mol object at 0x00000227928BE8F0>,22500,444.985,4.08512,6,2,6,74.33,inactive,4.647817482
CHEMBL2324753,Cn1nccc1-c1cc(Cl)ccc1Oc1ccc(S(=O)(=O)Nc2ncns2)cc1C#N,<rdkit.Chem.rdchem.Mol object at 0x00000227928BE960>,30000,472.939,4.05678,6,1,9,122.79,inactive,4.522878745
CHEMBL2324742,N#Cc1cc(S(=O)(=O)Nc2ncns2)ccc1Oc1ccc(Cl)cc1-c1cc[nH]n1,<rdkit.Chem.rdchem.Mol object at 0x00000227928BE9D0>,25231,458.912,4.04638,6,2,8,133.65,inactive,4.598065536
CHEMBL2325013,N#Cc1cc(S(=O)(=O)Nc2ncns2)ccc1Oc1ccc(Cl)cc1-c1ccnc(N)c1,<rdkit.Chem.rdchem.Mol object at 0x00000227928BEA40>,10000,484.95,4.30048,6,2,9,143.88,inactive,5
CHEMBL4105630,C[C@@]1(O)CC[C@H]2[C@H](CC[C@@H]3[C@@H]2CC[C@]2(C)C(C(=O)Cn4cc(C#N)cn4)CC[C@@H]32)C1,<rdkit.Chem.rdchem.Mol object at 0x00000227928BEAB0>,30000,409.574,4.34368,3,1,5,78.91,inactive,4.522878745
CHEMBL4097000,O=S(=O)(Nc1nccs1)c1cc(Cl)c(NC2CCOC2)cc1F,<rdkit.Chem.rdchem.Mol object at 0x00000227928BEB20>,1400,377.85,2.9372,5,2,6,80.32,active,5.853871964
CHEMBL4100514,O=C(Nc1cccc(C(F)(F)F)c1-c1cccnc1)c1cccc(-c2ccccn2)c1,<rdkit.Chem.rdchem.Mol object at 0x00000227928BEB90>,1100,419.406,6.0817,4,1,3,54.88,active,5.958607315
CHEMBL4080898,O=C(Nc1cccc(C(F)(F)F)c1-c1cccnn1)c1cccc(-c2ncccc2C(F)(F)F)c1,<rdkit.Chem.rdchem.Mol object at 0x00000227928BEC00>,6800,488.391,6.4955,4,1,4,67.77,inactive,5.167491087
CHEMBL4127756,CC(C)COc1ncc(-c2cc(F)c(-c3n[nH]c(S(=O)(=O)CC4CC4)n3)cc2F)cc1Cl,<rdkit.Chem.rdchem.Mol object at 0x00000227928BEC70>,10000,482.94,4.6838,8,1,6,97.83,inactive,5
CHEMBL4277551,O=C(NCc1ccccc1)C(c1ccccc1)N1CCN(C(=O)c2cc(F)ccc2Cl)CC1,<rdkit.Chem.rdchem.Mol object at 0x00000227928BECE0>,950,465.956,4.2946,6,1,3,52.65,active,6.022276395
CHEMBL4276884,O=C(NCc1ccc(OC(F)(F)F)c(Cl)c1)c1ccc(S(=O)(=O)Nc2nccs2)c(F)c1,<rdkit.Chem.rdchem.Mol object at 0x00000227928BED50>,15800,509.89,4.565,7,2,6,97.39,inactive,4.801342913
CHEMBL4282052,CCOc1cc(CN2CCC3(CC2)CC(=O)N(c2ccc(C(=O)O)cc2)C3)cc(OCC)c1-c1ccc(F)cc1,<rdkit.Chem.rdchem.Mol object at 0x00000227928BEDC0>,15000,546.639,6.0074,9,1,5,79.31,inactive,4.823908741
CHEMBL4278328,CC(C)n1cc(CN2CCC3(CC2)CC(=O)N(c2ccc(C(=O)O)cc2)C3)c2c(C3CC3)cccc21,<rdkit.Chem.rdchem.Mol object at 0x00000227928BEE30>,10000,485.628,5.8169,6,1,4,65.78,inactive,5
CHEMBL4590062,CNC(=O)c1c(-c2ccc(F)cc2)oc2cc(N(C)S(C)(=O)=O)c(-c3ccc4ncn5c6cccc(F)c6cc5c4n3)cc12,<rdkit.Chem.rdchem.Mol object at 0x00000227928BEEA0>,30000,611.63,6.1495,5,1,7,109.81,inactive,4.522878745
CHEMBL4435877,CNC(=O)c1c(-c2ccc(F)cc2)oc2cc(N(C)S(C)(=O)=O)c(-c3ccc4c(n3)-c3cc5c(F)cccc5n3CN4)cc12,<rdkit.Chem.rdchem.Mol object at 0x00000227928BEF10>,30000,613.646,6.2001,5,2,7,109.47,inactive,4.522878745
CHEMBL4452291,CC(C(N)=O)[C@H](N)c1cn2cc(C(C)(C)C)ccc2n1,<rdkit.Chem.rdchem.Mol object at 0x00000227928BEF80>,10000,274.368,1.753,3,2,4,86.41,inactive,5
CHEMBL4553845,Cc1cn(C)c2cc(C(=O)NS(=O)(=O)C3CC3)ccc12,<rdkit.Chem.rdchem.Mol object at 0x00000227928BEFF0>,30000,292.36,1.70872,3,1,4,68.17,inactive,4.522878745
CHEMBL4464346,Cc1cn(C2C=CCCC2)c2ccc(C(=O)NS(=O)(=O)C3CC3)cc12,<rdkit.Chem.rdchem.Mol object at 0x00000227928BF060>,460,358.463,3.45292,4,1,4,68.17,active,6.337242168
CHEMBL4527245,Cn1cc(C2CCCNC2)c2ccc(C(=O)NS(=O)(=O)C3CC3)cc21,<rdkit.Chem.rdchem.Mol object at 0x00000227928BF0D0>,30000,361.467,1.8673,4,2,5,80.2,inactive,4.522878745
CHEMBL4438048,Cn1cc(C2CCN(C(=O)OC(C)(C)C)CC2)c2ccc(C(=O)NS(=O)(=O)C3CC3)cc21,<rdkit.Chem.rdchem.Mol object at 0x00000227928BF140>,30000,461.584,3.5148,4,1,6,97.71,inactive,4.522878745
CHEMBL4545044,CCn1cnc2c(-c3ccc(F)c(-c4cc5c(cc4OC)C(=O)N(C)C5)c3)cnnc21,<rdkit.Chem.rdchem.Mol object at 0x00000227928BF1B0>,100000,417.444,3.9135,4,0,6,73.14,inactive,4
CHEMBL4454371,Cn1cc(-c2ccccc2)c2ccc(C(=O)NS(C)(=O)=O)cc21,<rdkit.Chem.rdchem.Mol object at 0x00000227928BF220>,30000,328.393,2.5347,3,1,4,68.17,inactive,4.522878745
CHEMBL4536400,CCc1ccc(-c2cn(C)c3cc(C(=O)NS(C)(=O)=O)ccc23)cc1,<rdkit.Chem.rdchem.Mol object at 0x00000227928BF290>,30000,356.447,3.0971,4,1,4,68.17,inactive,4.522878745
CHEMBL4466131,CC(C)Cc1ccc(-c2cn(C)c3cc(C(=O)NS(C)(=O)=O)ccc23)cc1,<rdkit.Chem.rdchem.Mol object at 0x00000227928BF300>,30000,384.501,3.7332,5,1,4,68.17,inactive,4.522878745
CHEMBL4560705,Cn1cc(-c2ccc(C(F)F)cc2)c2ccc(C(=O)NS(C)(=O)=O)cc21,<rdkit.Chem.rdchem.Mol object at 0x00000227928BF370>,30000,378.4,3.4723,4,1,4,68.17,inactive,4.522878745
CHEMBL4462639,Cn1cc(-c2cnc(OCC(F)F)c(Cl)c2)c2ccc(C(=O)NS(C)(=O)=O)cc21,<rdkit.Chem.rdchem.Mol object at 0x00000227928BF3E0>,30000,443.859,3.227,6,1,6,90.29,inactive,4.522878745
CHEMBL4550045,CC(C)COc1ccc(-c2cn(C)c3cc(C(=O)NS(C)(=O)=O)c(F)cc23)cn1,<rdkit.Chem.rdchem.Mol object at 0x00000227928BF450>,16000,419.478,3.1036,6,1,6,90.29,inactive,4.795880017
CHEMBL3696475,Cc1c([C@@H](O)CN2CCN(C[C@H](O)c3ccc4c(c3C)COC4=O)CC2)ccc2c1COC2=O,<rdkit.Chem.rdchem.Mol object at 0x00000227928BF4C0>,30000,466.534,2.02884,6,2,8,99.54,inactive,4.522878745
CHEMBL4559824,CS(=O)(=O)NC(=O)c1ccc(-c2ccc(Cl)c(Cl)c2)cc1,<rdkit.Chem.rdchem.Mol object at 0x00000227928BF530>,42000,344.219,3.3498,3,1,3,63.24,inactive,4.37675071
CHEMBL4470095,CC(C)COc1ncc(-c2c(F)cc(C(=O)NS(C)(=O)=O)cc2F)cc1Cl,<rdkit.Chem.rdchem.Mol object at 0x00000227928BF5A0>,5200,418.849,3.4044,6,1,5,85.36,inactive,5.283996656
CHEMBL4517426,CC(C)COc1ncc(-c2ccc(C(=O)NS(C)(=O)=O)cc2C2=CCOC2)cc1Cl,<rdkit.Chem.rdchem.Mol object at 0x00000227928BF610>,42000,450.944,3.5398,7,1,6,94.59,inactive,4.37675071
CHEMBL4437652,COc1cc(C(=O)NS(C)(=O)=O)ccc1-c1cnc(Oc2cc(Cl)cc(Cl)c2)c(C#N)c1,<rdkit.Chem.rdchem.Mol object at 0x00000227928BF680>,16100,492.34,4.41738,6,1,7,118.38,inactive,4.793174124
CHEMBL4647267,O=S(=O)(Nc1ccncn1)c1ccc2c(c1)OCC[C@@H]2c1ccc(C(F)(F)F)cc1N1CCOCC1,<rdkit.Chem.rdchem.Mol object at 0x00000227928BF6F0>,248,520.533,4.0472,5,1,7,93.65,active,6.605548319
CHEMBL4857241,Cc1c(N2CC[C@@H](C3(N)CC3)C2)c(F)cc2cc(C(=O)O)c(=O)n(C3CC3)c12,<rdkit.Chem.rdchem.Mol object at 0x00000227928BF760>,92000,385.439,2.79972,4,2,5,88.56,inactive,4.036212173
CHEMBL4872374,O=S(=O)(Nc1cscn1)c1cc(F)c(O[C@H]2CCN(CC(F)(F)F)C[C@@H]2c2ccc(F)c(F)c2)cc1F,<rdkit.Chem.rdchem.Mol object at 0x00000227928BF7D0>,750,569.524,5.2995,7,1,6,71.53,active,6.124938737
CHEMBL3657938,O=C(NS(=O)(=O)N1CCCC1)c1cc(C2CC2)c(OCC23CC4CC(CC(C4)C2)C3)cc1F,<rdkit.Chem.rdchem.Mol object at 0x00000227928BF840>,1500,476.614,4.3687,7,1,4,75.71,active,5.823908741
CHEMBL5091342,CS(=O)(=O)NC(=O)c1cc(C2CC2)c(OCC2CCN(C(c3ccccc3)c3ccccc3)CC2)cc1F,<rdkit.Chem.rdchem.Mol object at 0x00000227928BF8B0>,590,536.669,5.2729,9,1,5,75.71,active,6.229147988
CHEMBL5080891,CS(=O)(=O)NC(=O)c1cc(C2CC2)c(OCC2CCN(Cc3ccc(Cl)cc3)CC2)cc1F,<rdkit.Chem.rdchem.Mol object at 0x00000227928BF920>,27000,495.016,4.3369,8,1,5,75.71,inactive,4.568636236
CHEMBL5080495,CS(=O)(=O)NC(=O)c1cc(C2CC2)c(OCC2CCN(C(=O)c3cc(Cl)cc(Cl)c3)CC2)cc1F,<rdkit.Chem.rdchem.Mol object at 0x00000227928BF990>,6400,543.444,4.6305,7,1,5,92.78,inactive,5.193820026
CHEMBL5082131,CC(C)(c1cc(Cl)cc(Cl)c1)N1CCC(COc2cc(F)c(C(=O)NS(C)(=O)=O)cc2C2CC2)CC1,<rdkit.Chem.rdchem.Mol object at 0x00000227928BFA00>,3900,557.515,5.7254,8,1,5,75.71,active,5.408935393
CHEMBL5272355,O=C(NS(=O)(=O)C1CC1)c1cc(Cl)c(OCCC2(F)CCN(Cc3cc(Cl)cc(Cl)c3)CC2)cc1F,<rdkit.Chem.rdchem.Mol object at 0x00000227928BFAE0>,58850,581.896,5.7811,9,1,5,75.71,inactive,4.230253533
CHEMBL4635134,CNC(=O)c1cc(C(=O)NC2CC2)cn(Cc2ccccc2)c1=O,<rdkit.Chem.rdchem.Mol object at 0x00000227928BFB50>,100000,325.368,1.1484,5,2,4,80.2,inactive,4
CHEMBL5314924,Cc1ccc([C@H]2C[C@@H]2COc2cc(NCc3nnc(C)s3)nc(C)n2)nc1,<rdkit.Chem.rdchem.Mol object at 0x00000227928BFBC0>,30000,382.493,3.44296,7,1,8,85.71,inactive,4.522878745
CHEMBL1788206,CN1Cc2ccccc2[C@@H](c2ccccc2)N=C1OCc1ccc(NS(C)(=O)=O)cc1,<rdkit.Chem.rdchem.Mol object at 0x00000227928BFC30>,126000,435.549,4.1657,5,1,5,71,inactive,3.899629455
CHEMBL108782,Cc1ccc(C(=O)N=C(N)NCCCOc2ccccc2)cc1,<rdkit.Chem.rdchem.Mol object at 0x00000227928BFCA0>,5600,311.385,2.50862,6,2,2,76.71,inactive,5.251811973
CHEMBL110164,COc1cc(C(=O)N=C(N)NCCCCc2ccccc2)cc(OC)c1OC,<rdkit.Chem.rdchem.Mol object at 0x00000227928BFD10>,1510,385.464,2.7798,9,2,4,95.17,active,5.821023053
CHEMBL108727,CCOc1ccc(C(=O)N=C(N)NCCCCc2ccccc2)cc1,<rdkit.Chem.rdchem.Mol object at 0x00000227928BFD80>,1100,339.439,3.1527,8,2,2,76.71,active,5.958607315
CHEMBL109127,N=C(NCCCCc1ccccc1)NC(=O)c1ccco1,<rdkit.Chem.rdchem.Mol object at 0x00000227928BFDF0>,7900,285.347,2.55667,6,3,3,78.12,inactive,5.102372909
CHEMBL209064,CN(C)C(=O)C(c1ccc(-c2ccc3ncnn3c2)cc1)C(N)C(=O)N1CCC(F)(F)C1,<rdkit.Chem.rdchem.Mol object at 0x00000227928BFE60>,100000,442.47,1.763,5,1,6,96.83,inactive,4
CHEMBL482676,O=C(c1ccc(-c2ccc(Cl)cc2)o1)N1CCN(C2CCCCC2)CC1,<rdkit.Chem.rdchem.Mol object at 0x00000227928BFED0>,2300,372.896,4.6905,3,0,3,36.69,active,5.638272164
CHEMBL495992,O=C1CC2(CCN(C(=O)N[C@H]3C[C@@H]3c3ccccc3)CC2)Oc2ccc(-c3ccncc3)cc21,<rdkit.Chem.rdchem.Mol object at 0x00000227928BFF40>,10000,453.542,4.8141,3,1,4,71.53,inactive,5
CHEMBL495586,CS(=O)(=O)c1ccc2c(c1)C(=O)CC1(CCN(C(=O)N[C@@H]3CC[C@@H](c4ccccc4)C3)CC1)O2,<rdkit.Chem.rdchem.Mol object at 0x000002279289C040>,10000,482.602,3.9358,3,1,5,92.78,inactive,5
CHEMBL561379,O=C(NC1CC1c1ccccc1)N1CCC(c2nnco2)CC1,<rdkit.Chem.rdchem.Mol object at 0x000002279289C0B0>,10000,312.373,2.5147,3,1,4,71.26,inactive,5
CHEMBL1079361,CC1(c2ccccc2)CCCN(C(=O)Nc2noc3ccccc23)C1,<rdkit.Chem.rdchem.Mol object at 0x000002279289C120>,10000,335.407,4.4134,2,1,3,58.37,inactive,5
CHEMBL1078565,O=C(O)CCCC1(c2ccccc2)CCCN(C(=O)Nc2ccc(Cl)cc2)C1,<rdkit.Chem.rdchem.Mol object at 0x000002279289C190>,10000,400.906,5.1606,6,2,2,69.64,inactive,5
CHEMBL1078657,O=C(O)CCCCC1(c2ccccc2)CCCN(C(=O)Nc2ccc(Cl)cc2)C1,<rdkit.Chem.rdchem.Mol object at 0x000002279289C200>,10000,414.933,5.5507,7,2,2,69.64,inactive,5
CHEMBL1079290,O=C(Nc1ccc(Cl)cc1)N1CCCC(CCO)(c2ccccc2)C1,<rdkit.Chem.rdchem.Mol object at 0x000002279289C270>,10000,358.869,4.2881,4,2,2,52.57,inactive,5
CHEMBL1079291,O=C(Nc1ccc(Cl)cc1)N1CCCC(CCCO)(c2ccccc2)C1,<rdkit.Chem.rdchem.Mol object at 0x000002279289C2E0>,10000,372.896,4.6782,5,2,2,52.57,inactive,5
CHEMBL1078628,CCN(CC)C(=O)CCC1(c2ccccc2)CCCN(C(=O)Nc2ccc(Cl)cc2)C1,<rdkit.Chem.rdchem.Mol object at 0x000002279289C350>,10000,442.003,5.5543,7,1,2,52.65,inactive,5
CHEMBL1079257,O=C(O)CCC1(c2ccccc2C(F)(F)F)CCCN(C(=O)Nc2ccc(Cl)cc2)C1,<rdkit.Chem.rdchem.Mol object at 0x000002279289C3C0>,10000,454.876,5.7893,5,2,2,69.64,inactive,5
CHEMBL1078715,O=C(O)CCC1(c2ccc(C(F)(F)F)cc2)CCCN(C(=O)Nc2ccc(Cl)cc2)C1,<rdkit.Chem.rdchem.Mol object at 0x000002279289C430>,10000,454.876,5.7893,5,2,2,69.64,inactive,5
CHEMBL1079061,O=C(O)CCC1(c2ccc(-c3ccccc3)cc2)CCCN(C(=O)Nc2ccc(OC(F)(F)F)cc2)C1,<rdkit.Chem.rdchem.Mol object at 0x000002279289C4A0>,10000,512.528,6.6827,7,2,3,78.87,inactive,5
CHEMBL1797405,Cc1cccc(C)c1-c1noc(C)c1NC(=O)NCc1ccc(OC(C)C)nc1,<rdkit.Chem.rdchem.Mol object at 0x000002279289C510>,19952.62,394.475,4.77076,6,2,5,89.28,inactive,4.700000069
CHEMBL1797390,Cc1onc(-c2c(Cl)cccc2Cl)c1NC(=O)OCc1cccc(N(C)C)c1,<rdkit.Chem.rdchem.Mol object at 0x000002279289C580>,25703.96,420.296,5.77152,5,1,5,67.6,inactive,4.589999963
CHEMBL1796068,COCCCn1cc(CN(C(=O)C2CNCC[C@@H]2c2ccn(C)c(=O)c2)C2CC2)c2ccccc21,<rdkit.Chem.rdchem.Mol object at 0x000002279289C5F0>,30000,476.621,3.2608,9,1,6,68.5,inactive,4.522878745
CHEMBL1813015,CC(=O)Nc1cccc(Nc2ncnc(N3CCc4ccccc4C3)n2)c1,<rdkit.Chem.rdchem.Mol object at 0x000002279289C660>,5400,360.421,3.1363,4,2,6,83.04,inactive,5.26760624
CHEMBL1938867,Cn1c(SCc2ccc(C(C)(C)C)cc2)nc(N)cc1=O,<rdkit.Chem.rdchem.Mol object at 0x000002279289C6D0>,200,303.431,2.9523,3,1,5,60.91,active,6.698970004
CHEMBL2012023,CN(c1ccc(Cl)cc1)c1ccc(Nc2nccc(N)n2)cc1,<rdkit.Chem.rdchem.Mol object at 0x000002279289C740>,3700,325.803,4.2237,4,2,5,67.07,active,5.431798276
CHEMBL2012039,Nc1cncc(Nc2ccc(Oc3ccccc3)cc2)n1,<rdkit.Chem.rdchem.Mol object at 0x000002279289C7B0>,1800,278.315,3.5947,4,2,5,73.06,active,5.744727495
CHEMBL2012041,Cc1ccc(Oc2ccc(Nc3cncc(N)n3)cc2)cc1,<rdkit.Chem.rdchem.Mol object at 0x000002279289C820>,410,292.342,3.90312,4,2,5,73.06,active,6.387216143
CHEMBL2012042,Nc1cncc(Nc2ccc(Oc3ccc(C4CC4)cc3)cc2)n1,<rdkit.Chem.rdchem.Mol object at 0x000002279289C890>,3000,318.38,4.4721,5,2,5,73.06,active,5.522878745
CHEMBL2012247,c1ccc(Cn2ncc3c(OC4CCN(Cc5cscn5)CC4)ncnc32)cc1,<rdkit.Chem.rdchem.Mol object at 0x000002279289C900>,930,406.515,3.3745,6,0,8,68.96,active,6.031517051
CHEMBL2012271,Fc1cccc(Cn2ccc3c(OC4CCN(Cc5cscn5)CC4)ncnc32)c1F,<rdkit.Chem.rdchem.Mol object at 0x000002279289C970>,70,441.507,4.2577,6,0,7,56.07,active,7.15490196
CHEMBL2012277,c1ccc(CN2CCC(Oc3ncnc4c3ccn4Cc3ccccc3)CC2)cc1,<rdkit.Chem.rdchem.Mol object at 0x000002279289C9E0>,740,398.51,4.523,6,0,5,43.18,active,6.13076828
CHEMBL2047521,O=C(Nc1cnc(Cl)nc1)c1ccc(F)c(F)c1,<rdkit.Chem.rdchem.Mol object at 0x000002279289CA50>,30000,269.638,2.6605,2,1,3,54.88,inactive,4.522878745
CHEMBL2069399,CCCCOc1ccc(C(=O)N[C@@H]2COc3cccc(N4CCN(C)CC4)c3C2)cc1,<rdkit.Chem.rdchem.Mol object at 0x000002279289CAC0>,6309.57,423.557,3.3508,7,1,5,54.04,inactive,5.200000237
CHEMBL2069416,Cc1nn(-c2ccccc2)nc1C(=O)N[C@@H]1COc2cccc(-c3ccncc3)c2C1,<rdkit.Chem.rdchem.Mol object at 0x000002279289CB30>,31622.78,411.465,3.37122,4,1,6,81.93,inactive,4.499999953
CHEMBL2069419,Cc1nn(CC(C)C)nc1C(=O)N[C@@H]1COc2cccc(-c3cccnc3)c2C1,<rdkit.Chem.rdchem.Mol object at 0x000002279289CBA0>,31622.78,391.475,3.03802,5,1,6,81.93,inactive,4.499999953
CHEMBL2069422,COc1ncc(-c2cccc3c2C[C@H](NC(=O)c2ccc(OCCC(F)(F)F)nc2)CO3)cn1,<rdkit.Chem.rdchem.Mol object at 0x000002279289CC10>,3981.07,474.439,3.6119,7,1,7,95.46,active,5.400000186
CHEMBL2147216,Cc1ncc(-c2ccccc2CCNC(=O)c2ccc(COCC(F)(F)F)nc2)cn1,<rdkit.Chem.rdchem.Mol object at 0x000002279289CC80>,31622.78,430.43,3.89842,8,1,5,77,inactive,4.499999953
CHEMBL2147307,COc1cnc(-c2c(C)ccc(F)c2CCNC(=O)c2ccc(COCC(F)(F)F)nc2)cn1,<rdkit.Chem.rdchem.Mol object at 0x000002279289CCF0>,1000,478.446,4.04612,9,1,6,86.23,active,6
CHEMBL2164359,O=C(NCc1ccc(OC(F)(F)F)cc1)c1c2ccccc2c(O)n1Cc1ccc(C(F)(F)F)cn1,<rdkit.Chem.rdchem.Mol object at 0x000002279289CD60>,4300,509.406,5.6376,6,2,5,76.38,active,5.366531544
CHEMBL2409313,CCOc1cc2ncc(C(N)=O)c(Nc3ccc(F)cc3F)c2cc1N1CCN(C)C(=O)C1,<rdkit.Chem.rdchem.Mol object at 0x000002279289CDD0>,30000,455.465,3.0326,6,2,6,100.79,inactive,4.522878745
CHEMBL481205,COCCOc1cc2ncc(C(N)=O)c(Nc3ccc(C)cc3F)c2cc1N1CCN(C)CC1,<rdkit.Chem.rdchem.Mol object at 0x000002279289CE40>,30000,467.545,3.30182,8,2,7,92.95,inactive,4.522878745
CHEMBL3085866,Nc1nc2c(s1)C[C@@H](NC(=O)c1cc3ccccc3[nH]1)CC2,<rdkit.Chem.rdchem.Mol object at 0x000002279289CEB0>,30000,312.398,2.4939,2,3,4,83.8,inactive,4.522878745
CHEMBL3085876,CC(C)(C)OC(=O)N1CCCC1C(=O)NCC1CCc2nc(N)sc2C1,<rdkit.Chem.rdchem.Mol object at 0x000002279289CF20>,20000,380.514,2.3459,3,2,6,97.55,inactive,4.698970004
CHEMBL2105762,CS(=O)(=O)n1cc2c(n1)CN([C@H]1CO[C@H](c3cc(F)ccc3F)[C@@H](N)C1)C2,<rdkit.Chem.rdchem.Mol object at 0x000002279289CF90>,30000,398.435,1.1421,3,1,7,90.45,inactive,4.522878745
CHEMBL3322668,N#Cc1ccc(C(=O)N2CCC3(CC2)Nc2cc(OC(F)(F)F)ccc2-n2cccc23)cc1,<rdkit.Chem.rdchem.Mol object at 0x000002279289D000>,1452,452.436,4.80458,2,1,5,70.29,active,5.838033384
CHEMBL3322764,COc1ccc2c(c1)NC1(CCN(Cc3cccc(C#N)c3)CC1)c1cccn1-2,<rdkit.Chem.rdchem.Mol object at 0x000002279289D070>,12875,384.483,4.27438,3,1,5,53.22,inactive,4.890252762
CHEMBL3322773,COc1ccc2c(c1)NC1(CCN(C(=O)c3ccc(N(C)C)cc3)CC1)c1cccn1-2,<rdkit.Chem.rdchem.Mol object at 0x000002279289D0E0>,947,416.525,4.1089,3,1,5,49.74,active,6.023650021
CHEMBL3337589,COc1ccc2c(c1)N[C@@]1(CCN(C(=O)c3ccc(OC)c(N(C)C)c3)C[C@@H]1C)c1cccn1-2,<rdkit.Chem.rdchem.Mol object at 0x000002279289D150>,519,460.578,4.3635,4,1,6,58.97,active,6.284832642
CHEMBL3617065,CNS(=O)(=O)NC(=O)c1cc(Cl)c(Oc2cnc(OCC(C)C)c(Cl)c2)cc1F,<rdkit.Chem.rdchem.Mol object at 0x000002279289D1C0>,7200,466.318,3.5486,8,2,6,106.62,inactive,5.142667504
CHEMBL3634324,O=C1CCc2c(cccc2C2CCN(CC(O)COc3ccccc3C(=O)c3ccccc3)CC2)N1,<rdkit.Chem.rdchem.Mol object at 0x000002279289D230>,18000,484.596,4.4216,8,2,5,78.87,inactive,4.744727495
CHEMBL3634330,O=C(NC1CCN(CC(O)COc2ccccc2C(=O)c2ccccc2)CC1)c1ccccc1,<rdkit.Chem.rdchem.Mol object at 0x000002279289D2A0>,4900,458.558,3.5517,9,2,5,78.87,active,5.30980392
CHEMBL3634336,COc1ccc(OCC(O)CN2CCC(N3Cc4ccccc4C3=O)CC2)cc1,<rdkit.Chem.rdchem.Mol object at 0x000002279289D310>,13000,396.487,2.5553,7,1,5,62.24,inactive,4.886056648
CHEMBL3634337,O=C1c2ccccc2CN1C1CCN(CC(O)COc2ccccc2C(F)(F)F)CC1,<rdkit.Chem.rdchem.Mol object at 0x000002279289D380>,7100,434.458,3.5655,6,1,4,53.01,inactive,5.148741651
CHEMBL3632698,COc1cc(C(F)(F)F)ccc1COCC(O)CN1CCC(C(=O)Nc2ccccc2)CC1,<rdkit.Chem.rdchem.Mol object at 0x000002279289D3F0>,16000,466.5,3.9422,9,2,5,71.03,inactive,4.795880017
CHEMBL3704425,Cn1cc(-c2cccc(OC(F)(F)F)c2)c2ccc(S(=O)(=O)Nc3ncns3)cc21,<rdkit.Chem.rdchem.Mol object at 0x000002279289D460>,10000,454.455,4.3962,5,1,7,86.11,inactive,5
CHEMBL3683250,O=S(=O)(Nc1ncc(F)s1)N1CCc2c(cccc2-c2ccc(C(F)(F)F)cc2C2=CCNCC2)C1,<rdkit.Chem.rdchem.Mol object at 0x000002279289D4D0>,6680,538.592,5.0597,5,2,5,74.33,inactive,5.175223538
CHEMBL3658002,O=C(NS(=O)(=O)N1CCC1)c1cc(C2CC2)c(OCC2(C(F)(F)F)CCCCC2)cc1F,<rdkit.Chem.rdchem.Mol object at 0x000002279289D540>,350,478.508,4.275,7,1,4,75.71,active,6.455931956
CHEMBL3657848,CC1(C)CCc2cc(OCc3cc(F)c(C(=O)NS(=O)(=O)N4CCC4)cc3Cl)ccc2O1,<rdkit.Chem.rdchem.Mol object at 0x000002279289D5B0>,653,482.961,3.842,6,1,5,84.94,active,6.185086819
CHEMBL3704431,COc1ccc(-c2cn(C)c3cc(S(=O)(=O)Nc4ncns4)ccc23)c2ccccc12,<rdkit.Chem.rdchem.Mol object at 0x000002279289D620>,10000,450.545,4.6594,5,1,7,86.11,inactive,5
CHEMBL3683220,O=S(=O)(Nc1ncns1)N1CCc2c(cccc2-c2ccc(C(F)(F)F)cc2N2CCOCC2)C1,<rdkit.Chem.rdchem.Mol object at 0x000002279289D690>,10000,525.578,3.7755,5,1,7,87.66,inactive,5
CHEMBL3704442,Cn1cc(-c2ccncc2Cl)c2ccc(S(=O)(=O)Nc3ncns3)cc21,<rdkit.Chem.rdchem.Mol object at 0x000002279289D700>,10000,405.892,3.546,4,1,7,89.77,inactive,5
CHEMBL3683238,COc1cc(C(F)(F)F)ccc1-c1cccc2c1CN(S(=O)(=O)Nc1ncns1)CC2,<rdkit.Chem.rdchem.Mol object at 0x000002279289D770>,10000,470.498,3.9475,5,1,6,84.42,inactive,5
CHEMBL3704426,Cn1cc(-c2cccc(C#N)c2)c2ccc(S(=O)(=O)Nc3ncns3)cc21,<rdkit.Chem.rdchem.Mol object at 0x000002279289D7E0>,10000,395.469,3.36928,4,1,7,100.67,inactive,5
CHEMBL3657998,O=C(NS(=O)(=O)C1CC1)c1cc(C2CC2)c(OCC2CCC(F)(F)CC2)cc1F,<rdkit.Chem.rdchem.Mol object at 0x000002279289D850>,630,431.476,4.1294,7,1,4,72.47,active,6.200659451
CHEMBL3704427,Cn1cc(-c2ccccc2)c2ccc(S(=O)(=O)Nc3ncns3)cc21,<rdkit.Chem.rdchem.Mol object at 0x000002279289D8C0>,10000,370.459,3.4976,4,1,6,76.88,inactive,5
CHEMBL3683233,COc1ncccc1-c1cccc2c1CCN(S(=O)(=O)Nc1ncns1)C2,<rdkit.Chem.rdchem.Mol object at 0x000002279289D930>,10000,403.489,2.3237,5,1,7,97.31,inactive,5
CHEMBL3683210,Cc1cncc(-c2cc(C(F)(F)F)ccc2-c2cccc3c2CCN(S(=O)(=O)Nc2ncns2)C3)c1,<rdkit.Chem.rdchem.Mol object at 0x000002279289D9A0>,10000,531.585,5.30932,5,1,6,88.08,inactive,5
CHEMBL3662095,COCCS(=O)(=O)NC(=O)c1cnc(OCC23CC4CC(CC(C4)C2)C3)c(C2CC2)c1,<rdkit.Chem.rdchem.Mol object at 0x000002279289DA10>,15300,448.585,3.2602,9,1,6,94.59,inactive,4.815308569
CHEMBL3662094,O=C(NS(=O)(=O)N1CCC1)c1cnc(OCC23CC4CC(CC(C4)C2)C3)c(C2CC2)c1,<rdkit.Chem.rdchem.Mol object at 0x000002279289DA80>,7500,445.585,3.2345,7,1,5,88.6,inactive,5.124938737
CHEMBL3704438,CN(C)c1cccc(-c2cn(C)c3cc(S(=O)(=O)Nc4ncns4)ccc23)c1,<rdkit.Chem.rdchem.Mol object at 0x000002279289DAF0>,10000,413.528,3.5636,5,1,7,80.12,inactive,5
CHEMBL3704451,COc1ccc(-c2cn(C)c3cc(S(=O)(=O)Nc4ncns4)ccc23)cn1,<rdkit.Chem.rdchem.Mol object at 0x000002279289DB60>,10000,401.473,2.9012,5,1,8,99,inactive,5
CHEMBL3683239,O=S(=O)(Nc1ccncn1)N1CCc2c(cccc2-c2ccc(C(F)(F)F)cc2Br)C1,<rdkit.Chem.rdchem.Mol object at 0x000002279289DBD0>,10000,513.339,4.6399,4,1,4,75.19,inactive,5
CHEMBL3683224,O=S(=O)(Nc1nccs1)N1CCc2c(cccc2-c2ccc(C(F)(F)F)cc2C2=CCNCC2)C1,<rdkit.Chem.rdchem.Mol object at 0x000002279289DC40>,10000,520.602,4.9206,5,2,5,74.33,inactive,5
CHEMBL3704410,Cn1cc(-c2cc(-c3ccncc3)cc(C(F)(F)F)c2)c2ccc(S(=O)(=O)Nc3ncns3)cc21,<rdkit.Chem.rdchem.Mol object at 0x000002279289DCB0>,10000,515.542,5.5784,5,1,7,89.77,inactive,5
CHEMBL3683215,COc1ccc(-c2cccc3c2CCN(S(=O)(=O)Nc2ncns2)C3)c(OC)c1,<rdkit.Chem.rdchem.Mol object at 0x000002279289DD20>,10000,432.527,2.9373,6,1,7,93.65,inactive,5
CHEMBL3657877,CS(=O)(=O)NC(=O)c1ccc(OCC23CC4CC(CC(C4)C2)C3)c(C2CC2)c1,<rdkit.Chem.rdchem.Mol object at 0x000002279289DD90>,700,403.544,3.8486,6,1,4,72.47,active,6.15490196
CHEMBL3683195,O=S(=O)(Nc1ncns1)N1CCc2c(cccc2-c2ccc(C(F)(F)F)cc2-c2ccncc2)C1,<rdkit.Chem.rdchem.Mol object at 0x000002279289DE00>,10000,517.558,5.0009,5,1,6,88.08,inactive,5
CHEMBL3683208,O=S(=O)(Nc1ncns1)N1CCc2c(cccc2-c2ccc(C(F)(F)F)cc2C2=CCOCC2)C1,<rdkit.Chem.rdchem.Mol object at 0x000002279289DE70>,10000,522.574,4.7426,5,1,6,84.42,inactive,5
CHEMBL3704441,Cn1nccc1-c1cc(C(F)(F)F)ccc1-c1cn(C)c2cc(S(=O)(=O)Nc3nc(Br)ns3)ccc12,<rdkit.Chem.rdchem.Mol object at 0x000002279289DEE0>,10000,597.442,5.6794,5,1,8,94.7,inactive,5
CHEMBL3798258,CC(C)(C)OC(=O)N1CCN(c2cccc3c2cnn3-c2ccccc2F)C1=O,<rdkit.Chem.rdchem.Mol object at 0x000002279289DF50>,5000,396.422,4.3417,2,0,5,67.67,inactive,5.301029996
CHEMBL3799205,O=C(CN1CCN(c2cccc3c2cnn3-c2ccccc2F)C1=O)NC1CC1,<rdkit.Chem.rdchem.Mol object at 0x000002279289DFC0>,33000,393.422,2.6852,5,1,4,70.47,inactive,4.48148606
CHEMBL3800069,O=C1C2CN(Cc3ccccc3)CC2CN1c1cccc2c1cnn2-c1ccccc1F,<rdkit.Chem.rdchem.Mol object at 0x000002279289E030>,2500,426.495,4.2594,4,0,4,41.37,active,5.602059991
CHEMBL3799939,CC(C)(O)CC(=O)N1CC[C@H]2CN(c3cccc4c3cnn4-c3ccccc3F)C(=O)C21,<rdkit.Chem.rdchem.Mol object at 0x000002279289E0A0>,16400,436.487,2.8893,4,1,5,78.67,inactive,4.785156152
CHEMBL3928500,COc1ccc(CCO[C@H]2CCCC[C@@H]2N2CC[C@H](O)C2)cc1OC,<rdkit.Chem.rdchem.Mol object at 0x000002279289E110>,37200,349.471,2.6407,7,1,5,51.16,inactive,4.42945706
CHEMBL3677853,O=S(=O)(Nc1ncns1)c1ccc2c(-c3ccc(F)cc3Cl)cccc2c1,<rdkit.Chem.rdchem.Mol object at 0x000002279289E180>,23800,419.89,4.9516,4,1,5,71.95,inactive,4.623423043
CHEMBL3682641,COc1cc(Cl)ccc1-c1cccc2cc(S(=O)(=O)Nc3ncns3)ccc12,<rdkit.Chem.rdchem.Mol object at 0x000002279289E1F0>,19900,431.926,4.8211,5,1,6,81.18,inactive,4.701146924
CHEMBL3682644,Cc1cc(Cl)ccc1-c1cccc2cc(S(=O)(=O)Nc3ncns3)ccc12,<rdkit.Chem.rdchem.Mol object at 0x000002279289E260>,9580,415.927,5.12092,4,1,5,71.95,inactive,5.018634491
CHEMBL3682650,O=S(=O)(Nc1ncns1)c1ccc2c(-c3ccc(Cl)cc3C(F)(F)F)cccc2c1,<rdkit.Chem.rdchem.Mol object at 0x000002279289E2D0>,7770,469.897,5.8313,4,1,5,71.95,inactive,5.109578981
CHEMBL3682769,COc1cc(Cl)c(Cl)cc1-c1nccc2cc(S(=O)(=O)Nc3nccs3)ccc12,<rdkit.Chem.rdchem.Mol object at 0x000002279289E340>,30000,466.371,5.4745,5,1,6,81.18,inactive,4.522878745
CHEMBL3682782,N#CCOc1cc(F)ccc1-c1nccc2cc(S(=O)(=O)Nc3nccs3)ccc12,<rdkit.Chem.rdchem.Mol object at 0x000002279289E3B0>,30000,440.481,4.20058,6,1,7,104.97,inactive,4.522878745
CHEMBL3682816,COc1cc(C(F)(F)F)ccc1-c1ncc(O)c2cc(S(=O)(=O)Nc3nccs3)ccc12,<rdkit.Chem.rdchem.Mol object at 0x000002279289E420>,20400,481.477,4.8921,5,2,7,101.41,inactive,4.690369833
CHEMBL3687594,COc1cc(C(F)(F)F)ccc1-c1ccnc2cc(S(=O)(=O)Nc3nccs3)c(F)cc12,<rdkit.Chem.rdchem.Mol object at 0x000002279289E490>,2790,483.468,5.3256,5,1,6,81.18,active,5.554395797
CHEMBL3687613,COc1cc(-c2cccc(F)c2)c(C#N)cc1-c1nccc2cc(S(=O)(=O)Nc3ncns3)ccc12,<rdkit.Chem.rdchem.Mol object at 0x000002279289E500>,30000,517.567,5.24048,6,1,8,117.86,inactive,4.522878745
CHEMBL3687633,COc1nc(-c2cccc(F)c2)ccc1-c1nccc2cc(S(=O)(=O)Nc3ccncn3)ccc12,<rdkit.Chem.rdchem.Mol object at 0x000002279289E570>,30000,487.516,4.7023,6,1,7,106.96,inactive,4.522878745
CHEMBL3687640,COc1cc(-c2cc(F)cc(F)c2)ccc1-c1nccc2cc(S(=O)(=O)Nc3ccnc(C)n3)ccc12,<rdkit.Chem.rdchem.Mol object at 0x000002279289E5E0>,30000,518.545,5.75482,6,1,6,94.07,inactive,4.522878745
CHEMBL3687652,COc1cc(F)ccc1-c1ncc(F)c2cc(S(=O)(=O)Nc3ncns3)ccc12,<rdkit.Chem.rdchem.Mol object at 0x000002279289E650>,30000,434.449,3.8409,5,1,7,94.07,inactive,4.522878745
CHEMBL3687685,COc1cc(-c2cccc(F)c2F)ccc1-c1nccc2cc(S(=O)(=O)Nc3ccncn3)ccc12,<rdkit.Chem.rdchem.Mol object at 0x000002279289E6C0>,30000,504.518,5.4464,6,1,6,94.07,inactive,4.522878745
CHEMBL3687688,COc1cc(-c2c(F)cccc2F)ccc1-c1nccc2cc(S(=O)(=O)Nc3ccncn3)ccc12,<rdkit.Chem.rdchem.Mol object at 0x000002279289E730>,30000,504.518,5.4464,6,1,6,94.07,inactive,4.522878745
CHEMBL3687705,COc1ccc(-c2ccc(-c3nccc4cc(S(=O)(=O)Nc5ccncn5)ccc34)c(OC)c2)cc1,<rdkit.Chem.rdchem.Mol object at 0x000002279289E7A0>,30000,498.564,5.1768,7,1,7,103.3,inactive,4.522878745
CHEMBL3687707,COc1cc(-c2cc(C)cc(C)c2)ccc1-c1nccc2cc(S(=O)(=O)Nc3ccncn3)ccc12,<rdkit.Chem.rdchem.Mol object at 0x000002279289E810>,30000,496.592,5.78504,6,1,6,94.07,inactive,4.522878745
CHEMBL3687728,COc1cc(-c2ccc(Cl)c(C)c2)ccc1-c1nccc2cc(S(=O)(=O)Nc3ccncn3)ccc12,<rdkit.Chem.rdchem.Mol object at 0x000002279289E880>,30000,517.01,6.13002,6,1,6,94.07,inactive,4.522878745
CHEMBL3687740,COc1cc(C(F)F)c(F)cc1-c1ncnc2cc(S(=O)(=O)Nc3cscn3)ccc12,<rdkit.Chem.rdchem.Mol object at 0x000002279289E8F0>,30000,466.466,4.6394,6,1,7,94.07,inactive,4.522878745
CHEMBL3687748,COc1cc(Cl)ccc1-c1ncnc2cc(S(=O)(=O)Nc3ncns3)ccc12,<rdkit.Chem.rdchem.Mol object at 0x000002279289E960>,30000,433.902,3.6111,5,1,8,106.96,inactive,4.522878745
CHEMBL3935302,COc1cc(-c2cc(F)cc(F)c2)c(C)cc1-n1c(=O)ccc2cc(S(=O)(=O)Nc3ccon3)ccc21,<rdkit.Chem.rdchem.Mol object at 0x000002279289E9D0>,30000,523.517,5.04172,6,1,7,103.43,inactive,4.522878745
CHEMBL3960217,Cc1nsc(NS(=O)(=O)c2ccc3c(c2)OCCN3c2ccc(C(F)(F)F)cc2Cl)n1,<rdkit.Chem.rdchem.Mol object at 0x000002279289EA40>,10000,490.916,4.85002,4,1,7,84.42,inactive,5
CHEMBL3959065,Nc1cc(-c2cc(C(F)(F)F)ccc2N2CCOc3cc(S(=O)(=O)Nc4ncns4)ccc32)ccn1,<rdkit.Chem.rdchem.Mol object at 0x000002279289EAB0>,634,534.545,4.5324,5,2,9,123.33,active,6.197910742
CHEMBL3913179,COCCOc1ccc(N2CCOc3cc(S(=O)(=O)Nc4ncns4)ccc32)cc1,<rdkit.Chem.rdchem.Mol object at 0x000002279289EB20>,10000,448.526,2.8946,8,1,9,102.88,inactive,5
CHEMBL3961669,O=S(=O)(Nc1nccs1)c1ccc2c(c1)OCCN2c1ccccc1Cl,<rdkit.Chem.rdchem.Mol object at 0x000002279289EB90>,10000,407.904,4.1278,4,1,6,71.53,inactive,5
CHEMBL3985774,O=S(=O)(Nc1nccs1)c1ccc2c(c1)OCCN2c1ccc2nccnc2c1,<rdkit.Chem.rdchem.Mol object at 0x000002279289EC00>,4440,425.495,3.4176,4,1,8,97.31,active,5.35261703
CHEMBL3912549,O=S(=O)(Nc1nccs1)c1ccc2c(c1)OCCN2c1ccc2scnc2c1,<rdkit.Chem.rdchem.Mol object at 0x000002279289EC70>,10000,430.536,4.0841,4,1,8,84.42,inactive,5
CHEMBL3956199,Cc1ccc(F)cc1N1CCOc2cc(S(=O)(=O)Nc3nccs3)ccc21,<rdkit.Chem.rdchem.Mol object at 0x000002279289ECE0>,10000,405.476,3.92192,4,1,6,71.53,inactive,5
CHEMBL3904727,C[C@H]1CN(c2ccc(C(F)(F)F)cc2C#N)c2ccc(S(=O)(=O)Nc3nccs3)cc2O1,<rdkit.Chem.rdchem.Mol object at 0x000002279289ED50>,724,480.493,4.75338,4,1,7,95.32,active,6.140261434
CHEMBL4115193,C[C@@H]1COc2cc(S(=O)(=O)Nc3nccs3)ccc2N1c1ccc(C(F)(F)F)cc1C#N,<rdkit.Chem.rdchem.Mol object at 0x000002279289EDC0>,851,480.493,4.75338,4,1,7,95.32,active,6.07007044
CHEMBL3897290,C[C@H]1COc2cc(S(=O)(=O)Nc3nccs3)ccc2N1c1ccc(C(F)(F)F)cc1C#N,<rdkit.Chem.rdchem.Mol object at 0x000002279289EE30>,10000,480.493,4.75338,4,1,7,95.32,inactive,5
CHEMBL3903688,COc1cc(C#N)ccc1N1C[C@H](C)Oc2cc(S(=O)(=O)Nc3nccs3)ccc21,<rdkit.Chem.rdchem.Mol object at 0x000002279289EEA0>,10000,442.522,3.74318,5,1,8,104.55,inactive,5
CHEMBL3912701,Cc1cc(F)cnc1N1CCOc2cc(S(=O)(=O)Nc3nccs3)ccc21,<rdkit.Chem.rdchem.Mol object at 0x000002279289EF10>,10000,406.464,3.31692,4,1,7,84.42,inactive,5
CHEMBL3895556,COc1ccc(F)cc1N1CCOc2cc(S(=O)(=O)Nc3nccs3)ccc21,<rdkit.Chem.rdchem.Mol object at 0x000002279289EF80>,10000,421.475,3.6221,5,1,7,80.76,inactive,5
CHEMBL3915316,O=S(=O)(Nc1nccs1)c1ccc2c(c1)OCCN2c1ccccc1C(F)(F)F,<rdkit.Chem.rdchem.Mol object at 0x000002279289EFF0>,10000,441.456,4.4932,4,1,6,71.53,inactive,5
CHEMBL3939862,COc1cnccc1N1CCOc2cc(S(=O)(=O)Nc3nccs3)ccc21,<rdkit.Chem.rdchem.Mol object at 0x000002279289F060>,10000,404.473,2.878,5,1,8,93.65,inactive,5
CHEMBL3948715,O=S(=O)(Nc1nccs1)c1ccc2c(c1)OCCN2c1ccccc1,<rdkit.Chem.rdchem.Mol object at 0x000002279289F0D0>,10000,373.459,3.4744,4,1,6,71.53,inactive,5
CHEMBL3937896,O=S(=O)(Nc1nccs1)c1ccc2c(c1)OCCN2c1cccc(C(F)(F)F)c1,<rdkit.Chem.rdchem.Mol object at 0x000002279289F140>,10000,441.456,4.4932,4,1,6,71.53,inactive,5
CHEMBL3933849,COc1ccc(C#N)c(N2CCOc3cc(S(=O)(=O)Nc4nccs4)ccc32)c1,<rdkit.Chem.rdchem.Mol object at 0x000002279289F1B0>,7590,428.495,3.35468,5,1,8,104.55,inactive,5.119758224
CHEMBL3948159,O=S(=O)(Nc1nccs1)c1ccc2c(c1)OCCN2c1ccc(Cl)cc1OC(F)F,<rdkit.Chem.rdchem.Mol object at 0x000002279289F220>,1560,473.91,4.7292,6,1,7,80.76,active,5.806875402
CHEMBL3944229,O=S(=O)(Nc1nccs1)c1ccc2c(c1)OCCN2c1ccc(C(F)(F)F)cc1CC(O)CO,<rdkit.Chem.rdchem.Mol object at 0x000002279289F290>,3110,515.535,3.3889,7,3,8,111.99,active,5.507239611
CHEMBL4068919,C[C@]1(C(=O)O)CC[C@@](C)(c2nc(-c3ccc(C(=O)Nc4cc(C(F)(F)F)ccn4)cc3)c3c(N)nccn23)C1,<rdkit.Chem.rdchem.Mol object at 0x000002279289F300>,30000,538.53,5.1771,5,3,7,135.5,inactive,4.522878745
CHEMBL4074920,Cc1noc(-c2cccc(CN3CCN(C(=O)c4ccc(C[C@@H]5CC[C@H]([C@H](O)c6ccccc6)N5)cc4)CC3)n2)n1,<rdkit.Chem.rdchem.Mol object at 0x000002279289F370>,30000,552.679,3.79472,8,2,8,107.62,inactive,4.522878745
CHEMBL4087670,O=C(c1ccc(C[C@@H]2CC[C@H]([C@H](O)c3ccccc3)N2)cc1)N1CCN(Cc2ncn(CC(F)F)n2)CC1,<rdkit.Chem.rdchem.Mol object at 0x000002279289F3E0>,30000,524.616,2.8979,9,2,7,86.52,inactive,4.522878745
CHEMBL4066314,O=C(c1ccc(C[C@@H]2CC[C@H]([C@H](O)c3ccccc3)N2)cc1)N1CCN(Cc2ncn(CC(F)(F)F)n2)CC1,<rdkit.Chem.rdchem.Mol object at 0x000002279289F450>,30000,542.606,3.1951,8,2,7,86.52,inactive,4.522878745
CHEMBL4076627,N[C@H]1CC[C@@H](CNc2cc(F)c(S(=O)(=O)Nc3ncns3)cc2Cl)CC1,<rdkit.Chem.rdchem.Mol object at 0x000002279289F4C0>,2600,419.935,3.0608,6,3,7,110,active,5.585026652
CHEMBL4097237,N[C@H]1CC[C@H](CNc2cc(F)c(S(=O)(=O)Nc3nccs3)cc2Cl)CC1,<rdkit.Chem.rdchem.Mol object at 0x000002279289F530>,30000,418.947,3.6658,6,3,6,97.11,inactive,4.522878745
CHEMBL4104224,COc1cc(-c2cc(F)cnc2OC)c(F)cc1-c1nccc2cc(S(=O)(=O)Nc3ccon3)ccc12,<rdkit.Chem.rdchem.Mol object at 0x000002279289F5A0>,10000,524.505,5.048,7,1,8,116.44,inactive,5
CHEMBL4080907,COc1cc(-c2cccc(Cl)c2)c(F)cc1-c1nccc2cc(S(=O)(=O)Nc3ccon3)ccc12,<rdkit.Chem.rdchem.Mol object at 0x000002279289F610>,10000,509.946,6.1587,6,1,6,94.32,inactive,5
CHEMBL4068143,COc1cc(-c2cccc(F)c2)c(Cl)cc1-c1[nH]c(=O)cc2cc(S(=O)(=O)Nc3ccon3)ccc12,<rdkit.Chem.rdchem.Mol object at 0x000002279289F680>,820,525.945,5.452,6,2,6,114.29,active,6.086186148
CHEMBL4097970,COc1cc(-c2cccc(F)c2)c(Cl)cc1-c1nn(C)c(=O)c2cc(S(=O)(=O)Nc3ccon3)ccc12,<rdkit.Chem.rdchem.Mol object at 0x000002279289F6F0>,10000,540.96,4.8574,6,1,8,116.32,inactive,5
CHEMBL4064700,Cc1nc(NS(=O)(=O)c2cc(Cl)c(NCC34CCCN3CCC4)cc2F)sc1F,<rdkit.Chem.rdchem.Mol object at 0x000002279289F760>,30000,462.975,4.22422,6,2,6,74.33,inactive,4.522878745
CHEMBL4062780,CC1(C)CN2CCC[C@]2(CNc2cc(F)c(S(=O)(=O)Nc3nccs3)cc2Cl)C1,<rdkit.Chem.rdchem.Mol object at 0x000002279289F7D0>,30000,459.012,4.4128,6,2,6,74.33,inactive,4.522878745
CHEMBL2324411,Cn1nccc1-c1cc(Cl)ccc1Oc1ccc(S(=O)(=O)Nc2ncns2)cc1F,<rdkit.Chem.rdchem.Mol object at 0x000002279289F840>,15060,465.919,4.3242,6,1,8,99,inactive,4.822175028
CHEMBL2324391,Cn1nccc1-c1cc(Cl)ccc1Oc1cc(F)c(S(=O)(=O)Nc2ccncn2)cc1Cl,<rdkit.Chem.rdchem.Mol object at 0x000002279289F8B0>,10000,494.335,4.9161,6,1,7,99,inactive,5
CHEMBL2325330,N#Cc1cc(S(=O)(=O)Nc2ncns2)ccc1Oc1ccc(Cl)cc1-c1cn[nH]c1,<rdkit.Chem.rdchem.Mol object at 0x000002279289F920>,17060,458.912,4.04638,6,2,8,133.65,inactive,4.768020973
CHEMBL2325021,N#Cc1cc(S(=O)(=O)Nc2ncns2)ccc1Oc1ccc(C(F)(F)F)cc1-c1ccnnc1,<rdkit.Chem.rdchem.Mol object at 0x000002279289F990>,35118,504.475,4.47868,6,1,9,130.75,inactive,4.454470226
CHEMBL4102233,O=S(=O)(Nc1nccs1)c1cc(Cl)c(NC[C@H]2CCCO[C@@H]2c2ccccc2)cc1F,<rdkit.Chem.rdchem.Mol object at 0x000002279289FA00>,77,482.002,5.3162,7,2,6,80.32,active,7.113509275
CHEMBL4092683,O=C(Nc1cccc(C(F)(F)F)c1-c1ccncc1)c1cccc(-c2ncccc2C(F)(F)F)c1,<rdkit.Chem.rdchem.Mol object at 0x000002279289FA70>,13000,487.403,7.1005,4,1,3,54.88,inactive,4.886056648
CHEMBL4064479,O=C(Nc1cccc(C(F)(F)F)c1-c1ncccc1F)c1cccc(-c2ncccc2C(F)(F)F)c1,<rdkit.Chem.rdchem.Mol object at 0x000002279289FAE0>,1200,505.393,7.2396,4,1,3,54.88,active,5.920818754
CHEMBL4127331,CC(C)COc1ncc(-c2cc(F)c(-c3n[nH]c(S(=O)(=O)C4CCC4)n3)cc2F)cc1Cl,<rdkit.Chem.rdchem.Mol object at 0x000002279289FB50>,1800,482.94,4.8263,7,1,6,97.83,active,5.744727495
CHEMBL4128079,C[C@]12CCC(F)(F)C[C@H]1C[C@@H](N1CCC[C@@H](N)C1)[C@@H]2Oc1ccc(C#N)cc1,<rdkit.Chem.rdchem.Mol object at 0x000002279289FBC0>,27000,389.49,3.94278,3,1,4,62.28,inactive,4.568636236
CHEMBL4126435,CN(C)C(=O)/C=C1\CC[C@@]2(C)[C@@H](C1)C[C@@H](N1CCC[C@@H](N)C1)[C@@H]2Oc1ccc(C#N)cc1,<rdkit.Chem.rdchem.Mol object at 0x000002279289FC30>,100000,436.6,3.32208,4,1,5,82.59,inactive,4
CHEMBL4215835,CC(CC(=O)O)c1cccc(-n2c(C(N)=O)cc3ccc(OC(F)(F)F)cc32)n1,<rdkit.Chem.rdchem.Mol object at 0x000002279289FCA0>,33000,407.348,3.6012,6,2,5,107.44,inactive,4.48148606
CHEMBL4279870,N#Cc1ccc(C(C(=O)NCc2ccccc2)N2CCN(C(=O)c3cc(F)cc(F)c3)CC2)cc1,<rdkit.Chem.rdchem.Mol object at 0x000002279289FD10>,6500,474.511,3.65198,6,1,4,76.44,inactive,5.187086643
CHEMBL4291730,N#Cc1ccc(C(C(=O)NCC2CC2)N2CC3CCC(C2)N3C(=O)c2cc(F)cc(F)c2)cc1,<rdkit.Chem.rdchem.Mol object at 0x000002279289FD80>,42000,464.516,3.39278,6,1,4,76.44,inactive,4.37675071
CHEMBL4283876,N#Cc1ccc(C(C(=O)NCC2CC2)N2CC3CCC(C2)N3C(=O)c2cc(F)ccc2F)cc1,<rdkit.Chem.rdchem.Mol object at 0x000002279289FDF0>,42000,464.516,3.39278,6,1,4,76.44,inactive,4.37675071
CHEMBL4435025,Cc1cn(C2CCCCC2)c2ccc(C(=O)NS(=O)(=O)C3CC3)cc12,<rdkit.Chem.rdchem.Mol object at 0x000002279289FE60>,13000,360.479,3.67692,4,1,4,68.17,inactive,4.886056648
CHEMBL4464186,Cn1cc(C2(C)CCCCO2)c2ccc(C(=O)NS(=O)(=O)C3CC3)cc21,<rdkit.Chem.rdchem.Mol object at 0x000002279289FED0>,30000,376.478,2.816,4,1,5,77.4,inactive,4.522878745
CHEMBL4472095,C[C@@H]1CC[C@@H](c2cn(C)c3cc(C(=O)NS(=O)(=O)C4CC4)ccc23)C1,<rdkit.Chem.rdchem.Mol object at 0x000002279289FF40>,30000,360.479,3.3039,4,1,4,68.17,inactive,4.522878745
CHEMBL4459790,CN(C)S(=O)(=O)NC(=O)c1ccc2c(-c3ccc(C(F)(F)F)cc3)cn(C)c2c1,<rdkit.Chem.rdchem.Mol object at 0x0000022792894040>,19000,425.432,3.4003,4,1,4,71.41,inactive,4.721246399
CHEMBL4555930,Cn1cc(-c2ccc(C(F)(F)F)cc2)c2ccc(C(=O)NS(=O)(=O)c3cccs3)cc21,<rdkit.Chem.rdchem.Mol object at 0x00000227928940B0>,3900,464.49,5.0443,4,1,5,68.17,active,5.408935393
CHEMBL4475017,CC(C)COc1ncc(-c2cn(C)c3cc(C(=O)NS(C)(=O)=O)c(F)cc23)cc1Cl,<rdkit.Chem.rdchem.Mol object at 0x0000022792894120>,7200,453.923,3.757,6,1,6,90.29,inactive,5.142667504
CHEMBL4435148,CC(C)COc1ncc(-c2cn(C(C)C)c3cc(C(=O)NS(C)(=O)=O)ccc23)cc1Cl,<rdkit.Chem.rdchem.Mol object at 0x0000022792894190>,1700,463.987,4.6618,7,1,6,90.29,active,5.769551079
CHEMBL4462738,CC(C)COc1ncc(Oc2nccc3cc(C(=O)NS(C)(=O)=O)ccc23)cc1Cl,<rdkit.Chem.rdchem.Mol object at 0x0000022792894200>,8700,449.916,3.7997,7,1,7,107.48,inactive,5.060480747
CHEMBL4467379,CC(C)COc1ncc(-c2ccc(C(=O)NS(C)(=O)=O)cc2C#N)cc1Cl,<rdkit.Chem.rdchem.Mol object at 0x0000022792894270>,24000,407.879,2.99788,6,1,6,109.15,inactive,4.619788758
CHEMBL4448552,COc1cc(C(=O)NS(C)(=O)=O)ccc1-c1cnc(N2CCC[C@H]2C(C)C)c(Cl)c1,<rdkit.Chem.rdchem.Mol object at 0x00000227928942E0>,2500,451.976,3.7248,6,1,6,88.6,active,5.602059991
CHEMBL4532519,COc1cc(C(=O)NS(C)(=O)=O)ccc1-c1cnc(Oc2cc(Cl)cc(Cl)c2)c(C(F)F)c1,<rdkit.Chem.rdchem.Mol object at 0x0000022792894350>,18800,517.337,5.4833,7,1,6,94.59,inactive,4.725842151
CHEMBL4459021,COc1cc(C(=O)NS(C)(=O)=O)c(F)cc1-c1cnc(OCC2(C)CC2)c(Cl)c1,<rdkit.Chem.rdchem.Mol object at 0x00000227928943C0>,11000,442.896,3.418,7,1,6,94.59,inactive,4.958607315
CHEMBL4634421,O=S(=O)(Nc1nccs1)c1ccc2c(c1)OCC[C@@H]2c1ccc(C(F)(F)F)cc1-c1ccc(F)nc1,<rdkit.Chem.rdchem.Mol object at 0x0000022792894430>,154,535.544,6.0782,5,1,6,81.18,active,6.812479279
CHEMBL4635396,O=S(=O)(Nc1ccncn1)c1ccc2c(c1)OCC[C@@H]2c1ccc(C(F)(F)F)cc1-c1ccc(F)cn1,<rdkit.Chem.rdchem.Mol object at 0x00000227928944A0>,2516,530.503,5.4117,5,1,6,94.07,active,5.599289363
CHEMBL4636838,O=S(=O)(Nc1nccs1)c1ccc2c(c1)OCC[C@@H]2c1ccc(C(F)(F)F)cc1-c1ccc(F)cc1,<rdkit.Chem.rdchem.Mol object at 0x0000022792894510>,124,534.556,6.6832,5,1,5,68.29,active,6.906578315
CHEMBL4852785,C[C@H](N)[C@@H]1CCN(c2c(F)cc3cc(C(=O)O)c(=O)n4c3c2OC[C@@H]4C)C1,<rdkit.Chem.rdchem.Mol object at 0x0000022792894580>,500000,375.4,1.9657,3,2,6,97.79,inactive,3.301029996
CHEMBL4867251,O=S(=O)(Nc1ncns1)c1cc(F)c(O[C@H]2CCN(CC(F)(F)F)C[C@@H]2c2ccccc2)cc1F,<rdkit.Chem.rdchem.Mol object at 0x00000227928945F0>,7830,534.532,4.4163,7,1,7,84.42,inactive,5.106238238
CHEMBL4877705,O=S(=O)(Nc1ncccn1)c1cc(F)c(O[C@H]2CCN(CC(F)(F)F)C[C@@H]2c2ccccc2)cc1F,<rdkit.Chem.rdchem.Mol object at 0x0000022792894660>,7140,528.503,4.3548,7,1,6,84.42,inactive,5.146301788
CHEMBL5082739,O=C(NS(=O)(=O)C1COC1)c1cc(C2CC2)c(OCC23CC4CC(CC(C4)C2)C3)cc1F,<rdkit.Chem.rdchem.Mol object at 0x00000227928946D0>,750,463.571,3.7567,7,1,5,81.7,active,6.124938737
CHEMBL5191783,C[C@H]1C[C@@H](N2C(=O)C[C@@](C)(c3cccc(Nc4ccc(C5CC5)nc4)c3Cl)N=C2N)CCO1,<rdkit.Chem.rdchem.Mol object at 0x0000022792894740>,5000,468.001,4.6857,5,2,6,92.84,inactive,5.301029996
CHEMBL5196079,CNCC[C@@](O)(c1cccc2ccccc12)[C@H](c1ccccc1)c1ccc(-c2ccc(Cl)cc2)nc1OC,<rdkit.Chem.rdchem.Mol object at 0x00000227928947B0>,10000,523.076,7.193,9,2,4,54.38,inactive,5
CHEMBL3971533,O=C(c1ccc2cc(Oc3ccc(C(F)(F)F)cn3)ccc2n1)N1CCN(CC(F)(F)F)CC1,<rdkit.Chem.rdchem.Mol object at 0x0000022792894820>,33000,484.4,4.761,4,0,5,58.56,inactive,4.48148606
CHEMBL3929432,O=C(N[C@H]1C[C@@H](O)C1)c1ccc2cc(Oc3ccc(C(F)(F)F)cn3)ccc2n1,<rdkit.Chem.rdchem.Mol object at 0x0000022792894890>,33000,403.36,3.694,4,2,5,84.34,inactive,4.48148606
CHEMBL3939162,CS(=O)(=O)CCNC(=O)c1ccc2cc(Oc3ccc(C(F)(F)F)cn3)ccc2n1,<rdkit.Chem.rdchem.Mol object at 0x0000022792894900>,33000,439.415,3.2153,6,1,6,98.25,inactive,4.48148606
CHEMBL3934019,O=C(c1ccc2cc(Oc3ccc(C(F)(F)F)cn3)ccc2n1)N1CC(F)(F)C1,<rdkit.Chem.rdchem.Mol object at 0x0000022792894970>,10200,409.314,4.532,3,0,4,55.32,inactive,4.991399828
CHEMBL5178575,FC(F)(F)c1c(Cl)ccc(-n2ccnn2)c1Cl,<rdkit.Chem.rdchem.Mol object at 0x00000227928949E0>,30000,282.052,3.5929,1,0,3,30.71,inactive,4.522878745
CHEMBL4636881,CC(=O)Nc1c(F)cc(C(=O)N[C@H]2CC[C@H](O)CC2)cc1O[C@@H](C)c1ccccc1,<rdkit.Chem.rdchem.Mol object at 0x0000022792894A50>,100000,414.477,3.9574,6,3,4,87.66,inactive,4
CHEMBL4549658,C[C@H]1CCN1c1nc(N2C[C@@H]3[C@@H](CC(=O)O)[C@@H]3C2)cc(C(F)(F)F)n1,<rdkit.Chem.rdchem.Mol object at 0x0000022792894AC0>,30000,356.348,2.2509,4,1,5,69.56,inactive,4.522878745
CHEMBL5396961,C[C@@]1(N2CCC(c3cc4cc(NC(=O)C5CC56CC6)ncc4cc3Cl)CC2)COC[C@@H]1O,<rdkit.Chem.rdchem.Mol object at 0x0000022792894B30>,28000,455.986,3.956,4,2,5,74.69,inactive,4.552841969
CHEMBL2093896,CSc1ccc([C@H]2N=C(OCc3ccc(NS(C)(=O)=O)cc3)N(C)Cc3ccccc32)cc1,<rdkit.Chem.rdchem.Mol object at 0x0000022792894BA0>,30000,481.643,4.8876,6,1,6,71,inactive,4.522878745
CHEMBL1788304,CN1Cc2ccccc2[C@H](c2ccc(F)cc2F)N=C1CCc1ccc(NS(C)(=O)=O)cc1,<rdkit.Chem.rdchem.Mol object at 0x0000022792894C10>,100000,469.557,4.9024,6,1,4,61.77,inactive,4
CHEMBL110352,N=C(NCCCCc1ccccc1)NC(=O)c1c(Cl)cccc1Cl,<rdkit.Chem.rdchem.Mol object at 0x0000022792894C80>,5400,364.276,4.27047,6,3,2,64.98,inactive,5.26760624
CHEMBL106351,Cc1ccc(C(=O)N=C(N)Nc2ccc(OC(C)C)cc2)cc1,<rdkit.Chem.rdchem.Mol object at 0x0000022792894CF0>,5750,311.385,3.34922,4,2,2,76.71,inactive,5.240332155
CHEMBL320314,COc1cccc2[nH]cc(CCN=C(N)NC(=O)c3ccc(C)cc3)c12,<rdkit.Chem.rdchem.Mol object at 0x0000022792894D60>,3920,350.422,2.77212,5,3,3,92.5,active,5.406713933
CHEMBL106356,Cc1ccc(C(=O)N=C(N)NCCOc2ccccc2)cc1,<rdkit.Chem.rdchem.Mol object at 0x0000022792894DD0>,14200,297.358,2.11852,5,2,2,76.71,inactive,4.847711656
CHEMBL486495,CC(C)(C)c1ccc(-c2ccc(C(=O)N3CCN(C4CCCCC4)CC3)o2)cc1,<rdkit.Chem.rdchem.Mol object at 0x0000022792894E40>,100,394.559,5.3346,3,0,3,36.69,active,7
CHEMBL523565,O=C(N[C@H]1C[C@@H]1c1ccccc1)N1CCC2(CC1)CC(O)c1ncccc1O2,<rdkit.Chem.rdchem.Mol object at 0x0000022792894EB0>,10000,379.46,2.9978,2,2,4,74.69,inactive,5
CHEMBL522211,O=C(N[C@H]1C[C@@H]1c1ccccc1)N1CCC2(CCc3ncccc3O2)CC1,<rdkit.Chem.rdchem.Mol object at 0x0000022792894F20>,10000,363.461,3.5069,2,1,3,54.46,inactive,5
CHEMBL556487,O=C(NC1CC1c1ccccc1)N1CCC(c2nc(-c3ccncc3)no2)CC1,<rdkit.Chem.rdchem.Mol object at 0x0000022792894F90>,10000,389.459,3.5767,4,1,5,84.15,inactive,5
CHEMBL552338,O=C(c1ccccc1C(F)(F)F)N(CC1CCC1)[C@H]1CCNC1,<rdkit.Chem.rdchem.Mol object at 0x0000022792895000>,26000,326.362,3.3096,4,1,2,32.34,inactive,4.585026652
CHEMBL1078755,N#CCCC1(c2ccccc2)CCCN(C(=O)Nc2ccc(Cl)cc2)C1,<rdkit.Chem.rdchem.Mol object at 0x0000022792895070>,10000,367.88,5.20948,4,1,2,56.13,inactive,5
CHEMBL1078336,O=C(O)CCC1(c2ccncc2)CCCN(C(=O)Nc2ccc(Cl)cc2)C1,<rdkit.Chem.rdchem.Mol object at 0x00000227928950E0>,10000,387.867,4.1655,5,2,3,82.53,inactive,5
CHEMBL1270208,O=C(NCc1cccnc1OCC(F)(F)F)c1cncc(-c2ccc(Cl)cc2)c1,<rdkit.Chem.rdchem.Mol object at 0x0000022792895150>,4700,421.806,4.6681,6,1,4,64.11,active,5.327902142
CHEMBL1797407,Cc1cccc(C)c1-c1noc(C)c1NC(=O)NCc1ccc(-n2cccn2)cc1,<rdkit.Chem.rdchem.Mol object at 0x00000227928951C0>,33113.11,401.47,4.77426,5,2,5,84.98,inactive,4.480000028
CHEMBL1797403,Cc1onc(-c2ccccc2Cl)c1N(C)C(=O)NCc1ccc(OC2CCOCC2)nc1,<rdkit.Chem.rdchem.Mol object at 0x0000022792895230>,33113.11,456.93,4.60222,6,1,6,89.72,inactive,4.480000028
CHEMBL1797396,COCc1onc(-c2c(Cl)cccc2Cl)c1NC(=O)OCc1ccccc1Cl,<rdkit.Chem.rdchem.Mol object at 0x00000227928952A0>,28183.83,441.698,6.1969,6,1,5,73.59,inactive,4.549999989
CHEMBL1813042,CC(=O)Nc1cccc(Nc2ncnc(N3CCC(OCc4ccc(C(F)(F)F)cc4)CC3)n2)c1C,<rdkit.Chem.rdchem.Mol object at 0x0000022792895310>,6800,500.525,5.08642,7,2,7,92.27,inactive,5.167491087
CHEMBL1313991,CC(C)(C)c1ccc(CSc2nc(=O)cc(N)[nH]2)cc1,<rdkit.Chem.rdchem.Mol object at 0x0000022792895380>,300,289.404,2.9419,3,2,4,71.77,active,6.522878745
CHEMBL2012027,Nc1ccnc(Nc2ccc(Oc3ccccc3Cl)cc2)n1,<rdkit.Chem.rdchem.Mol object at 0x00000227928953F0>,360,312.76,4.2481,4,2,5,73.06,active,6.443697499
CHEMBL2012028,Nc1ccnc(Nc2ccc(Oc3ccc(F)cc3)cc2)n1,<rdkit.Chem.rdchem.Mol object at 0x0000022792895460>,780,296.305,3.7338,4,2,5,73.06,active,6.107905397
CHEMBL2012029,Cc1ccc(Oc2ccc(Nc3nccc(N)n3)cc2)cc1,<rdkit.Chem.rdchem.Mol object at 0x00000227928954D0>,590,292.342,3.90312,4,2,5,73.06,active,6.229147988
CHEMBL2012249,CC1(C)CN(Cc2ccccc2)c2ncnc(OC3CCN(Cc4cscn4)CC3)c21,<rdkit.Chem.rdchem.Mol object at 0x0000022792895540>,250,435.597,4.2743,6,0,7,54.38,active,6.602059991
CHEMBL2012259,Fc1ccccc1Cn1ccc2c(OC3CCN(Cc4cscn4)CC3)ncnc21,<rdkit.Chem.rdchem.Mol object at 0x00000227928955B0>,20,423.517,4.1186,6,0,7,56.07,active,7.698970004
CHEMBL2012294,Fc1cccc(CN2CCC(Oc3ncnc4c3ccn4Cc3ccccc3)CC2)n1,<rdkit.Chem.rdchem.Mol object at 0x0000022792895620>,550,417.488,4.0571,6,0,6,56.07,active,6.259637311
CHEMBL2069415,Cc1cc(-c2cccc3c2C[C@H](NC(=O)c2ccc(OCCOCC(F)(F)F)nc2)CO3)cnc1CO,<rdkit.Chem.rdchem.Mol object at 0x0000022792895690>,5011.87,517.504,3.63552,9,2,7,102.8,inactive,5.300000202
CHEMBL2147218,Cc1ncc(-c2ccccc2CCNC(=O)c2cnc(OCCOCC(F)(F)F)c(C)c2)cn1,<rdkit.Chem.rdchem.Mol object at 0x0000022792895700>,31622.78,474.483,4.08564,10,1,6,86.23,inactive,4.499999953
CHEMBL2147220,Cc1ncc(-c2ccccc2CCNC(=O)c2ccc(CNCCC(F)(F)F)nc2)cn1,<rdkit.Chem.rdchem.Mol object at 0x0000022792895770>,31622.78,443.473,3.86152,9,2,5,79.8,inactive,4.499999953
CHEMBL2147222,COc1ncc(-c2cccc(F)c2CCNC(=O)c2ccc(OCCC(F)(F)F)nc2)cn1,<rdkit.Chem.rdchem.Mol object at 0x00000227928957E0>,3162.28,464.419,3.99,9,1,6,86.23,active,5.499999679
CHEMBL2147226,COc1ncc(-c2cccc(C#N)c2CCNC(=O)c2ccc(OCCC(F)(F)F)nc2)cn1,<rdkit.Chem.rdchem.Mol object at 0x0000022792895850>,31622.78,471.439,3.72258,9,1,7,110.02,inactive,4.499999953
CHEMBL2147317,COc1cnc(-c2cccc(F)c2C(F)(F)CNC(=O)c2ccc(COCC(F)(F)F)nc2)cn1,<rdkit.Chem.rdchem.Mol object at 0x00000227928958C0>,10000,500.399,4.287,9,1,6,86.23,inactive,5
CHEMBL2164045,O=C(NCc1ccc(OC(F)(F)F)cc1)c1c2cccc(O)c2c(O)n1CCc1ncc(F)cn1,<rdkit.Chem.rdchem.Mol object at 0x0000022792895930>,10000,490.413,4.0529,7,3,7,109.5,inactive,5
CHEMBL2164044,O=C(NCc1ccc(F)c(C(F)(F)F)c1)c1c2ccccc2c(O)n1CCc1ncc(F)cn1,<rdkit.Chem.rdchem.Mol object at 0x00000227928959A0>,25000,476.405,4.6066,6,2,5,80.04,inactive,4.602059991
CHEMBL2164037,COc1cccc2c(O)n(CCc3ccccn3)c(C(=O)NCc3ccc(OC(F)(F)F)cc3)c12,<rdkit.Chem.rdchem.Mol object at 0x0000022792895A10>,16000,485.462,4.8218,8,2,6,85.61,inactive,4.795880017
CHEMBL2164364,O=C(NCc1ccc(OC(F)(F)F)cc1)c1c2ccccc2c(O)n1CCc1ncccn1,<rdkit.Chem.rdchem.Mol object at 0x0000022792895A80>,8300,456.424,4.2082,7,2,6,89.27,inactive,5.080921908
CHEMBL2164362,CC(C)(Cn1c(O)c2ccccc2c1C(=O)NCc1ccc(OC(F)(F)F)cc1)c1ccccn1,<rdkit.Chem.rdchem.Mol object at 0x0000022792895AF0>,25000,483.49,5.5483,7,2,5,76.38,inactive,4.602059991
CHEMBL2164382,O=C(NCc1ccc(OC(F)(F)F)cc1)c1c2ccccc2c(O)n1CCc1cccnc1,<rdkit.Chem.rdchem.Mol object at 0x0000022792895B60>,2600,455.436,4.8132,7,2,5,76.38,active,5.585026652
CHEMBL2164379,O=C(NCc1ccc(OC(F)(F)F)cc1)c1c2ccccc2c(O)n1CCOCC(F)(F)F,<rdkit.Chem.rdchem.Mol object at 0x0000022792895BD0>,33000,476.373,4.7544,8,2,5,72.72,inactive,4.48148606
CHEMBL2164376,O=C(NCc1ccc(OC(F)(F)F)cc1)c1c2ccccc2c(O)n1C1CC(F)(F)C1,<rdkit.Chem.rdchem.Mol object at 0x0000022792895C40>,12000,440.368,5.1457,5,2,4,63.49,inactive,4.920818754
CHEMBL2164375,CC(C)(C)OC(=O)N1CC(n2c(O)c3ccccc3c2C(=O)NCc2ccc(OC(F)(F)F)cc2)C1,<rdkit.Chem.rdchem.Mol object at 0x0000022792895CB0>,4400,505.493,4.9673,5,2,6,93.03,active,5.356547324
CHEMBL520431,CCOc1cc2ncc(C(N)=O)c(Nc3ccc(F)cc3F)c2cc1N1CCCN(C)CC1,<rdkit.Chem.rdchem.Mol object at 0x0000022792895D20>,30000,455.509,3.8961,6,2,6,83.72,inactive,4.522878745
CHEMBL2409310,CCOc1cc2ncc(C(N)=O)c(Nc3cccc(Cl)c3Cl)c2cc1C1CCN(C)CC1,<rdkit.Chem.rdchem.Mol object at 0x0000022792895D90>,30000,473.404,5.592,6,2,5,80.48,inactive,4.522878745
CHEMBL3322672,N#Cc1ccc(C(=O)N2CCC3(CC2)Nc2ccc(Cl)cc2-n2cccc23)cc1,<rdkit.Chem.rdchem.Mol object at 0x0000022792895E00>,8144,402.885,4.55938,1,1,4,61.06,inactive,5.089162235
CHEMBL3322763,COc1ccc2c(c1)NC1(CCN(Cc3ccc(C#N)cc3)CC1)c1cccn1-2,<rdkit.Chem.rdchem.Mol object at 0x0000022792895E70>,4577,384.483,4.27438,3,1,5,53.22,active,5.339419088
CHEMBL3311308,COc1ccc(S(=O)(=O)Nc2c(C)cc(C)cc2C)cc1,<rdkit.Chem.rdchem.Mol object at 0x0000022792895EE0>,100000,305.399,3.42126,4,1,3,55.4,inactive,4
CHEMBL3314362,Cc1cc2c(cc1CN(C)C)CCN(C(=O)c1cc3cc(Cl)ccc3n1C)C2,<rdkit.Chem.rdchem.Mol object at 0x0000022792895F50>,33000,395.934,4.40022,3,0,3,28.48,inactive,4.48148606
CHEMBL3325522,O=S(=O)(Nc1ncns1)c1cc(F)c(OC[C@@H]2CNCC[C@H]2c2ccccc2)cc1F,<rdkit.Chem.rdchem.Mol object at 0x0000022792895FC0>,10000,466.535,3.3892,7,2,7,93.21,inactive,5
CHEMBL3325532,O=S(=O)(Nc1ncns1)c1cc(F)c(OC[C@@H]2CCNC[C@H]2c2ccc(F)cc2)cc1F,<rdkit.Chem.rdchem.Mol object at 0x0000022792896030>,5900,484.525,3.5283,7,2,7,93.21,inactive,5.229147988
CHEMBL3325540,O=S(=O)(Nc1ncns1)c1cc(F)c(OC[C@@H]2CN(CC(F)(F)F)CC[C@H]2c2ccc(Cl)cc2)cc1F,<rdkit.Chem.rdchem.Mol object at 0x00000227928960A0>,2600,583.004,5.3173,8,1,7,84.42,active,5.585026652
CHEMBL3325549,O=S(=O)(Nc1ncccn1)c1cc(F)c(OC[C@@H]2CNCC[C@H]2c2ccc(Cl)cc2)cc1F,<rdkit.Chem.rdchem.Mol object at 0x0000022792896110>,10000,494.951,3.9811,7,2,6,93.21,inactive,5
CHEMBL3337587,COc1cc2c(cc1F)-n1cccc1C1(CCN(C(=O)c3ccc(OC)c(N(C)C)c3)CC1)N2,<rdkit.Chem.rdchem.Mol object at 0x0000022792896180>,358,464.541,4.2566,4,1,6,58.97,active,6.446116973
CHEMBL3337596,CCCCc1nc2cc(C(=O)N3CCC4(CC3)Nc3cc(OC)ccc3-n3cccc34)ccc2o1,<rdkit.Chem.rdchem.Mol object at 0x00000227928961F0>,1186,470.573,5.5267,5,1,6,72.53,active,5.925915311
CHEMBL17157,CC(C)(C)c1ccc(C(O)CCCN2CCC(C(O)(c3ccccc3)c3ccccc3)CC2)cc1,<rdkit.Chem.rdchem.Mol object at 0x0000022792896260>,971,471.685,6.4458,8,2,3,43.7,active,6.01278077
CHEMBL3634325,O=C(c1ccccc1)c1ccccc1OCC(O)CN1CCN(c2cccc3[nH]c(=O)oc23)CC1,<rdkit.Chem.rdchem.Mol object at 0x00000227928962D0>,33000,473.529,2.914,8,2,7,99.01,inactive,4.48148606
CHEMBL3634333,O=C1c2ccccc2CN1C1CCN(CC(O)COc2ccccc2)CC1,<rdkit.Chem.rdchem.Mol object at 0x0000022792896340>,38000,366.461,2.5467,6,1,4,53.01,inactive,4.420216403
CHEMBL3632692,O=C1c2ccccc2CN1C1CCN(CC(O)COc2ccc(C(F)(F)F)cc2)CC1,<rdkit.Chem.rdchem.Mol object at 0x00000227928963B0>,2800,434.458,3.5655,6,1,4,53.01,active,5.552841969
CHEMBL3704454,Cn1cc(-c2ccc(C(F)(F)F)cc2C2=CCNCC2)c2ccc(S(=O)(=O)Nc3nccs3)cc21,<rdkit.Chem.rdchem.Mol object at 0x0000022792896420>,10000,518.586,5.4981,5,2,6,76.02,inactive,5
CHEMBL3704419,CC(=O)n1cc(-c2ccc(C(F)(F)F)cc2-c2ccnn2C)c2ccc(S(=O)(=O)Nc3ncns3)nc21,<rdkit.Chem.rdchem.Mol object at 0x0000022792896490>,10000,547.544,4.435,5,1,10,124.66,inactive,5
CHEMBL3662229,O=C(NS(=O)(=O)C1CC1)c1cc(C2CC2)c(OCC2(C(F)(F)F)CCCCC2)cc1F,<rdkit.Chem.rdchem.Mol object at 0x0000022792896500>,160,463.493,4.8167,7,1,4,72.47,active,6.795880017
CHEMBL3704405,Cn1cc(-c2cc(F)ccc2F)c2ccc(S(=O)(=O)Nc3ncns3)cc21,<rdkit.Chem.rdchem.Mol object at 0x0000022792896570>,10000,406.439,3.7758,4,1,6,76.88,inactive,5
CHEMBL3683234,O=S(=O)(Nc1ncns1)N1CCc2c(cccc2-c2cccc3[nH]ncc23)C1,<rdkit.Chem.rdchem.Mol object at 0x00000227928965E0>,10000,412.5,2.7964,4,2,6,103.87,inactive,5
CHEMBL3683216,COc1ccc(OC)c(-c2cccc3c2CCN(S(=O)(=O)Nc2ncns2)C3)c1,<rdkit.Chem.rdchem.Mol object at 0x0000022792896650>,10000,432.527,2.9373,6,1,7,93.65,inactive,5
CHEMBL3683230,COc1cc(C2CC2)ccc1-c1nccc2c1CCN(S(=O)(=O)Nc1ncns1)C2,<rdkit.Chem.rdchem.Mol object at 0x00000227928966C0>,10000,443.554,3.2011,6,1,7,97.31,inactive,5
CHEMBL3657950,CS(=O)(=O)NC(=O)c1cc(C2CC2)c(OCC2CCC(F)(F)CC2)cc1F,<rdkit.Chem.rdchem.Mol object at 0x0000022792896730>,5230,405.438,3.5968,6,1,4,72.47,inactive,5.281498311
CHEMBL3704406,Cn1nccc1-c1cc(C(F)(F)F)ccc1-c1cn(C)c2cc(S(=O)(=O)Nc3nccs3)ccc12,<rdkit.Chem.rdchem.Mol object at 0x00000227928967A0>,10000,517.558,5.5219,5,1,7,81.81,inactive,5
CHEMBL3704436,Cc1cnc(N)c(-c2cn(C)c3cc(S(=O)(=O)Nc4ncns4)ccc23)c1,<rdkit.Chem.rdchem.Mol object at 0x0000022792896810>,10000,400.489,2.78322,4,2,8,115.79,inactive,5
CHEMBL3704453,Cn1nccc1-c1cc(C(F)(F)F)ccc1-n1cnc2cc(S(=O)(=O)Nc3ncns3)ccc21,<rdkit.Chem.rdchem.Mol object at 0x0000022792896880>,10000,505.507,4.0971,5,1,9,107.59,inactive,5
CHEMBL2409208,CC(=O)n1cc(-c2ccc(C(F)(F)F)cc2-c2ccnn2C)c2ccc(S(=O)(=O)Nc3ncns3)cc21,<rdkit.Chem.rdchem.Mol object at 0x00000227928968F0>,10000,546.556,5.04,5,1,9,111.77,inactive,5
CHEMBL3704447,Cn1cc(-c2ccc(C(F)(F)F)cc2)c2ccc(S(=O)(=O)Nc3ncns3)cc21,<rdkit.Chem.rdchem.Mol object at 0x0000022792896960>,10000,438.456,4.5164,4,1,6,76.88,inactive,5
CHEMBL3683217,COc1cccc(OC)c1-c1cccc2c1CCN(S(=O)(=O)Nc1ncns1)C2,<rdkit.Chem.rdchem.Mol object at 0x00000227928969D0>,10000,432.527,2.9373,6,1,7,93.65,inactive,5
CHEMBL3704420,COc1cc(F)ccc1-c1cn(C)c2cc(S(=O)(=O)Nc3ncns3)ccc12,<rdkit.Chem.rdchem.Mol object at 0x0000022792896A40>,10000,418.475,3.6453,5,1,7,86.11,inactive,5
CHEMBL3658000,O=C(NS(=O)(=O)N1CCC1)c1cc(C2CC2)c(OCC23CC4(F)CC(F)(CC(F)(C4)C2)C3)cc1F,<rdkit.Chem.rdchem.Mol object at 0x0000022792896AB0>,950,516.557,4.2549,7,1,4,75.71,active,6.022276395
CHEMBL3683200,O=S(=O)(Nc1ncns1)N1CCc2c(cccc2-c2ccc(Cl)cc2F)C1,<rdkit.Chem.rdchem.Mol object at 0x0000022792896B20>,10000,424.91,3.7126,4,1,5,75.19,inactive,5
CHEMBL3683244,COc1cc(-c2ccc(F)c(F)c2)ccc1-c1cccc2c1CCN(S(=O)(=O)Nc1nncs1)C2,<rdkit.Chem.rdchem.Mol object at 0x0000022792896B90>,10000,514.579,4.8739,6,1,6,84.42,inactive,5
CHEMBL3683255,Cc1cncn1-c1cc(C(F)(F)F)ccc1-c1cccc2c1CCN(S(=O)(=O)Nc1ncc(F)s1)C2,<rdkit.Chem.rdchem.Mol object at 0x0000022792896C00>,10000,537.564,5.17712,5,1,6,80.12,inactive,5
CHEMBL3683219,COc1cc(F)ccc1-c1cccc2c1CCN(S(=O)(=O)Nc1ncns1)C2,<rdkit.Chem.rdchem.Mol object at 0x0000022792896C70>,10000,420.491,3.0678,5,1,6,84.42,inactive,5
CHEMBL3683252,CN1CC=C(c2ccc(C(F)(F)F)cc2-c2cccc3c2CCN(S(=O)(=O)Nc2ncc(F)s2)C3)CC1,<rdkit.Chem.rdchem.Mol object at 0x0000022792896CE0>,10000,552.619,5.4019,5,1,5,65.54,inactive,5
CHEMBL3704433,Cc1noc(C)c1-c1cn(C)c2cc(S(=O)(=O)Nc3ncns3)ccc12,<rdkit.Chem.rdchem.Mol object at 0x0000022792896D50>,10000,389.462,3.10244,4,1,8,102.91,inactive,5
CHEMBL3683198,O=S(=O)(Nc1ncns1)N1CCc2c(cccc2-c2ccc(C(F)(F)F)cc2Cl)C1,<rdkit.Chem.rdchem.Mol object at 0x0000022792896DC0>,10000,474.917,4.5923,4,1,5,75.19,inactive,5
CHEMBL3764774,O=C(Cn1cnc2ccccc2c1=O)Nc1ccc(C[C@@H]2CC[C@H]([C@H](O)c3ccccc3)N2)cc1,<rdkit.Chem.rdchem.Mol object at 0x0000022792896E30>,30000,468.557,3.4319,7,3,6,96.25,inactive,4.522878745
CHEMBL3764950,O=C(Cn1cnccc1=O)Nc1ccc(C[C@@H]2CC[C@H]([C@H](O)c3ccccc3)N2)cc1,<rdkit.Chem.rdchem.Mol object at 0x0000022792896EA0>,30000,418.497,2.2787,7,3,6,96.25,inactive,4.522878745
CHEMBL3798393,NC(=O)CN1CCN(c2cccc3c2cnn3-c2ccccc2F)C1=O,<rdkit.Chem.rdchem.Mol object at 0x0000022792896F10>,19000,353.357,1.8919,4,1,4,84.46,inactive,4.721246399
CHEMBL3798320,CC(C)(O)CC(=O)N1CC2C(=O)N(c3cccc4c3cnn4-c3ccccc3F)C[C@@H]2C1,<rdkit.Chem.rdchem.Mol object at 0x0000022792896F80>,33000,436.487,2.7468,4,1,5,78.67,inactive,4.48148606
CHEMBL3805973,O=c1[nH]c2ccc(-c3cc(Cl)ccc3Oc3cc(F)c(S(=O)(=O)Nc4ncns4)cc3F)cc2[nH]1,<rdkit.Chem.rdchem.Mol object at 0x0000022792896FF0>,10000,535.941,4.8994,6,3,7,129.83,inactive,5
CHEMBL3688197,N#Cc1cc(S(=O)(=O)Nc2ccc(F)cn2)ccc1Oc1ccc(CO)c(Cl)c1,<rdkit.Chem.rdchem.Mol object at 0x0000022792897060>,30000,433.848,3.83118,6,2,6,112.31,inactive,4.522878745
CHEMBL3924161,O=S(=O)(Nc1ccc(C(F)(F)F)nc1)c1ccccc1C(F)(F)F,<rdkit.Chem.rdchem.Mol object at 0x00000227928970D0>,100000,370.274,3.92,3,1,3,59.06,inactive,4
CHEMBL2325007,N#Cc1cc(S(=O)(=O)Nc2ncns2)ccc1Oc1ccc(C(F)(F)F)cc1-c1cn[nH]c1,<rdkit.Chem.rdchem.Mol object at 0x0000022792897140>,30000,492.464,4.41178,6,2,8,133.65,inactive,4.522878745
CHEMBL3677850,O=S(=O)(Nc1ncns1)c1ccc2c(-c3ccc(C(F)(F)F)cc3-c3ccncc3)cccc2c1,<rdkit.Chem.rdchem.Mol object at 0x00000227928971B0>,30000,512.538,6.2399,5,1,6,84.84,inactive,4.522878745
CHEMBL3677852,O=S(=O)(Nc1ncns1)c1ccc2c(-c3ccc(OC(F)(F)F)cc3Cl)cccc2c1,<rdkit.Chem.rdchem.Mol object at 0x0000022792897220>,10900,485.896,5.7111,5,1,6,81.18,inactive,4.962573502
CHEMBL3682626,CC1(c2ccccc2)CN(c2cccc3cc(S(=O)(=O)Nc4ncns4)ccc23)CCO1,<rdkit.Chem.rdchem.Mol object at 0x0000022792897290>,1290,466.588,4.2441,5,1,7,84.42,active,5.88941029
CHEMBL3682645,O=S(=O)(Nc1ncns1)c1ccc2c(-c3ccc(Cl)cc3)cccc2c1,<rdkit.Chem.rdchem.Mol object at 0x0000022792897300>,5960,401.9,4.8125,4,1,5,71.95,inactive,5.22475374
CHEMBL3682767,COc1cc(C)ccc1-c1nccc2cc(S(=O)(=O)Nc3nccs3)ccc12,<rdkit.Chem.rdchem.Mol object at 0x0000022792897370>,30000,411.508,4.47612,5,1,6,81.18,inactive,4.522878745
CHEMBL3687548,COc1cc(F)ccc1-c1ncnc2cc(S(=O)(=O)Nc3nccs3)ccc12,<rdkit.Chem.rdchem.Mol object at 0x00000227928973E0>,30000,416.459,3.7018,5,1,7,94.07,inactive,4.522878745
CHEMBL3687596,COc1ccc(-c2cccc(F)c2)cc1-c1ccnc2cc(S(=O)(=O)Nc3ccncn3)ccc12,<rdkit.Chem.rdchem.Mol object at 0x0000022792897450>,30000,486.528,5.3073,6,1,6,94.07,inactive,4.522878745
CHEMBL3687599,COc1ccccc1-c1c(C#N)cnc2cc(S(=O)(=O)Nc3nccs3)ccc12,<rdkit.Chem.rdchem.Mol object at 0x00000227928974C0>,30000,422.491,4.03938,5,1,7,104.97,inactive,4.522878745
CHEMBL3687601,COc1cc(C(F)(F)F)ccc1-c1ccnc2cc(S(=O)(=O)Nc3nccs3)c(C)cc12,<rdkit.Chem.rdchem.Mol object at 0x0000022792897530>,2500,479.505,5.49492,5,1,6,81.18,active,5.602059991
CHEMBL3687615,COc1cc(-c2cccc(F)c2)c(C#N)cc1-c1nccc2cc(S(=O)(=O)Nc3ccon3)ccc12,<rdkit.Chem.rdchem.Mol object at 0x00000227928975A0>,30000,500.511,5.37698,6,1,7,118.11,inactive,4.522878745
CHEMBL3687620,COc1ccc(-c2cccc(F)c2)cc1-c1nccc2cc(S(=O)(=O)Nc3ncns3)ccc12,<rdkit.Chem.rdchem.Mol object at 0x0000022792897610>,30000,492.557,5.3688,6,1,7,94.07,inactive,4.522878745
CHEMBL3687634,COc1cc(-c2cc(F)cc(F)c2)c(F)cc1-c1nccc2cc(S(=O)(=O)Nc3nncs3)ccc12,<rdkit.Chem.rdchem.Mol object at 0x0000022792897680>,30000,528.537,5.647,6,1,7,94.07,inactive,4.522878745
CHEMBL3687687,COc1cc(-c2cc(F)ccc2F)ccc1-c1nccc2cc(S(=O)(=O)Nc3ccncn3)ccc12,<rdkit.Chem.rdchem.Mol object at 0x00000227928976F0>,30000,504.518,5.4464,6,1,6,94.07,inactive,4.522878745
CHEMBL3687701,COc1cc(Oc2cccc(F)c2)ccc1-c1nccc2cc(S(=O)(=O)Nc3ccncn3)ccc12,<rdkit.Chem.rdchem.Mol object at 0x0000022792897760>,30000,502.527,5.4326,7,1,7,103.3,inactive,4.522878745
CHEMBL3687709,COc1cc(-c2cc(C)cc(F)c2)ccc1-c1nccc2cc(S(=O)(=O)Nc3ccncn3)ccc12,<rdkit.Chem.rdchem.Mol object at 0x00000227928977D0>,30000,500.555,5.61572,6,1,6,94.07,inactive,4.522878745
CHEMBL3687724,COc1cc(-c2ccc(F)c(C)c2)ccc1-c1nccc2cc(S(=O)(=O)Nc3ccncn3)ccc12,<rdkit.Chem.rdchem.Mol object at 0x0000022792897840>,30000,500.555,5.61572,6,1,6,94.07,inactive,4.522878745
CHEMBL3687725,COc1cc(-c2ccc(F)c(Cl)c2)ccc1-c1nccc2cc(S(=O)(=O)Nc3ccncn3)ccc12,<rdkit.Chem.rdchem.Mol object at 0x00000227928978B0>,30000,520.973,5.9607,6,1,6,94.07,inactive,4.522878745
CHEMBL3692162,COc1nc(-c2cccc(F)c2)c(Cl)cc1-c1nccc2cc(S(=O)(=O)Nc3nncs3)ccc12,<rdkit.Chem.rdchem.Mol object at 0x0000022792897920>,30000,527.99,5.4172,6,1,8,106.96,inactive,4.522878745
CHEMBL3687738,COc1nc(-c2ccc(C(F)(F)F)cc2OC)c2ccc(S(=O)(=O)Nc3nccs3)cc2n1,<rdkit.Chem.rdchem.Mol object at 0x0000022792897990>,30000,496.492,4.5901,6,1,8,103.3,inactive,4.522878745
CHEMBL3687746,COc1cc(-c2cccc(F)c2)c(Cl)cc1-c1ncnc2cc(S(=O)(=O)Nc3nncs3)ccc12,<rdkit.Chem.rdchem.Mol object at 0x0000022792897A00>,30000,527.99,5.4172,6,1,8,106.96,inactive,4.522878745
CHEMBL3692164,COc1cc(-c2cccc(F)c2)ccc1-c1ncnc2cc(S(=O)(=O)Nc3ncns3)ccc12,<rdkit.Chem.rdchem.Mol object at 0x0000022792897A70>,30000,493.545,4.7638,6,1,8,106.96,inactive,4.522878745
CHEMBL3939521,COc1cc(-c2cc(F)cnc2OC)ccc1-n1c(=O)ccc2cc(S(=O)(=O)Nc3ccon3)ccc21,<rdkit.Chem.rdchem.Mol object at 0x0000022792897AE0>,10000,522.514,3.9978,7,1,9,125.55,inactive,5
CHEMBL3919513,Cn1nccc1-c1cc(C(F)(F)F)ccc1N1CCOc2cc(S(=O)(=O)Nc3ncns3)ccc21,<rdkit.Chem.rdchem.Mol object at 0x0000022792897B50>,1870,522.534,4.2887,5,1,9,102.24,active,5.728158393
CHEMBL3889642,O=S(=O)(Nc1ccon1)c1ccc2c(c1)OCCN2c1ccc(C(F)(F)F)cc1Cl,<rdkit.Chem.rdchem.Mol object at 0x0000022792897BC0>,10000,459.833,4.6781,4,1,6,84.67,inactive,5
CHEMBL3966404,O=S(=O)(Nc1ccc(F)cn1)c1ccc2c(c1)OCCN2c1ccc(C(F)(F)F)cc1Cl,<rdkit.Chem.rdchem.Mol object at 0x0000022792897C30>,10000,487.862,5.2242,4,1,5,71.53,inactive,5
CHEMBL3891509,O=S(=O)(Nc1ncns1)c1ccc2c(c1)NCCN2c1ccc(C(F)(F)F)cc1Cl,<rdkit.Chem.rdchem.Mol object at 0x0000022792897CA0>,10000,475.905,4.5747,4,2,7,87.22,inactive,5
CHEMBL3954108,CN1CCN(c2ccc(C(F)(F)F)cc2Cl)c2ccc(S(=O)(=O)Nc3ncns3)cc21,<rdkit.Chem.rdchem.Mol object at 0x0000022792897D10>,10000,489.932,4.599,4,1,7,78.43,inactive,5
CHEMBL3929582,O=S(=O)(Nc1nccs1)c1ccc2c(c1)OCCN2c1ccc(C(F)(F)F)cc1C1=CCNCC1,<rdkit.Chem.rdchem.Mol object at 0x0000022792897D80>,254,522.574,4.8699,5,2,7,83.56,active,6.595166283
CHEMBL3948444,O=S(=O)(Nc1nccs1)c1ccc2c(c1)OCCN2c1ccc(C(F)(F)F)cc1-c1cncnc1,<rdkit.Chem.rdchem.Mol object at 0x0000022792897DF0>,731,519.53,4.9502,5,1,8,97.31,active,6.136082623
CHEMBL3918953,O=S(=O)(Nc1ccno1)c1ccc2c(c1)OCCN2c1ccc(C(F)(F)F)cc1Cl,<rdkit.Chem.rdchem.Mol object at 0x0000022792897E60>,10000,459.833,4.6781,4,1,6,84.67,inactive,5
CHEMBL3927450,O=S(=O)(Nc1cscn1)c1ccc2c(c1)OCCN2c1ccc(C(F)(F)F)cc1C1=CCNCC1,<rdkit.Chem.rdchem.Mol object at 0x0000022792897ED0>,2670,522.574,4.8699,5,2,7,83.56,active,5.573488739
CHEMBL3969238,O=S(=O)(Nc1ncccn1)c1ccc2c(c1)OCCN2c1ccc(C(F)(F)F)cc1C1=CCNCC1,<rdkit.Chem.rdchem.Mol object at 0x0000022792897F40>,2260,517.533,4.2034,5,2,7,96.45,active,5.645891561
CHEMBL3955748,N#Cc1cc(C(F)(F)F)ccc1N1CCOc2cc(S(=O)(=O)Nc3ncco3)ccc21,<rdkit.Chem.rdchem.Mol object at 0x0000022792890040>,10000,450.398,3.89638,4,1,7,108.46,inactive,5
CHEMBL3950422,O=C1COc2cc(S(=O)(=O)Nc3nncs3)ccc2N1c1cccc(Cl)c1,<rdkit.Chem.rdchem.Mol object at 0x00000227928900B0>,10000,422.875,3.0494,4,1,7,101.49,inactive,5
CHEMBL3913715,CC1CN(c2ccc(C(F)(F)F)cc2C#N)c2ccc(S(=O)(=O)Nc3nccs3)cc2O1,<rdkit.Chem.rdchem.Mol object at 0x0000022792890120>,1840,480.493,4.75338,4,1,7,95.32,active,5.735182177
CHEMBL4109289,C[C@@H]1CN(c2ccc(C(F)(F)F)cc2C#N)c2ccc(S(=O)(=O)Nc3nccs3)cc2O1,<rdkit.Chem.rdchem.Mol object at 0x0000022792890190>,6670,480.493,4.75338,4,1,7,95.32,inactive,5.175874166
CHEMBL3890100,COc1ncc(Cl)cc1N1CCOc2cc(S(=O)(=O)Nc3nccs3)ccc21,<rdkit.Chem.rdchem.Mol object at 0x0000022792890200>,3030,438.918,3.5314,5,1,8,93.65,active,5.518557371
CHEMBL3927048,Cc1cncc(C)c1N1CCOc2cc(S(=O)(=O)Nc3nccs3)ccc21,<rdkit.Chem.rdchem.Mol object at 0x0000022792890270>,10000,402.501,3.48624,4,1,7,84.42,inactive,5
CHEMBL3981707,COc1ccc(OC)c(N2CCOc3cc(S(=O)(=O)Nc4nccs4)ccc32)c1,<rdkit.Chem.rdchem.Mol object at 0x00000227928902E0>,7040,433.511,3.4916,6,1,8,89.99,inactive,5.152427341
CHEMBL3921636,Cc1cc(OC(F)(F)F)ccc1N1CCOc2cc(S(=O)(=O)Nc3nccs3)ccc21,<rdkit.Chem.rdchem.Mol object at 0x0000022792890350>,6600,471.482,4.68142,5,1,7,80.76,inactive,5.180456064
CHEMBL3958187,N#Cc1cccc(Cl)c1N1CCOc2cc(S(=O)(=O)Nc3nccs3)ccc21,<rdkit.Chem.rdchem.Mol object at 0x00000227928903C0>,10000,432.914,3.99948,4,1,7,95.32,inactive,5
CHEMBL3972706,COc1cnc(N2CCOc3cc(S(=O)(=O)Nc4nccs4)ccc32)c(OC)c1,<rdkit.Chem.rdchem.Mol object at 0x0000022792890430>,10000,434.499,2.8866,6,1,9,102.88,inactive,5
CHEMBL3908279,COc1ncc(C(F)(F)F)cc1N1CCOc2cc(S(=O)(=O)Nc3nccs3)ccc21,<rdkit.Chem.rdchem.Mol object at 0x00000227928904A0>,7380,472.47,3.8968,5,1,8,93.65,inactive,5.131943638
CHEMBL3932638,COc1ccc(N2CCOc3cc(S(=O)(=O)Nc4nccs4)ccc32)c(C#N)c1,<rdkit.Chem.rdchem.Mol object at 0x0000022792890510>,10000,428.495,3.35468,5,1,8,104.55,inactive,5
CHEMBL3909582,N#Cc1ccc(N2CCOc3cc(S(=O)(=O)Nc4nccs4)ccc32)cc1OC(F)(F)F,<rdkit.Chem.rdchem.Mol object at 0x0000022792890580>,10000,482.465,4.24468,5,1,8,104.55,inactive,5
CHEMBL3906799,O=S(=O)(Nc1nccs1)c1ccc2c(c1)OCCN2c1ccccc1OC(F)F,<rdkit.Chem.rdchem.Mol object at 0x00000227928905F0>,5640,439.465,4.0758,6,1,7,80.76,inactive,5.248720896
CHEMBL3933266,COc1cc(C#N)ccc1CN1CCOc2cc(S(=O)(=O)Nc3nccs3)ccc21,<rdkit.Chem.rdchem.Mol object at 0x0000022792890660>,10000,442.522,3.22318,6,1,8,104.55,inactive,5
CHEMBL4105252,CC(C)C[C@@H](N)Cc1nc(-c2ccc(Cl)cc2)c[nH]1,<rdkit.Chem.rdchem.Mol object at 0x00000227928906D0>,13000,277.799,3.646,5,2,2,54.7,inactive,4.886056648
CHEMBL4074833,C[C@]1(C(=O)O)CCC[C@@](C)(c2nc(-c3ccc(C(=O)Nc4cc(C(F)(F)F)ccn4)cc3)c3c(N)nccn23)C1,<rdkit.Chem.rdchem.Mol object at 0x0000022792890740>,30000,552.557,5.5672,5,3,7,135.5,inactive,4.522878745
CHEMBL4103954,C[C@H]1CC[C@@H](c2nc(-c3ccc(C(=O)Nc4cc(C(F)(F)F)ccn4)cc3F)c3c(N)nccn23)CN1C(=O)C1CC1,<rdkit.Chem.rdchem.Mol object at 0x00000227928907B0>,30000,581.574,5.2882,5,2,7,118.51,inactive,4.522878745
CHEMBL4103112,O=C(c1ccc(C[C@@H]2CC[C@H]([C@H](O)c3ccccc3)N2)cc1)N1CCN(Cc2nnn(CC(F)F)n2)CC1,<rdkit.Chem.rdchem.Mol object at 0x0000022792890820>,30000,525.604,2.2929,9,2,8,99.41,inactive,4.522878745
CHEMBL4098912,N[C@H]1CC[C@](CCOc2cc(F)c(S(=O)(=O)Nc3ncns3)cc2Cl)(c2ccccc2)CC1,<rdkit.Chem.rdchem.Mol object at 0x0000022792890890>,30000,511.044,4.7396,8,2,7,107.2,inactive,4.522878745
CHEMBL4098978,N[C@H]1CC[C@@](CCOc2cc(F)c(S(=O)(=O)Nc3ncns3)cc2Cl)(c2ccccc2)CC1,<rdkit.Chem.rdchem.Mol object at 0x0000022792890900>,30000,511.044,4.7396,8,2,7,107.2,inactive,4.522878745
CHEMBL4093720,C[C@]1(CCOc2cc(F)c(S(=O)(=O)Nc3ncns3)cc2F)CC[C@@H](N)CC1,<rdkit.Chem.rdchem.Mol object at 0x0000022792890970>,30000,432.518,3.2936,7,2,7,107.2,inactive,4.522878745
CHEMBL4071551,O=S(=O)(Nc1nccs1)c1cc(Cl)c(NCC2CNC2)cc1F,<rdkit.Chem.rdchem.Mol object at 0x00000227928909E0>,30000,376.866,2.3677,6,3,6,83.12,inactive,4.522878745
CHEMBL4092078,O=S(=O)(Nc1nccs1)c1cc(Cl)c(NCC2(CN3CCCC3)CC2)cc1F,<rdkit.Chem.rdchem.Mol object at 0x0000022792890A50>,5100,444.985,4.0243,8,2,6,74.33,inactive,5.292429824
CHEMBL4071034,COc1cc(-c2cccc(C)c2)c(F)cc1-c1nccc2cc(S(=O)(=O)Nc3ccon3)ccc12,<rdkit.Chem.rdchem.Mol object at 0x0000022792890AC0>,10000,489.528,5.81372,6,1,6,94.32,inactive,5
CHEMBL4089326,COc1cc(-c2cccc(F)c2)c(Cl)cc1-c1ncc(O)c2cc(S(=O)(=O)Nc3ccon3)ccc12,<rdkit.Chem.rdchem.Mol object at 0x0000022792890B30>,10000,525.945,5.8643,6,2,7,114.55,inactive,5
CHEMBL4070867,COc1cc(-c2cccc(F)c2)c(Cl)cc1-c1ncnc2cc(S(=O)(=O)Nc3ccon3)ccc12,<rdkit.Chem.rdchem.Mol object at 0x0000022792890BA0>,10000,510.934,5.5537,6,1,7,107.21,inactive,5
CHEMBL4102586,O=S(=O)(Nc1cccc(F)n1)c1cc(Cl)c(NCC23CCCN2CCC3)cc1F,<rdkit.Chem.rdchem.Mol object at 0x0000022792890C10>,19000,442.919,3.8543,6,2,5,74.33,inactive,4.721246399
CHEMBL2325317,CN1CC(n2nccc2-c2cc(Cl)ccc2Oc2cc(F)c(S(=O)(=O)Nc3cscn3)cc2F)C1,<rdkit.Chem.rdchem.Mol object at 0x0000022792890C80>,30000,538.001,5.0178,7,1,8,89.35,inactive,4.522878745
CHEMBL4073933,O=S(=O)(Nc1nccs1)c1cc(Cl)c(NC[C@H]2CCCO[C@H]2c2ccccc2)cc1F,<rdkit.Chem.rdchem.Mol object at 0x0000022792890CF0>,1300,482.002,5.3162,7,2,6,80.32,active,5.886056648
CHEMBL4071739,O=S1(=O)CCC(Nc2cc(F)c(S(=O)(=O)Nc3nccs3)cc2Cl)CC1,<rdkit.Chem.rdchem.Mol object at 0x0000022792890D60>,6400,439.943,2.7255,5,2,7,105.23,inactive,5.193820026
CHEMBL4082252,O=S1(=O)CCC(CNc2cc(F)c(S(=O)(=O)Nc3nccs3)cc2Cl)C1,<rdkit.Chem.rdchem.Mol object at 0x0000022792890DD0>,266,439.943,2.583,6,2,7,105.23,active,6.575118363
CHEMBL4100413,O=C(Nc1cccc(C(F)(F)F)c1-c1cccnc1)c1cccc(-c2ncccc2OC(F)F)c1,<rdkit.Chem.rdchem.Mol object at 0x0000022792890E40>,220,485.412,6.6831,6,1,4,64.11,active,6.657577319
CHEMBL4079509,O=C(Nc1cccc(C(F)(F)F)c1-c1ccccn1)c1cccc(-c2ncccc2OC(F)F)c1,<rdkit.Chem.rdchem.Mol object at 0x0000022792890EB0>,18,485.412,6.6831,6,1,4,64.11,active,7.744727495
CHEMBL4127190,C[C@]12CCCC[C@H]1C[C@@H](N1CCC[C@@H](N)C1)[C@@H]2Oc1ccc(C#N)cc1,<rdkit.Chem.rdchem.Mol object at 0x0000022792890F20>,18000,353.51,3.69758,3,1,4,62.28,inactive,4.744727495
CHEMBL4129913,C[C@]12CC[C@H](O)C[C@H]1C[C@@H](N1CCC[C@@H](N)C1)[C@@H]2Oc1ccc(C#N)cc1,<rdkit.Chem.rdchem.Mol object at 0x0000022792890F90>,100000,369.509,2.66838,3,2,5,82.51,inactive,4
CHEMBL4129002,C[C@]12CC[C@H](C(F)F)C[C@H]1C[C@@H](N1CCC[C@@H](N)C1)[C@@H]2Oc1ccc(C#N)cc1,<rdkit.Chem.rdchem.Mol object at 0x0000022792891000>,29000,403.517,4.18878,4,1,4,62.28,inactive,4.537602002
CHEMBL4210866,N[C@@H]1CCC=C(c2ccc(F)cc2)[C@H]1CNc1cc(F)c(S(=O)(=O)Nc2cscn2)cc1Cl,<rdkit.Chem.rdchem.Mol object at 0x0000022792891070>,4020,511.019,5.1083,7,3,6,97.11,active,5.395773947
CHEMBL45816,COCC(=O)O[C@]1(CCN(C)CCCc2nc3ccccc3[nH]2)CCc2cc(F)ccc2[C@@H]1C(C)C,<rdkit.Chem.rdchem.Mol object at 0x00000227928910E0>,500,495.639,5.2709,11,1,5,67.45,active,6.301029996
CHEMBL841,CN(C)C(=O)C(CCN1CCC(O)(c2ccc(Cl)cc2)CC1)(c1ccccc1)c1ccccc1,<rdkit.Chem.rdchem.Mol object at 0x0000022792891150>,239,477.048,5.088,7,1,3,43.78,active,6.621602099
CHEMBL4295027,N#Cc1cc(F)cc(C(=O)N2CCN(C(C(=O)NCc3ccccc3)c3ccccc3)CC2)c1,<rdkit.Chem.rdchem.Mol object at 0x00000227928911C0>,3100,456.521,3.51288,6,1,4,76.44,active,5.508638306
CHEMBL4284381,N#Cc1cc(OC(F)(F)F)cc(C(=O)N2CCN(C(C(=O)NCc3ccccc3)c3ccccc3)CC2)c1,<rdkit.Chem.rdchem.Mol object at 0x0000022792891230>,400,522.527,4.27238,7,1,5,85.67,active,6.397940009
CHEMBL4291187,O=C(NCc1ccc(C(F)(F)F)nc1)C(c1ccccc1)N1CCN(C(=O)c2cc(F)cc(F)c2)CC1,<rdkit.Chem.rdchem.Mol object at 0x00000227928912A0>,7900,518.486,4.1941,6,1,4,65.54,inactive,5.102372909
CHEMBL4280006,O=C(NCc1ccccc1)C(c1ccccc1)N1CC2CC(C1)N2C(=O)c1cc(F)ccc1Cl,<rdkit.Chem.rdchem.Mol object at 0x0000022792891310>,2400,477.967,4.4355,6,1,3,52.65,active,5.619788758
CHEMBL4289161,N#Cc1cc(F)cc(C(=O)N2CCN(C(C(=O)NCC(F)(F)C3CC3)c3ccccc3)CC2)c1,<rdkit.Chem.rdchem.Mol object at 0x0000022792891380>,14000,470.495,3.35798,7,1,4,76.44,inactive,4.853871964
CHEMBL4279238,CS(=O)(=O)Nc1nnc2cc(OCC34CC5CC(CC(C5)C3)C4)c(C3CC3)cn12,<rdkit.Chem.rdchem.Mol object at 0x00000227928913F0>,265,416.547,3.5734,6,1,6,85.59,active,6.576754126
CHEMBL4293085,O=C(NCc1ccc(OC(F)(F)F)c(Cl)c1)c1ccc(S(=O)(=O)Nc2ncns2)c(F)c1,<rdkit.Chem.rdchem.Mol object at 0x0000022792891460>,4870,510.878,3.96,7,2,7,110.28,active,5.312471039
CHEMBL4289325,O=C(O)c1ccc(N2CC3(CCN(Cc4cc(C(F)(F)F)ccc4C4CC4)CC3)OC2=O)cc1,<rdkit.Chem.rdchem.Mol object at 0x00000227928914D0>,10000,474.479,5.2724,5,1,4,70.08,inactive,5
CHEMBL4284867,CC1(C)CCOc2c(Cl)cc(CN3CCC4(CC3)CC(=O)N(c3ccc(C(=O)O)cc3)C4)cc21,<rdkit.Chem.rdchem.Mol object at 0x0000022792891540>,10000,483.008,5.1174,4,1,4,70.08,inactive,5
CHEMBL3901713,CNC(=O)c1c(-c2ccc(F)cc2)oc2cc(N(C)S(C)(=O)=O)c(-c3ccc4ccn5c6cccc(F)c6cc5c4n3)cc12,<rdkit.Chem.rdchem.Mol object at 0x00000227928915B0>,30000,610.642,6.7545,5,1,6,96.92,inactive,4.522878745
CHEMBL4576876,Cn1ccc2ccc(C(=O)NS(=O)(=O)C3CC3)cc21,<rdkit.Chem.rdchem.Mol object at 0x0000022792891620>,30000,278.333,1.4003,3,1,4,68.17,inactive,4.522878745
CHEMBL4524830,Cn1cc(C2CCCCC2)c2cc(F)c(C(=O)NS(=O)(=O)C3CC3)cc21,<rdkit.Chem.rdchem.Mol object at 0x0000022792891690>,10000,378.469,3.5871,4,1,4,68.17,inactive,5
CHEMBL4468426,Cn1cc(C2CCNCC2)c2ccc(C(=O)NS(=O)(=O)C3CC3)cc21,<rdkit.Chem.rdchem.Mol object at 0x0000022792891700>,30000,361.467,1.8673,4,2,5,80.2,inactive,4.522878745
CHEMBL4576709,Cn1cc(C2=CCN(C(=O)OC(C)(C)C)CC2)c2ccc(C(=O)NS(=O)(=O)C3CC3)cc21,<rdkit.Chem.rdchem.Mol object at 0x0000022792891770>,30000,459.568,3.4245,4,1,6,97.71,inactive,4.522878745
CHEMBL4471339,NC[C@H](Oc1noc2ncc(-c3ccccc3Cl)cc12)c1ccccc1,<rdkit.Chem.rdchem.Mol object at 0x00000227928917E0>,24000,365.82,4.622,5,1,5,74.17,inactive,4.619788758
CHEMBL4473435,Cn1cc(-c2cccc(F)c2F)c2ccc(C(=O)NS(C)(=O)=O)cc21,<rdkit.Chem.rdchem.Mol object at 0x0000022792891850>,30000,364.373,2.8129,3,1,4,68.17,inactive,4.522878745
CHEMBL4462085,Cn1cc(-c2ccc(C(F)(F)F)cc2)c2ccc(C(=O)NS(=O)(=O)C(F)(F)F)cc21,<rdkit.Chem.rdchem.Mol object at 0x00000227928918C0>,7500,450.36,4.4435,3,1,4,68.17,inactive,5.124938737
CHEMBL4449475,CC(C)COc1ccc(-c2cn(C)c3cc(C(=O)NS(C)(=O)=O)ccc23)cn1,<rdkit.Chem.rdchem.Mol object at 0x0000022792891930>,30000,401.488,2.9645,6,1,6,90.29,inactive,4.522878745
CHEMBL4453046,Cn1cc(-c2cnc(OCC(F)(F)F)c(Cl)c2)c2ccc(C(=O)NS(C)(=O)=O)cc21,<rdkit.Chem.rdchem.Mol object at 0x00000227928919A0>,12000,461.849,3.5242,5,1,6,90.29,inactive,4.920818754
CHEMBL4451584,Cn1nc(-c2ccc(C(F)(F)F)cc2)c2cc(F)c(C(=O)NS(C)(=O)=O)cc21,<rdkit.Chem.rdchem.Mol object at 0x0000022792891A10>,30000,415.368,3.0876,3,1,5,81.06,inactive,4.522878745
CHEMBL4563459,Cc1cc(-c2ccc(C(=O)C3CCCCC3C(=O)Nc3cnn(C)c3C(=O)NOC(C)(C)C)cc2)[nH]n1,<rdkit.Chem.rdchem.Mol object at 0x0000022792891A80>,33000,506.607,4.20632,7,3,7,131,inactive,4.48148606
CHEMBL4579742,CS(=O)(=O)NC(=O)c1ccc2c(Oc3ccc(Cl)c(C(F)(F)F)c3)nccc2c1,<rdkit.Chem.rdchem.Mol object at 0x0000022792891AF0>,14400,444.818,4.3887,4,1,5,85.36,inactive,4.841637508
CHEMBL4460250,CC(C)COc1ncc(-c2ccc(C(=O)NS(C)(=O)=O)c(F)c2)cc1Cl,<rdkit.Chem.rdchem.Mol object at 0x0000022792891B60>,18000,400.859,3.2653,6,1,5,85.36,inactive,4.744727495
CHEMBL4443414,CC(C)COc1ncc(-c2ccc(C(=O)NS(C)(=O)=O)cc2F)cc1Cl,<rdkit.Chem.rdchem.Mol object at 0x0000022792891BD0>,23000,400.859,3.2653,6,1,5,85.36,inactive,4.638272164
CHEMBL4444511,CC(C)COc1ncc(-c2ccc(C(=O)NS(C)(=O)=O)cc2Cl)cc1Cl,<rdkit.Chem.rdchem.Mol object at 0x0000022792891C40>,9500,417.314,3.7796,6,1,5,85.36,inactive,5.022276395
CHEMBL4459478,CC(C)COc1ncc(-c2ccc(C(=O)NS(C)(=O)=O)cc2C(F)(F)F)cc1Cl,<rdkit.Chem.rdchem.Mol object at 0x0000022792891CB0>,3100,450.866,4.145,6,1,5,85.36,active,5.508638306
CHEMBL4648959,O=S(=O)(Nc1ncccn1)c1ccc2c(c1)OCC[C@@H]2c1ccc(C(F)(F)F)cc1-c1ccc(F)cc1,<rdkit.Chem.rdchem.Mol object at 0x0000022792891D20>,1069,529.515,6.0167,5,1,5,81.18,active,5.971022295
CHEMBL3913475,CC1=C(N2CCC3(CCN(C[C@H](O)c4ccc5c(c4C)COC5=O)CC3)C2=O)COC1=O,<rdkit.Chem.rdchem.Mol object at 0x0000022792891D90>,30000,440.496,1.84412,4,1,7,96.38,inactive,4.522878745
CHEMBL5082711,CCN=C(N)NC(=O)Nc1c(CC)cccc1CC,<rdkit.Chem.rdchem.Mol object at 0x0000022792891E00>,3750,262.357,2.2675,4,3,2,79.51,active,5.425968732
CHEMBL5079176,C[C@H](c1cc(Cl)cc(Cl)c1)N1CCC(COc2cc(F)c(C(=O)NS(C)(=O)=O)cc2C2CC2)CC1,<rdkit.Chem.rdchem.Mol object at 0x0000022792891E70>,1800,543.488,5.5513,8,1,5,75.71,active,5.744727495
CHEMBL5180874,C[C@]1(CN2Cc3nc(-c4ccc(F)cc4)sc3C2)CN=C(N)O1,<rdkit.Chem.rdchem.Mol object at 0x0000022792891EE0>,13300,332.404,2.3684,3,1,6,63.74,inactive,4.876148359
CHEMBL3946117,O=C(c1ccc2cc(Oc3ccc(C(F)(F)F)cn3)ccc2n1)N1CCNC(C(F)(F)F)C1,<rdkit.Chem.rdchem.Mol object at 0x0000022792891F50>,33000,470.373,4.4172,3,1,5,67.35,inactive,4.48148606
CHEMBL5190568,Cc1ccc(S(=O)(=O)Nc2cc(C(=O)NCc3ccc(C)nc3)ccc2C)cc1,<rdkit.Chem.rdchem.Mol object at 0x0000022792891FC0>,30000,409.511,3.73766,6,2,4,88.16,inactive,4.522878745
CHEMBL5275826,CC(C)(C)NC(=O)OC(Cc1ccccc1)C(=O)Nc1cnc2ccccc2c1,<rdkit.Chem.rdchem.Mol object at 0x0000022792892030>,100000,391.471,4.3093,5,2,4,80.32,inactive,4
CHEMBL110572,N=C(NCCCCc1ccccc1)NC(=O)c1cccc2ccccc12,<rdkit.Chem.rdchem.Mol object at 0x00000227928920A0>,4100,345.446,4.11687,6,3,2,64.98,active,5.387216143
CHEMBL488817,CC1(C)C[C@@H](CN2CCC(F)(CNC(=O)c3cc(Cl)cc(Cl)c3)CC2)CCO1,<rdkit.Chem.rdchem.Mol object at 0x0000022792892110>,84000,431.379,4.7325,5,1,3,41.57,inactive,4.075720714
CHEMBL447085,O=C(CCc1ccccc1)N1CCC2(CCc3cc(F)ccc3O2)CC1,<rdkit.Chem.rdchem.Mol object at 0x0000022792892180>,10000,353.437,4.1447,3,0,2,29.54,inactive,5
CHEMBL495792,Cn1nccc1-c1ccc2c(c1)C(=O)CC1(CCN(C(=O)N[C@H]3C[C@@H]3c3ccccc3)CC1)O2,<rdkit.Chem.rdchem.Mol object at 0x00000227928921F0>,10000,456.546,4.1526,3,1,5,76.46,inactive,5
CHEMBL495794,CS(=O)(=O)c1ccc2c(c1)C(=O)CC1(CCN(C(=O)N[C@H]3C[C@@H]3c3ccccc3)CC1)O2,<rdkit.Chem.rdchem.Mol object at 0x0000022792892260>,10000,454.548,3.1556,3,1,5,92.78,inactive,5
CHEMBL483876,O=C(N[C@H]1C[C@@H]1c1ccccc1)N1CCC2(CCc3cc(F)ccc3O2)CC1,<rdkit.Chem.rdchem.Mol object at 0x00000227928922D0>,10000,380.463,4.251,2,1,2,41.57,inactive,5
CHEMBL524992,O=C(c1ccc(C(F)(F)F)cc1)N1CCC2(CCc3ccccc3O2)CC1,<rdkit.Chem.rdchem.Mol object at 0x0000022792892340>,10000,375.39,4.7054,1,0,2,29.54,inactive,5
CHEMBL562822,O=C(N[C@@H]1C[C@H]1c1ccccc1)N1CCC(c2nc(-c3ccccn3)no2)CC1,<rdkit.Chem.rdchem.Mol object at 0x00000227928923B0>,10000,389.459,3.5767,4,1,5,84.15,inactive,5
CHEMBL540930,O=C(CC1CCN(Cc2ccn(-c3ccc(C(F)(F)F)cc3)c2)CC1)NC(c1ccc(F)cc1)c1c[nH]c(=O)c(Cl)c1,<rdkit.Chem.rdchem.Mol object at 0x0000022792892420>,31600,601.044,6.4848,8,2,4,70.13,inactive,4.500312917
CHEMBL1271309,Cc1cc(C)cc(NC(=O)c2cncc(-c3ccc(C#N)cc3)c2)c1,<rdkit.Chem.rdchem.Mol object at 0x0000022792892490>,30000,327.387,4.48942,3,1,3,65.78,inactive,4.522878745
CHEMBL1797406,Cc1onc(-c2c(Cl)cccc2Cl)c1NC(=O)NCc1ccc(-n2cccn2)cc1,<rdkit.Chem.rdchem.Mol object at 0x0000022792892500>,33113.11,442.306,5.46422,5,2,5,84.98,inactive,4.480000028
CHEMBL1797394,Cc1onc(-c2c(Cl)cccc2Cl)c1N(C)C(=O)OCc1c(F)cccc1Cl,<rdkit.Chem.rdchem.Mol object at 0x0000022792892570>,33113.11,443.689,6.52232,4,0,4,55.57,inactive,4.480000028
CHEMBL1797389,Cc1onc(-c2c(Cl)cccc2Cl)c1NC(=O)OCc1cc(Cl)ccc1Cl,<rdkit.Chem.rdchem.Mol object at 0x00000227928925E0>,2630.27,446.117,7.01232,4,1,4,64.36,active,5.579999668
CHEMBL1813049,CC(=O)Nc1cccc(Nc2ncnc(N3CCC(Oc4ccc(C(F)(F)F)cc4)CC3)n2)c1C,<rdkit.Chem.rdchem.Mol object at 0x0000022792892650>,500,486.498,4.94862,6,2,7,92.27,active,6.301029996
CHEMBL1958461,CCCCCCC[C@](O)(C(N)=O)c1cccc(Cl)c1,<rdkit.Chem.rdchem.Mol object at 0x00000227928926C0>,7430,283.799,3.3734,8,2,2,63.32,inactive,5.129011186
CHEMBL2012025,Cc1cc(Nc2nccc(N)n2)ccc1Oc1ccc(Cl)cc1,<rdkit.Chem.rdchem.Mol object at 0x0000022792892730>,2270,326.787,4.55652,4,2,5,73.06,active,5.643974143
CHEMBL2012032,N#Cc1ccc(Oc2ccc(Nc3nccc(N)n3)cc2)cc1,<rdkit.Chem.rdchem.Mol object at 0x00000227928927A0>,1200,303.325,3.46638,4,2,6,96.85,active,5.920818754
CHEMBL2012040,Nc1cncc(Nc2ccc(Oc3ccc(F)cc3)cc2)n1,<rdkit.Chem.rdchem.Mol object at 0x0000022792892810>,470,296.305,3.7338,4,2,5,73.06,active,6.327902142
CHEMBL2012244,c1ccc(Cn2ccc3c(OC4CCN(Cc5cscn5)CC4)ncnc32)cc1,<rdkit.Chem.rdchem.Mol object at 0x0000022792892880>,200,405.527,3.9795,6,0,7,56.07,active,6.698970004
CHEMBL2012263,Clc1cccc(Cn2ccc3c(OC4CCN(Cc5cscn5)CC4)ncnc32)c1,<rdkit.Chem.rdchem.Mol object at 0x00000227928928F0>,300,439.972,4.6329,6,0,7,56.07,active,6.522878745
CHEMBL2012272,Fc1c(Cl)cccc1Cn1ccc2c(OC3CCN(Cc4cscn4)CC3)ncnc21,<rdkit.Chem.rdchem.Mol object at 0x0000022792892960>,50,457.962,4.772,6,0,7,56.07,active,7.301029996
CHEMBL2012296,Fc1cccnc1CN1CCC(Oc2ncnc3c2ccn3Cc2ccccc2)CC1,<rdkit.Chem.rdchem.Mol object at 0x00000227928929D0>,90,417.488,4.0571,6,0,6,56.07,active,7.045757491
CHEMBL2069404,Cc1ccc(-n2nc(C)c(C(=O)N[C@@H]3COc4cccc(N5CCN(C)CC5)c4C3)n2)c(C)c1,<rdkit.Chem.rdchem.Mol object at 0x0000022792892A40>,2511.89,460.582,2.67786,4,1,7,75.52,active,5.599999383
CHEMBL2069409,O=C(N[C@@H]1COc2cccc(-c3ccncc3)c2C1)c1ccc(OCC(F)(F)F)nc1,<rdkit.Chem.rdchem.Mol object at 0x0000022792892AB0>,3162.28,429.398,3.8182,5,1,5,73.34,active,5.499999679
CHEMBL2069411,O=C(N[C@@H]1COc2cccc(-c3ccc(CO)nc3)c2C1)c1ccc(OCC(F)(F)F)nc1,<rdkit.Chem.rdchem.Mol object at 0x0000022792892B20>,6309.57,459.424,3.3105,6,2,6,93.57,inactive,5.200000237
CHEMBL2069417,COCCn1nc(C)c(C(=O)N[C@@H]2COc3cccc(-c4ccncc4)c3C2)n1,<rdkit.Chem.rdchem.Mol object at 0x0000022792892B90>,31622.78,393.447,2.02842,6,1,7,91.16,inactive,4.499999953
CHEMBL2069423,COc1ncc(-c2cccc3c2C[C@H](NC(=O)c2ccc(COCC(F)(F)F)nc2)CO3)cn1,<rdkit.Chem.rdchem.Mol object at 0x0000022792892C00>,10000,474.439,3.3596,7,1,7,95.46,inactive,5
CHEMBL2147225,COc1ccc(CCNC(=O)c2ccc(OCCC(F)(F)F)nc2)c(-c2cnc(OC)nc2)c1,<rdkit.Chem.rdchem.Mol object at 0x0000022792892C70>,19952.62,476.455,3.8595,10,1,7,95.46,inactive,4.700000069
CHEMBL2147303,COc1ncc(-c2ccccc2C(F)(F)CNC(=O)c2ccc(COCC(F)(F)F)nc2)cn1,<rdkit.Chem.rdchem.Mol object at 0x0000022792892CE0>,19952.62,482.409,4.1479,9,1,6,86.23,inactive,4.700000069
CHEMBL2147316,COc1cnc(-c2ccccc2C(F)(F)CNC(=O)c2ccc(COCC(F)(F)F)nc2)cn1,<rdkit.Chem.rdchem.Mol object at 0x0000022792892D50>,31622.78,482.409,4.1479,9,1,6,86.23,inactive,4.499999953
CHEMBL2164365,O=C(NCc1ccc(OC(F)(F)F)cc1)c1c2ccccc2c(O)n1CCc1cnccn1,<rdkit.Chem.rdchem.Mol object at 0x0000022792892DC0>,12000,456.424,4.2082,7,2,6,89.27,inactive,4.920818754
CHEMBL2164381,N#CCCn1c(O)c2ccccc2c1C(=O)NCc1ccc(OC(F)(F)F)cc1,<rdkit.Chem.rdchem.Mol object at 0x0000022792892E30>,26000,403.36,4.08918,6,2,5,87.28,inactive,4.585026652
CHEMBL2164394,O=C(NCc1ccc(OC(F)F)nc1)c1c2ccccc2c(O)n1CCc1ccccn1,<rdkit.Chem.rdchem.Mol object at 0x0000022792892EA0>,33000,438.434,3.911,8,2,6,89.27,inactive,4.48148606
CHEMBL2164385,O=C(NCc1cccc(Br)c1)c1c2ccccc2c(O)n1CCc1ccccn1,<rdkit.Chem.rdchem.Mol object at 0x0000022792892F10>,12000,450.336,4.6771,6,2,4,67.15,inactive,4.920818754
CHEMBL2409406,COc1cc2nnc(C(N)=O)c(Nc3ccc(C)cc3F)c2cc1N1CCN(S(C)(=O)=O)CC1,<rdkit.Chem.rdchem.Mol object at 0x0000022792892F80>,30000,488.545,2.01002,6,2,8,130.75,inactive,4.522878745
CHEMBL2409403,COc1cc2nnc(C(N)=O)c(Nc3ccc(C)cc3F)c2cc1N1CCOCC1,<rdkit.Chem.rdchem.Mol object at 0x0000022792892FF0>,30000,411.437,2.76502,5,2,7,102.6,inactive,4.522878745
CHEMBL2409311,COCCOc1cc2ncc(C(N)=O)c(Nc3ccc(C)cc3F)c2cc1N1CCOCC1,<rdkit.Chem.rdchem.Mol object at 0x0000022792893060>,30000,454.502,3.38662,8,2,7,98.94,inactive,4.522878745
CHEMBL2409399,COc1cc2nnc(C(N)=O)c(Nc3ccc(C)cc3F)c2cc1N1C[C@@H](C)N[C@@H](C)C1,<rdkit.Chem.rdchem.Mol object at 0x00000227928930D0>,14000,438.507,3.11502,5,3,7,105.4,inactive,4.853871964
CHEMBL2409397,COc1cc2nnc(C(N)=O)c(Nc3ccc(C)cc3F)c2cc1N1CCN(C(C)C)CC1,<rdkit.Chem.rdchem.Mol object at 0x0000022792893140>,4000,452.534,3.45882,6,2,7,96.61,active,5.397940009
CHEMBL2418806,Cc1ccc(Nc2nc(C(=O)N3CCCC(C)C3C)cs2)cc1,<rdkit.Chem.rdchem.Mol object at 0x00000227928931B0>,50000,329.469,4.45572,3,1,4,45.23,inactive,4.301029996
CHEMBL2441437,O=C1OCc2cc(CCN3CCN(C(=O)Cc4ccc(-n5cnnn5)cc4)CC3)ccc21,<rdkit.Chem.rdchem.Mol object at 0x0000022792893220>,30000,432.484,1.2621,6,0,8,93.45,inactive,4.522878745
CHEMBL3085870,Nc1nc2c(s1)C[C@@H](NC(=O)c1ccco1)CC2,<rdkit.Chem.rdchem.Mol object at 0x0000022792893290>,30000,263.322,1.6056,2,2,5,81.15,inactive,4.522878745
CHEMBL3085874,Nc1nc2c(s1)CC(CNC(=O)c1cc(Br)c(Br)[nH]1)CC2,<rdkit.Chem.rdchem.Mol object at 0x0000022792893300>,30000,434.157,3.1133,3,3,4,83.8,inactive,4.522878745
CHEMBL3085873,Nc1nc2c(s1)CC(CNC(=O)c1cc(Br)c[nH]1)CC2,<rdkit.Chem.rdchem.Mol object at 0x0000022792893370>,30000,355.261,2.3508,3,3,4,83.8,inactive,4.522878745
CHEMBL3318957,CCOC[C@@H](CC(C)C)NC(=O)C1CNCC(C(=O)N(c2ccc(C(C)C)cn2)C2CC2)[C@@H]1O,<rdkit.Chem.rdchem.Mol object at 0x00000227928933E0>,30000,474.646,2.4643,11,3,6,103.79,inactive,4.522878745
CHEMBL3322768,COc1ccc2c(c1)NC1(CCN(C(=O)c3ccccc3Br)CC1)c1cccn1-2,<rdkit.Chem.rdchem.Mol object at 0x0000022792893450>,7601,452.352,4.8054,2,1,4,46.5,inactive,5.119129267
CHEMBL3322760,COc1ccc2c(c1)NC1(CCN(C(=O)c3cccc(C#N)c3)CC1)c1cccn1-2,<rdkit.Chem.rdchem.Mol object at 0x00000227928934C0>,9716,398.466,3.91458,2,1,5,70.29,inactive,5.012512494
CHEMBL3325531,O=C1C[C@@H](c2ccc(F)cc2)[C@H](COc2cc(F)c(S(=O)(=O)Nc3ncns3)cc2F)CN1,<rdkit.Chem.rdchem.Mol object at 0x0000022792893530>,10000,498.508,3.0549,7,2,7,110.28,inactive,5
CHEMBL3325534,O=S(=O)(Nc1ncns1)c1cc(F)c(OC[C@@H]2CCCC[C@H]2c2ccc(Cl)cc2)cc1F,<rdkit.Chem.rdchem.Mol object at 0x00000227928935A0>,24700,499.992,5.6233,7,1,6,81.18,inactive,4.607303047
CHEMBL3325537,CN1CC[C@H](c2ccc(Cl)cc2)[C@@H](COc2cc(F)c(S(=O)(=O)Nc3ncns3)cc2F)C1,<rdkit.Chem.rdchem.Mol object at 0x0000022792893610>,10000,515.007,4.3848,7,1,7,84.42,inactive,5
CHEMBL3325542,O=S(=O)(Nc1nncs1)c1cc(F)c(OC[C@@H]2CNCC[C@H]2c2ccc(Cl)cc2)cc1F,<rdkit.Chem.rdchem.Mol object at 0x0000022792893680>,10000,500.98,4.0426,7,2,7,93.21,inactive,5
CHEMBL3325546,O=S(=O)(Nc1ccc(F)cn1)c1cc(F)c(OC[C@@H]2CNCC[C@H]2c2ccc(Cl)cc2)cc1F,<rdkit.Chem.rdchem.Mol object at 0x00000227928936F0>,10000,511.953,4.7252,7,2,5,80.32,inactive,5
CHEMBL3325550,O=S(=O)(Nc1ncc(F)cn1)c1cc(F)c(OC[C@@H]2CNCC[C@H]2c2ccc(Cl)cc2)cc1F,<rdkit.Chem.rdchem.Mol object at 0x0000022792893760>,10000,512.941,4.1202,7,2,6,93.21,inactive,5
CHEMBL3358006,C[C@@H]1CN(c2nc(C(F)(F)F)no2)CCN1c1ncc(OCc2ccc(CS(C)(=O)=O)cc2F)cn1,<rdkit.Chem.rdchem.Mol object at 0x00000227928937D0>,30000,530.504,2.8562,7,0,10,114.55,inactive,4.522878745
CHEMBL3337583,COc1ccc(C(=O)N2CCC3(CC2)Nc2cc(OC(F)(F)F)ccc2-n2cccc23)cc1N(C)C,<rdkit.Chem.rdchem.Mol object at 0x0000022792893840>,181,500.521,5.0075,4,1,6,58.97,active,6.742321425
CHEMBL3337590,COc1ccc2c(c1)NC1(CN(C(=O)c3ccc4ncccc4c3)C1)c1cccn1-2,<rdkit.Chem.rdchem.Mol object at 0x00000227928938B0>,30000,396.45,3.8109,2,1,5,59.39,inactive,4.522878745
CHEMBL3337601,COc1ccc2c(c1)NC1(CCN(C(=O)c3ccc4c(ccn4C)c3)CC1)c1cccn1-2,<rdkit.Chem.rdchem.Mol object at 0x0000022792893920>,1653,426.52,4.5346,2,1,5,51.43,active,5.781727146
CHEMBL716,OCCOCCN1CCN(C2=Nc3ccccc3Sc3ccccc32)CC1,<rdkit.Chem.rdchem.Mol object at 0x0000022792893990>,16900,383.517,2.856,5,1,6,48.3,inactive,4.772113295
CHEMBL3582472,Fc1cncc(-c2nc3cc(F)c(F)cc3n2C2CC2)c1,<rdkit.Chem.rdchem.Mol object at 0x0000022792893A00>,30000,289.26,3.8505,2,0,3,30.71,inactive,4.522878745
CHEMBL2324355,Cc1nocc1C(=O)Nc1ccc(-c2ccccc2OC(F)(F)F)c(N)n1,<rdkit.Chem.rdchem.Mol object at 0x0000022792893A70>,12000,378.31,3.77812,4,2,6,103.27,inactive,4.920818754
CHEMBL3622446,Cc1nnc2n1-c1ccc(-c3cncc([C@@](C)(O)C(F)(F)F)c3)cc1CC2,<rdkit.Chem.rdchem.Mol object at 0x0000022792893AE0>,30000,374.366,3.50612,2,1,5,63.83,inactive,4.522878745
CHEMBL3634321,O=C1COc2c(cccc2N2CCN(CC(O)COc3ccccc3C(=O)c3ccccc3)CC2)N1,<rdkit.Chem.rdchem.Mol object at 0x0000022792893B50>,20000,487.556,2.8104,8,2,7,91.34,inactive,4.698970004
CHEMBL3632641,O=C(c1ccccc1)c1ccc(OCC(O)CN2CCC(N3Cc4ccccc4C3=O)CC2)cc1,<rdkit.Chem.rdchem.Mol object at 0x0000022792893BC0>,1200,470.569,3.7777,8,1,5,70.08,active,5.920818754
CHEMBL3683212,O=S(=O)(Nc1ncns1)N1CCc2c(cccc2-c2ccc(C(F)(F)F)cc2-c2cncnc2)C1,<rdkit.Chem.rdchem.Mol object at 0x0000022792893C30>,10000,518.546,4.3959,5,1,7,100.97,inactive,5
CHEMBL3704408,Cn1nccc1-c1cc(C(F)(F)F)ccc1-c1cn(C)c2cc(S(=O)(=O)Nc3nncs3)ccc12,<rdkit.Chem.rdchem.Mol object at 0x0000022792893CA0>,10000,518.546,4.9169,5,1,8,94.7,inactive,5
CHEMBL3704434,Cn1cc(-c2ccc(Br)cc2C(F)(F)F)c2ccc(S(=O)(=O)Nc3ncns3)cc21,<rdkit.Chem.rdchem.Mol object at 0x0000022792893D10>,10000,517.352,5.2789,4,1,6,76.88,inactive,5
CHEMBL3704417,Cn1nccc1-c1cc(C(F)(F)F)ccc1-c1c[nH]c2nc(S(=O)(=O)Nc3ncns3)ccc12,<rdkit.Chem.rdchem.Mol object at 0x0000022792893D80>,8550,505.507,4.3015,5,2,8,118.45,inactive,5.068033885
CHEMBL3704422,Cn1cc(-c2ccc(F)c(C#N)c2)c2ccc(S(=O)(=O)Nc3ncns3)cc21,<rdkit.Chem.rdchem.Mol object at 0x0000022792893DF0>,7630,413.459,3.50838,4,1,7,100.67,inactive,5.117475462
CHEMBL3654182,CC1(C)[C@H]2CC[C@H](COc3cc(F)c(C(=O)NS(C)(=O)=O)cc3Cl)[C@@H]1C2,<rdkit.Chem.rdchem.Mol object at 0x0000022792893E60>,1070,403.903,3.6196,5,1,4,72.47,active,5.970616222
CHEMBL3704423,Cn1cc(-c2ccc(C#N)c(F)c2)c2ccc(S(=O)(=O)Nc3ncns3)cc21,<rdkit.Chem.rdchem.Mol object at 0x0000022792893ED0>,10000,413.459,3.50838,4,1,7,100.67,inactive,5
CHEMBL3704421,COc1cc(OC)cc(-c2cn(C)c3cc(S(=O)(=O)Nc4ncns4)ccc23)c1,<rdkit.Chem.rdchem.Mol object at 0x0000022792893F40>,10000,430.511,3.5148,6,1,8,95.34,inactive,5
CHEMBL3683201,O=S(=O)(Nc1ncns1)N1CCc2c(cccc2-c2ccc(Cl)cc2Cl)C1,<rdkit.Chem.rdchem.Mol object at 0x00000227928E8040>,10000,441.365,4.2269,4,1,5,75.19,inactive,5
CHEMBL3683248,COc1cc(C(F)(F)F)ccc1-c1ncnc2c1CCN(S(=O)(=O)Nc1nccs1)C2,<rdkit.Chem.rdchem.Mol object at 0x00000227928E80B0>,10000,471.486,3.3425,5,1,7,97.31,inactive,5
CHEMBL3683231,COc1cc(C(F)(F)F)ccc1-c1cccc2c1C(C)CN(S(=O)(=O)Nc1ncns1)C2,<rdkit.Chem.rdchem.Mol object at 0x00000227928E8120>,10000,484.525,4.5085,5,1,6,84.42,inactive,5
CHEMBL3704455,Cn1cc(-c2ccc(C(F)(F)F)cc2C2=CCNCC2)c2ccc(S(=O)(=O)Nc3cscn3)cc21,<rdkit.Chem.rdchem.Mol object at 0x00000227928E8190>,10000,518.586,5.4981,5,2,6,76.02,inactive,5
CHEMBL3704403,Cn1nccc1-c1cc(C(F)(F)F)ccc1-c1cn(S(C)(=O)=O)c2cc(S(=O)(=O)Nc3ncns3)ccc12,<rdkit.Chem.rdchem.Mol object at 0x00000227928E8200>,10000,582.611,4.1876,6,1,10,128.84,inactive,5
CHEMBL3683196,O=S(=O)(Nc1ncns1)N1CCc2c(cccc2-c2ccc(C(F)(F)F)cc2Br)C1,<rdkit.Chem.rdchem.Mol object at 0x00000227928E8270>,10000,519.368,4.7014,4,1,5,75.19,inactive,5
CHEMBL2409213,Cn1cc(-c2ccc(C(F)(F)F)cc2C2=CCNCC2)c2ccc(S(=O)(=O)Nc3ncns3)cc21,<rdkit.Chem.rdchem.Mol object at 0x00000227928E82E0>,10000,519.574,4.8931,5,2,7,88.91,inactive,5
CHEMBL3704411,Cn1cc(-c2ccc(C(F)(F)F)cc2C#N)c2ccc(S(=O)(=O)Nc3ncns3)cc21,<rdkit.Chem.rdchem.Mol object at 0x00000227928E8350>,10000,463.466,4.38808,4,1,7,100.67,inactive,5
CHEMBL3704418,Cn1nccc1-c1cc(C(F)(F)F)ccc1-c1cn(C)c2nc(S(=O)(=O)Nc3ncns3)ccc12,<rdkit.Chem.rdchem.Mol object at 0x00000227928E83C0>,10000,519.534,4.3119,5,1,9,107.59,inactive,5
CHEMBL3704430,Cn1cc(-c2cccc(S(C)(=O)=O)c2)c2ccc(S(=O)(=O)Nc3ncns3)cc21,<rdkit.Chem.rdchem.Mol object at 0x00000227928E8430>,10000,448.551,2.9011,5,1,8,111.02,inactive,5
CHEMBL3704446,COc1cc(-c2cn(C)c3cc(S(=O)(=O)Nc4ncns4)ccc23)c(F)cn1,<rdkit.Chem.rdchem.Mol object at 0x00000227928E84A0>,10000,419.463,3.0403,5,1,8,99,inactive,5
CHEMBL3683235,O=S(=O)(Nc1ncns1)N1CCc2c(cccc2-c2ccnc3cc(Cl)ccc23)C1,<rdkit.Chem.rdchem.Mol object at 0x00000227928E8510>,10000,457.968,4.1217,4,1,6,88.08,inactive,5
CHEMBL3683209,COc1cncc(-c2cc(C(F)(F)F)ccc2-c2cccc3c2CCN(S(=O)(=O)Nc2ncns2)C3)c1,<rdkit.Chem.rdchem.Mol object at 0x00000227928E8580>,10000,547.584,5.0095,6,1,7,97.31,inactive,5
CHEMBL3764088,O=C(Cn1ncccc1=O)Nc1ccc(C[C@@H]2CC[C@H]([C@H](O)c3ccccc3)N2)cc1,<rdkit.Chem.rdchem.Mol object at 0x00000227928E85F0>,30000,418.497,2.2787,7,3,6,96.25,inactive,4.522878745
CHEMBL3765335,CC(C(=O)Nc1ccc(C[C@@H]2CC[C@H]([C@H](O)c3ccccc3)N2)cc1)n1ncccc1=O,<rdkit.Chem.rdchem.Mol object at 0x00000227928E8660>,30000,432.524,2.8397,7,3,6,96.25,inactive,4.522878745
CHEMBL3763934,O=C(Nc1ccc(C[C@@H]2CC[C@H]([C@H](O)c3ccccc3)N2)cc1)C1CCc2cccc(=O)n21,<rdkit.Chem.rdchem.Mol object at 0x00000227928E86D0>,30000,443.547,3.371,6,3,5,83.36,inactive,4.522878745
CHEMBL2107826,O=C(Nc1ccc(C[C@@H]2CC[C@H]([C@H](O)c3ccccc3)N2)cc1)C1CCc2nccc(=O)n21,<rdkit.Chem.rdchem.Mol object at 0x00000227928E8740>,30000,444.535,2.766,6,3,6,96.25,inactive,4.522878745
CHEMBL3798363,O=C1NCCN1CCOc1nn(-c2ccccc2F)c2ccc(F)cc12,<rdkit.Chem.rdchem.Mol object at 0x00000227928E87B0>,2800,358.348,2.7077,5,1,4,59.39,active,5.552841969
CHEMBL3798493,O=C(COc1nn(-c2ccccc2F)c2ccc(F)cc12)N1CCOCC1,<rdkit.Chem.rdchem.Mol object at 0x00000227928E8820>,1000,373.359,2.5413,4,0,5,56.59,active,6
CHEMBL3798228,O=C(CN1CCN(c2cccc3c2cnn3-c2ccccc2F)C1=O)N1CC[C@H](F)C1,<rdkit.Chem.rdchem.Mol object at 0x00000227928E8890>,33000,425.439,2.977,4,0,4,61.68,inactive,4.48148606
CHEMBL3799551,CC(C)CC(=O)CN1CCN(c2cccc3c2cnn3-c2ccccc2F)C1=O,<rdkit.Chem.rdchem.Mol object at 0x00000227928E8900>,15000,394.45,4.0218,6,0,4,58.44,inactive,4.823908741
CHEMBL3805897,Nc1[nH]nc2ccc(-c3cc(Cl)ccc3Oc3cc(F)c(S(=O)(=O)Nc4ncns4)cc3F)cc12,<rdkit.Chem.rdchem.Mol object at 0x00000227928E8970>,10000,534.957,5.1883,6,3,8,135.88,inactive,5
CHEMBL3692148,COc1cc(C(F)(F)F)ccc1-c1nccc2cc(S(=O)(=O)Nc3nccs3)cnc12,<rdkit.Chem.rdchem.Mol object at 0x00000227928E89E0>,30000,466.466,4.5815,5,1,7,94.07,inactive,4.522878745
CHEMBL3682786,COc1cc(C(F)(F)F)ccc1-c1nccc2cc(S(=O)(=O)Nc3nccs3)ccc12,<rdkit.Chem.rdchem.Mol object at 0x00000227928E8A50>,30000,465.478,5.1865,5,1,6,81.18,inactive,4.522878745
CHEMBL3682653,COc1cc(C(F)(F)F)ccc1-c1cccc2cc(S(=O)(=O)Nc3ccncn3)ccc12,<rdkit.Chem.rdchem.Mol object at 0x00000227928E8AC0>,30000,459.449,5.125,5,1,5,81.18,inactive,4.522878745
CHEMBL3707392,O=C1c2cc(-c3ccc(OC(F)(F)F)cc3)ccc2OCCN1Cc1ncccn1,<rdkit.Chem.rdchem.Mol object at 0x00000227928E8B30>,52000,415.371,4.077,4,0,5,64.55,inactive,4.283996656
CHEMBL3692136,O=S(=O)(Nc1ncns1)c1ccc2c(-c3ccc(C(F)(F)F)cc3-c3ccncc3)nccc2c1,<rdkit.Chem.rdchem.Mol object at 0x00000227928E8BA0>,30000,513.526,5.6349,5,1,7,97.73,inactive,4.522878745
CHEMBL3682657,Cn1nccc1-c1cc(C(F)(F)F)ccc1-c1cccc2cc(S(=O)(=O)Nc3nccs3)ccc12,<rdkit.Chem.rdchem.Mol object at 0x00000227928E8C10>,5820,514.554,6.1834,5,1,6,76.88,inactive,5.235077015
CHEMBL3692134,O=S(=O)(Nc1ncns1)c1ccc2c(-c3ccc(C(F)(F)F)cc3Br)nccc2c1,<rdkit.Chem.rdchem.Mol object at 0x00000227928E8C80>,30000,515.336,5.3354,4,1,6,84.84,inactive,4.522878745
CHEMBL3682643,NC(=O)c1cc(C(F)(F)F)ccc1-c1cccc2cc(S(=O)(=O)Nc3ncns3)ccc12,<rdkit.Chem.rdchem.Mol object at 0x00000227928E8CF0>,30000,478.477,4.2768,5,2,6,115.04,inactive,4.522878745
CHEMBL3687549,COc1ccccc1-c1ncnc2cc(S(=O)(=O)Nc3nccs3)ccc12,<rdkit.Chem.rdchem.Mol object at 0x00000227928E8D60>,30000,398.469,3.5627,5,1,7,94.07,inactive,4.522878745
CHEMBL3687610,COc1cc(Cl)c(C#N)cc1-c1nccc2cc(S(=O)(=O)Nc3nncs3)ccc12,<rdkit.Chem.rdchem.Mol object at 0x00000227928E8DD0>,30000,457.924,4.08778,5,1,8,117.86,inactive,4.522878745
CHEMBL3687621,COc1ccc(-c2cccc(F)c2)cc1-c1nccc2cc(S(=O)(=O)Nc3ccncn3)ccc12,<rdkit.Chem.rdchem.Mol object at 0x00000227928E8E40>,30000,486.528,5.3073,6,1,6,94.07,inactive,4.522878745
CHEMBL3687629,Cc1cc(-c2cccc(F)c2)ccc1-c1nccc2cc(S(=O)(=O)Nc3ccncn3)ccc12,<rdkit.Chem.rdchem.Mol object at 0x00000227928E8EB0>,30000,470.529,5.60712,5,1,5,84.84,inactive,4.522878745
CHEMBL3687639,COc1cc(-c2cccc(F)c2)ccc1-c1nccc2cc(S(=O)(=O)Nc3ncns3)ccc12,<rdkit.Chem.rdchem.Mol object at 0x00000227928E8F20>,30000,492.557,5.3688,6,1,7,94.07,inactive,4.522878745
CHEMBL3692152,N#CCOc1cc(Cl)ccc1-c1nccc2cc(S(=O)(=O)N(OC(=O)C(F)(F)F)c3nccs3)ccc12,<rdkit.Chem.rdchem.Mol object at 0x00000227928E8F90>,30000,568.942,5.12988,7,0,9,122.48,inactive,4.522878745
CHEMBL3692154,N#CCOc1ccccc1-c1nccc2cc(S(=O)(=O)N(OC(=O)C(F)(F)F)c3nccs3)ccc12,<rdkit.Chem.rdchem.Mol object at 0x00000227928E9000>,30000,534.497,4.47648,7,0,9,122.48,inactive,4.522878745
CHEMBL3687651,COc1ccccc1-c1ncc(F)c2cc(S(=O)(=O)Nc3ncns3)ccc12,<rdkit.Chem.rdchem.Mol object at 0x00000227928E9070>,30000,416.459,3.7018,5,1,7,94.07,inactive,4.522878745
CHEMBL3687692,COc1cc(C(F)F)c(OC)cc1-c1nccc2cc(S(=O)(=O)Nc3nccs3)ccc12,<rdkit.Chem.rdchem.Mol object at 0x00000227928E90E0>,30000,477.514,5.1139,7,1,7,90.41,inactive,4.522878745
CHEMBL3687729,COc1cc(-c2ccc(C)c(Cl)c2)ccc1-c1nccc2cc(S(=O)(=O)Nc3ccncn3)ccc12,<rdkit.Chem.rdchem.Mol object at 0x00000227928E9150>,30000,517.01,6.13002,6,1,6,94.07,inactive,4.522878745
CHEMBL3687737,COc1cc(C(F)(F)F)ccc1-c1nc(C)nc2cc(S(=O)(=O)Nc3nccs3)ccc12,<rdkit.Chem.rdchem.Mol object at 0x00000227928E91C0>,30000,480.493,4.88992,5,1,7,94.07,inactive,4.522878745
CHEMBL3687747,COc1cc(-c2cccc(F)c2)c(Cl)cc1-c1ncnc2cc(S(=O)(=O)Nc3ccncn3)ccc12,<rdkit.Chem.rdchem.Mol object at 0x00000227928E9230>,6590,521.961,5.3557,6,1,7,106.96,inactive,5.181114585
CHEMBL3687752,COc1cc(-c2cc(F)cc(F)c2)ccc1-c1ncnc2cc(S(=O)(=O)Nc3nncs3)ccc12,<rdkit.Chem.rdchem.Mol object at 0x00000227928E92A0>,30000,511.535,4.9029,6,1,8,106.96,inactive,4.522878745
CHEMBL3961261,O=S(=O)(Nc1cscn1)c1ccc2c(c1)OCCN2c1ccc(C(F)(F)F)cc1Cl,<rdkit.Chem.rdchem.Mol object at 0x00000227928E9310>,10000,475.901,5.1466,4,1,6,71.53,inactive,5
CHEMBL3928707,O=S(=O)(Nc1ncns1)c1ccc2c(c1)OCCN2c1ccc(C(F)(F)F)cc1C1=CCOCC1,<rdkit.Chem.rdchem.Mol object at 0x00000227928E9380>,214,524.546,4.6919,5,1,8,93.65,active,6.669586227
CHEMBL3944754,O=S(=O)(Nc1ncns1)c1ccc2c(c1)OCCN2c1cccc2ccccc12,<rdkit.Chem.rdchem.Mol object at 0x00000227928E93F0>,10000,424.507,4.0226,4,1,7,84.42,inactive,5
CHEMBL3983923,Cn1nccc1-c1cc(C(F)(F)F)ccc1N1CCOc2cc(S(=O)(=O)Nc3nccs3)ccc21,<rdkit.Chem.rdchem.Mol object at 0x00000227928E9460>,10000,521.546,4.8937,5,1,8,89.35,inactive,5
CHEMBL3928011,CN1CC=C(c2cc(C(F)(F)F)ccc2N2CCOc3cc(S(=O)(=O)Nc4nccs4)ccc32)CC1,<rdkit.Chem.rdchem.Mol object at 0x00000227928E94D0>,3590,536.601,5.2121,5,1,7,74.77,active,5.444905551
CHEMBL3943116,COCCNc1cc(C(F)(F)F)ccc1N1CCOc2cc(S(=O)(=O)Nc3ccncn3)ccc21,<rdkit.Chem.rdchem.Mol object at 0x00000227928E9540>,10000,509.51,3.885,8,2,8,105.68,inactive,5
CHEMBL3900428,CN1CCN(c2cc(C(F)(F)F)ccc2N2CCOc3cc(S(=O)(=O)Nc4nccs4)ccc32)CC1,<rdkit.Chem.rdchem.Mol object at 0x00000227928E95B0>,957,539.605,4.245,5,1,8,78.01,active,6.019088062
CHEMBL3909534,O=S(=O)(Nc1nccs1)c1ccc2c(c1)OCCN2c1ccc(C(F)(F)F)cc1-c1ccncc1,<rdkit.Chem.rdchem.Mol object at 0x00000227928E9620>,554,518.542,5.5552,5,1,7,84.42,active,6.256490235
CHEMBL3982796,O=S(=O)(Nc1nccs1)c1ccc2c(c1)OCCN2c1ccccc1N1CCNCC1,<rdkit.Chem.rdchem.Mol object at 0x00000227928E9690>,5570,457.581,2.884,5,2,8,86.8,inactive,5.254144805
CHEMBL3902690,O=S(=O)(Nc1nccs1)c1ccc2c(c1)OCCN2c1cccc2ccncc12,<rdkit.Chem.rdchem.Mol object at 0x00000227928E9700>,4830,424.507,4.0226,4,1,7,84.42,active,5.316052869
CHEMBL3967311,COc1cccc(N2CCOc3cc(S(=O)(=O)Nc4nccs4)ccc32)c1,<rdkit.Chem.rdchem.Mol object at 0x00000227928E9770>,10000,403.485,3.483,5,1,7,80.76,inactive,5
CHEMBL3943018,O=S(=O)(Nc1nccs1)c1ccc2c(c1)OCCN2c1ccc(F)c(F)c1,<rdkit.Chem.rdchem.Mol object at 0x00000227928E97E0>,3810,409.439,3.7526,4,1,6,71.53,active,5.419075024
CHEMBL3919882,COc1cc(Cl)cnc1N1CC(C)Oc2cc(S(=O)(=O)Nc3nccs3)ccc21,<rdkit.Chem.rdchem.Mol object at 0x00000227928E9850>,9590,452.945,3.9199,5,1,8,93.65,inactive,5.018181393
CHEMBL3902642,O=S(=O)(Nc1nccs1)c1ccc2c(c1)OCCN2c1ccc(OCC(F)(F)F)cc1,<rdkit.Chem.rdchem.Mol object at 0x00000227928E98C0>,3370,471.482,4.4155,6,1,7,80.76,active,5.472370099
CHEMBL3927096,COc1ccc(C(F)(F)F)cc1N1CCOc2cc(S(=O)(=O)Nc3nccs3)ccc21,<rdkit.Chem.rdchem.Mol object at 0x00000227928E9930>,5060,471.482,4.5018,5,1,7,80.76,inactive,5.295849483
CHEMBL3900718,O=S(=O)(Nc1nccs1)c1ccc2c(c1)OCCN2c1ccc(C(F)(F)F)c(Cl)c1,<rdkit.Chem.rdchem.Mol object at 0x00000227928E99A0>,10000,475.901,5.1466,4,1,6,71.53,inactive,5
CHEMBL3946933,O=S(=O)(Nc1nccs1)c1ccc2c(c1)OCCN2c1ccccc1C1CCOCC1,<rdkit.Chem.rdchem.Mol object at 0x00000227928E9A10>,10000,457.577,4.3684,5,1,7,80.76,inactive,5
CHEMBL3973123,O=S(=O)(Nc1nccs1)c1ccc2c(c1)OCCN2c1ccc(Cl)c(F)c1,<rdkit.Chem.rdchem.Mol object at 0x00000227928E9A80>,10000,425.894,4.2669,4,1,6,71.53,inactive,5
CHEMBL3928200,Cc1c(Cl)cccc1N1CCOc2cc(S(=O)(=O)Nc3nccs3)ccc21,<rdkit.Chem.rdchem.Mol object at 0x00000227928E9AF0>,10000,421.931,4.43622,4,1,6,71.53,inactive,5
CHEMBL3948619,O=S(=O)(Nc1nccs1)c1ccc2c(c1)OCCN2c1cccc(OC(F)(F)F)c1,<rdkit.Chem.rdchem.Mol object at 0x00000227928E9B60>,7620,457.455,4.373,5,1,7,80.76,inactive,5.118045029
CHEMBL3963974,COc1ccncc1N1CCOc2cc(S(=O)(=O)Nc3nccs3)ccc21,<rdkit.Chem.rdchem.Mol object at 0x00000227928E9BD0>,10000,404.473,2.878,5,1,8,93.65,inactive,5
CHEMBL3916594,COc1cc(-c2cccc(F)c2)ccc1N1CCOc2cc(S(=O)(=O)Nc3nccs3)ccc21,<rdkit.Chem.rdchem.Mol object at 0x00000227928E9C40>,4830,497.573,5.2891,6,1,7,80.76,active,5.316052869
CHEMBL3932071,O=S(=O)(Nc1nccs1)c1ccc2c(c1)OCCN2c1ccc(C(F)(F)F)cc1C(O)CO,<rdkit.Chem.rdchem.Mol object at 0x00000227928E9CB0>,637,501.508,3.5189,6,3,8,111.99,active,6.195860568
CHEMBL3946486,O=S(=O)(Nc1nccs1)c1ccc2c(c1)OCCN2c1ccc(C(F)(F)F)cc1CCO,<rdkit.Chem.rdchem.Mol object at 0x00000227928E9D20>,471,485.509,4.028,6,2,7,91.76,active,6.326979093
CHEMBL3920827,COc1cc(C#N)ccc1N1CCOc2cc(S(=O)(=O)Nc3nccs3)c(F)cc21,<rdkit.Chem.rdchem.Mol object at 0x00000227928E9D90>,1310,446.485,3.49378,5,1,8,104.55,active,5.882728704
CHEMBL4066348,CC(C)C[C@@H](N)Cc1nc(-c2ccc(Cl)cc2)no1,<rdkit.Chem.rdchem.Mol object at 0x00000227928E9E00>,3200,279.771,3.3059,5,1,4,64.94,active,5.494850022
CHEMBL4081007,CC(C)C[C@H](N)Cc1nc(-c2ccc(Cl)cc2)no1,<rdkit.Chem.rdchem.Mol object at 0x00000227928E9E70>,1600,279.771,3.3059,5,1,4,64.94,active,5.795880017
CHEMBL4096468,NC1(Cc2nc(-c3ccc(OC(F)(F)F)cc3)c[nH]2)COC1,<rdkit.Chem.rdchem.Mol object at 0x00000227928E9EE0>,36000,313.279,2.2455,4,2,4,73.16,inactive,4.443697499
CHEMBL4092912,O=C(c1ccc(C[C@@H]2CC[C@H]([C@H](O)c3ccccc3)N2)cc1)N1CCN(Cc2nnn(CC3CC3)n2)CC1,<rdkit.Chem.rdchem.Mol object at 0x00000227928E9F50>,30000,515.662,2.4378,9,2,8,99.41,inactive,4.522878745
CHEMBL4101437,N[C@H]1CC[C@](CCNc2cc(F)c(S(=O)(=O)Nc3nccs3)cc2Cl)(c2ccccc2)CC1,<rdkit.Chem.rdchem.Mol object at 0x00000227928E9FC0>,30000,509.072,5.3777,8,3,6,97.11,inactive,4.522878745
CHEMBL3687604,COc1cc(-c2cccc(F)c2)c(Cl)cc1-c1nccc2cc(S(=O)(=O)Nc3ncns3)ccc12,<rdkit.Chem.rdchem.Mol object at 0x00000227928EA030>,1500,527.002,6.0222,6,1,7,94.07,active,5.823908741
CHEMBL3692139,COc1cc(C(F)(F)F)ccc1-c1nccc2cc(S(=O)(=O)Nc3ccncn3)ccc12,<rdkit.Chem.rdchem.Mol object at 0x00000227928EA0A0>,30000,460.437,4.52,5,1,6,94.07,inactive,4.522878745
CHEMBL4065741,O=S(=O)(Nc1nccs1)c1cc(Cl)c(NCC23CCCCN2CCCC3)cc1F,<rdkit.Chem.rdchem.Mol object at 0x00000227928EA110>,30000,459.012,4.5569,6,2,6,74.33,inactive,4.522878745
CHEMBL4100911,O=S(=O)(Nc1nccs1)c1cc(Cl)c(NC[C@@]23CCCN2C[C@H](F)C3)cc1F,<rdkit.Chem.rdchem.Mol object at 0x00000227928EA180>,30000,448.948,3.7247,6,2,6,74.33,inactive,4.522878745
CHEMBL4082170,O=c1oc2cc(S(=O)(=O)Nc3ncns3)ccc2n1Cc1ccccc1,<rdkit.Chem.rdchem.Mol object at 0x00000227928EA1F0>,30000,388.43,2.2951,5,1,8,107.09,inactive,4.522878745
CHEMBL4062193,Fc1ccc(Nc2[nH]nc3cc(OC(F)(F)F)cnc23)cc1F,<rdkit.Chem.rdchem.Mol object at 0x00000227928EA260>,18200,330.216,3.8783,3,2,4,62.83,inactive,4.739928612
CHEMBL2324755,Cn1nccc1-c1cc(Cl)ccc1Oc1cc(F)c(S(=O)(=O)Nc2nncs2)cc1Cl,<rdkit.Chem.rdchem.Mol object at 0x00000227928EA2D0>,30000,500.364,4.9776,6,1,8,99,inactive,4.522878745
CHEMBL2324776,O=S(=O)(Nc1nncs1)c1cc(Cl)c(Oc2ccc(C(F)(F)F)cc2-c2ccnnc2)cc1F,<rdkit.Chem.rdchem.Mol object at 0x00000227928EA340>,30000,531.9,5.3995,6,1,8,106.96,inactive,4.522878745
CHEMBL2325627,Nc1[nH]ncc1-c1cc(C(F)(F)F)ccc1Oc1cc(F)c(S(=O)(=O)Nc2nncs2)cc1Cl,<rdkit.Chem.rdchem.Mol object at 0x00000227928EA3B0>,14413,534.904,4.9148,6,3,8,135.88,inactive,4.841245613
CHEMBL4071906,Nc1cccnc1-c1cccc(C(=O)Nc2cccc(C(F)(F)F)c2-c2cccnc2)c1,<rdkit.Chem.rdchem.Mol object at 0x00000227928EA420>,3900,434.421,5.6639,4,2,4,80.9,active,5.408935393
CHEMBL4063274,O=C(Nc1cccc(C(F)(F)F)c1-c1ccccn1)c1cccc(-c2ncccc2C(F)(F)F)c1,<rdkit.Chem.rdchem.Mol object at 0x00000227928EA490>,480,487.403,7.1005,4,1,3,54.88,active,6.318758763
CHEMBL4126938,CC1(O)CC[C@@]2(C)[C@H](C[C@@H](N3CCC[C@@H](N)C3)[C@@H]2Oc2ccc(C#N)cc2)C1,<rdkit.Chem.rdchem.Mol object at 0x00000227928EA500>,100000,383.536,3.05848,3,2,5,82.51,inactive,4
CHEMBL4130214,N#Cc1ccc(O[C@@H]2[C@@H]3CC(=O)C3C[C@H]2N2CCC[C@@H](N)C2)cc1,<rdkit.Chem.rdchem.Mol object at 0x00000227928EA570>,100000,325.412,1.70628,3,1,5,79.35,inactive,4
CHEMBL4209955,CC1(C)CN[C@@H](c2cc(Cl)cc(Cl)c2)[C@H](Oc2cc(F)c(S(=O)(=O)Nc3ncns3)cc2F)O1,<rdkit.Chem.rdchem.Mol object at 0x00000227928EA5E0>,4400,551.424,4.7685,6,2,8,102.44,active,5.356547324
CHEMBL4278898,O=C(Nc1ccc(OCC(F)(F)F)nc1)C(c1ccccc1)N1CCN(C(=O)c2cc(F)cc(F)c2)CC1,<rdkit.Chem.rdchem.Mol object at 0x00000227928EA650>,3000,534.485,4.4387,7,1,5,74.77,active,5.522878745
CHEMBL4290645,O=C(NCc1ccccc1)C(c1ccccc1)N1CC2CCC(C1)N2C(=O)c1cc(F)ccc1Cl,<rdkit.Chem.rdchem.Mol object at 0x00000227928EA6C0>,4200,491.994,4.8256,6,1,3,52.65,active,5.37675071
CHEMBL4295171,O=C(Nc1ccc(OCC(F)(F)F)nc1)C(c1ccccc1)N1CCN(C(=O)c2cc(F)cnc2Cl)CC1,<rdkit.Chem.rdchem.Mol object at 0x00000227928EA730>,11000,551.928,4.348,7,1,6,87.66,inactive,4.958607315
CHEMBL4276864,Cn1cc(-c2ccc(C(F)F)cc2)c2cc(F)c(C(=O)NS(=O)(=O)C3CC3)cc21,<rdkit.Chem.rdchem.Mol object at 0x00000227928EA7A0>,9666,422.428,4.144,5,1,4,68.17,inactive,5.014753209
CHEMBL4285790,CS(=O)(=O)Nc1nnc2cc(COc3cc(Cl)cc(Cl)c3)c(C3CC3)cn12,<rdkit.Chem.rdchem.Mol object at 0x00000227928EA810>,1313,427.313,3.864,6,1,6,85.59,active,5.881735274
CHEMBL4297317,CC(C(N)=O)[C@H](N)c1nc2cc(C(C)(C)C)ccc2[nH]1,<rdkit.Chem.rdchem.Mol object at 0x00000227928EA880>,30000,274.368,1.9816,3,3,3,97.79,inactive,4.522878745
CHEMBL4476747,Cn1cc(C2=CCNCC2)c2ccc(C(=O)NS(=O)(=O)C3CC3)cc21,<rdkit.Chem.rdchem.Mol object at 0x00000227928EA8F0>,30000,359.451,1.777,4,2,5,80.2,inactive,4.522878745
CHEMBL4513354,C[C@H]1CC[C@@H](c2cn(C)c3cc(C(=O)NS(=O)(=O)C4CC4)ccc23)C1,<rdkit.Chem.rdchem.Mol object at 0x00000227928EA960>,5400,360.479,3.3039,4,1,4,68.17,inactive,5.26760624
CHEMBL4443422,Cc1sc(-c2ccccc2Cl)cc1C(=O)N[C@@H](CN)c1ccccc1,<rdkit.Chem.rdchem.Mol object at 0x00000227928EA9D0>,13000,370.905,4.80672,5,2,3,55.12,inactive,4.886056648
CHEMBL4570932,Cn1cc(-c2ccc(C(F)(F)F)cc2)c2ccc(C(=O)NS(C)(=O)=O)cc21,<rdkit.Chem.rdchem.Mol object at 0x00000227928EAA40>,20000,396.39,3.5535,3,1,4,68.17,inactive,4.698970004
CHEMBL4447987,CC(C)COc1ncc(-c2cn(C)c3cc(C(=O)NS(=O)(=O)C(C)C)ccc23)cc1Cl,<rdkit.Chem.rdchem.Mol object at 0x00000227928EAAB0>,14000,463.987,4.3965,7,1,6,90.29,inactive,4.853871964
CHEMBL4460439,CC(C)COc1ncc(-c2cn(CC(C)C)c3cc(C(=O)NS(C)(=O)=O)ccc23)cc1Cl,<rdkit.Chem.rdchem.Mol object at 0x00000227928EAB20>,24000,478.014,4.7369,8,1,6,90.29,inactive,4.619788758
CHEMBL4460464,CC(C)COc1ccc(-c2nn(C)c3cc(C(=O)NS(=O)(=O)C4CC4)c(F)cc23)cn1,<rdkit.Chem.rdchem.Mol object at 0x00000227928EAB90>,11000,446.504,3.0312,7,1,7,103.18,inactive,4.958607315
CHEMBL4445360,CC(C)COc1ncc(-c2ccc(C(=O)NS(C)(=O)=O)cc2)cc1Cl,<rdkit.Chem.rdchem.Mol object at 0x00000227928EAC00>,32000,382.869,3.1262,6,1,5,85.36,inactive,4.494850022
CHEMBL4539119,CC(C)COc1ncc(-c2ccc(C(=O)NS(C)(=O)=O)cc2OC(F)(F)F)cc1Cl,<rdkit.Chem.rdchem.Mol object at 0x00000227928EAC70>,3700,466.865,4.0248,7,1,6,94.59,active,5.431798276
CHEMBL4474441,COc1cc(C(=O)NS(C)(=O)=O)ccc1-c1cnc(OCC(C)C)c(Cl)c1,<rdkit.Chem.rdchem.Mol object at 0x00000227928EACE0>,30000,412.895,3.1348,7,1,6,94.59,inactive,4.522878745
CHEMBL4590389,COc1cc(C(=O)NS(C)(=O)=O)ccc1-c1cnc(OC2CCC2)c(Cl)c1,<rdkit.Chem.rdchem.Mol object at 0x00000227928EAD50>,17800,410.879,3.0313,6,1,6,94.59,inactive,4.749579998
CHEMBL4634634,C[C@@H]1CC1C(=O)N1CCN(c2cnc(C#N)c(-c3cnn(C)c3)n2)C[C@H]1C,<rdkit.Chem.rdchem.Mol object at 0x00000227928EADC0>,30000,365.441,1.44188,3,0,7,90.94,inactive,4.522878745
CHEMBL4633566,Cn1nccc1[C@H]1CCCC[C@@H]1Oc1cc(F)c(S(=O)(=O)Nc2ccncn2)cc1Cl,<rdkit.Chem.rdchem.Mol object at 0x00000227928EAE30>,100000,465.938,3.9086,6,1,7,99,inactive,4
CHEMBL4646742,Cn1nccc1-c1cc(C(F)(F)F)ccc1[C@H]1CCOc2cc(S(=O)(=O)Nc3nccs3)ccc21,<rdkit.Chem.rdchem.Mol object at 0x00000227928EAEA0>,812,520.558,5.2776,5,1,7,86.11,active,6.090443971
CHEMBL4639228,Cc1nc(-c2cc(C(F)(F)F)ccc2[C@H]2CCOc3cc(S(=O)(=O)Nc4nccs4)ccc32)co1,<rdkit.Chem.rdchem.Mol object at 0x00000227928EAF10>,629,521.542,5.84052,5,1,7,94.32,active,6.201349355
CHEMBL4641467,O=S(=O)(Nc1nccs1)c1ccc2c(c1)OCC[C@@H]2c1ccc(C(F)(F)F)cc1-c1ccc(F)cn1,<rdkit.Chem.rdchem.Mol object at 0x00000227928EAF80>,362,535.544,6.0782,5,1,6,81.18,active,6.441291429
CHEMBL4786331,Cc1nc2c(=O)n(C3CC3)c3c(Cl)c(N4CC[C@@H]([C@H](C)N)C4)c(F)cc3c2o1,<rdkit.Chem.rdchem.Mol object at 0x00000227928EAFF0>,21500,404.873,3.75202,3,1,6,77.29,inactive,4.66756154
CHEMBL4640061,Cc1c(N2CC[C@@H]([C@H](C)N)C2)c(F)cc2ccc(=O)n(C3CC3)c12,<rdkit.Chem.rdchem.Mol object at 0x00000227928EB060>,50000,329.419,2.95742,3,1,4,51.26,inactive,4.301029996
CHEMBL4867340,O=S(=O)(Nc1cscn1)c1cc(F)c(O[C@H]2CCN(CC(F)(F)F)C[C@@H]2c2ccccc2)cc1F,<rdkit.Chem.rdchem.Mol object at 0x00000227928EB0D0>,1180,533.544,5.0213,7,1,6,71.53,active,5.928117993
CHEMBL4872687,O=S(=O)(Nc1ccncn1)c1cc(F)c(O[C@H]2CCN(CC(F)(F)F)C[C@@H]2c2ccccc2)cc1F,<rdkit.Chem.rdchem.Mol object at 0x00000227928EB140>,30000,528.503,4.3548,7,1,6,84.42,inactive,4.522878745
CHEMBL4855375,O=S(=O)(Nc1cccc(C(F)(F)F)n1)c1cc(F)c(O[C@H]2CCN(CC(F)(F)F)C[C@@H]2c2ccccc2)cc1F,<rdkit.Chem.rdchem.Mol object at 0x00000227928EB1B0>,6330,595.512,5.9786,7,1,5,71.53,inactive,5.19859629
CHEMBL4876448,O=S(=O)(Nc1cccc(F)n1)c1cc(F)c(O[C@H]2CCN(CC(F)(F)F)C[C@@H]2c2ccccc2F)cc1F,<rdkit.Chem.rdchem.Mol object at 0x00000227928EB220>,680,563.495,5.238,7,1,5,71.53,active,6.167491087
CHEMBL4863095,O=S(=O)(Nc1cccc(F)n1)c1cc(F)c(O[C@H]2CCN(CC(F)(F)F)C[C@@H]2c2ccc(F)c(F)c2)cc1F,<rdkit.Chem.rdchem.Mol object at 0x00000227928EB290>,260,581.485,5.3771,7,1,5,71.53,active,6.585026652
CHEMBL4862429,N#Cc1cccc([C@H]2CN(CC(F)(F)F)CC[C@@H]2Oc2cc(F)c(S(=O)(=O)Nc3cccc(F)n3)cc2F)c1,<rdkit.Chem.rdchem.Mol object at 0x00000227928EB300>,4580,570.515,4.97058,7,1,6,95.32,active,5.339134522
CHEMBL4864812,O=S(=O)(Nc1cccc(F)n1)c1cc(F)c(O[C@H]2CCN(CC(F)(F)F)C[C@@H]2c2ccc(F)c(F)c2)c(F)c1F,<rdkit.Chem.rdchem.Mol object at 0x00000227928EB370>,31,599.475,5.5162,7,1,5,71.53,active,7.508638306
CHEMBL4852381,N[C@@H](CC(=O)O)Cn1nnc(-c2ccc(Oc3ncc(Cl)cc3F)cc2)n1,<rdkit.Chem.rdchem.Mol object at 0x00000227928EB3E0>,50000,392.778,2.1219,7,2,8,129.04,inactive,4.301029996
CHEMBL5081884,CS(=O)(=O)NC(=O)c1cc(C2CC2)c(OCC2CCN(Cc3ccccc3)CC2)cc1F,<rdkit.Chem.rdchem.Mol object at 0x00000227928EB450>,30000,460.571,3.6835,8,1,5,75.71,inactive,4.522878745
CHEMBL5082321,CS(=O)(=O)NC(=O)c1cc(C2CC2)c(OCC2CCN(Cc3cc(Cl)cc(Cl)c3)CC2)cc1F,<rdkit.Chem.rdchem.Mol object at 0x00000227928EB4C0>,7000,529.461,4.9903,8,1,5,75.71,inactive,5.15490196
CHEMBL5193436,CNC(=O)N(c1ccc(S(=O)(=O)Nc2ncccn2)cn1)c1cc(F)c(-c2ccc(F)c(OC(F)(F)F)c2)cc1OC,<rdkit.Chem.rdchem.Mol object at 0x00000227928EB530>,40000,610.521,5.0023,8,2,8,135.64,inactive,4.397940009
CHEMBL5184933,CNCC[C@@](O)(c1cccc2ccccc12)[C@H](c1ccccc1)c1cc2cc(Br)ccc2nc1OC,<rdkit.Chem.rdchem.Mol object at 0x00000227928EB5A0>,10000,541.489,6.7883,8,2,4,54.38,inactive,5
CHEMBL3965189,O=C(NC1CCOC1)c1ccc2cc(Oc3ccc(C(F)(F)F)cn3)ccc2n1,<rdkit.Chem.rdchem.Mol object at 0x00000227928EB610>,33000,403.36,3.9596,4,1,5,73.34,inactive,4.48148606
CHEMBL3896584,O=C(c1ccc2cc(Oc3ccc(C(F)(F)F)cn3)ccc2n1)N1CCCC1,<rdkit.Chem.rdchem.Mol object at 0x00000227928EB680>,33000,387.361,4.6769,3,0,4,55.32,inactive,4.48148606
CHEMBL5271450,O=c1cc(CO)n(-c2c(Cl)cccc2Cl)c2c(Cl)cnc(OC[C@@H](O)CO)c12,<rdkit.Chem.rdchem.Mol object at 0x00000227928EB6F0>,50000,445.686,2.5702,6,3,7,104.81,inactive,4.301029996
CHEMBL5428619,CCNc1cccc(Nc2c(CC)cccc2CC)n1,<rdkit.Chem.rdchem.Mol object at 0x00000227928EB760>,6900,269.392,4.3818,6,2,3,36.95,inactive,5.161150909
CHEMBL5408214,C[C@H]1CCN1c1nc(N2CC[C@H](CCC(=O)O)C2)c2c(n1)C(F)(F)CC2,<rdkit.Chem.rdchem.Mol object at 0x00000227928EB7D0>,30000,366.412,2.8043,5,1,5,69.56,inactive,4.522878745
CHEMBL431643,N=C(NCCCCc1ccccc1)NC(=O)c1cc(Cl)ccc1Cl,<rdkit.Chem.rdchem.Mol object at 0x00000227928EB840>,7890,364.276,4.27047,6,3,2,64.98,inactive,5.102922997
CHEMBL108070,Cc1ccc(C(=O)N=C(N)NCCc2cccs2)cc1,<rdkit.Chem.rdchem.Mol object at 0x00000227928EB8B0>,10500,287.388,2.34372,4,2,2,67.48,inactive,4.978810701
CHEMBL322599,N=C(NCCCCc1ccccc1)NC(=O)c1ccc(Cl)cc1,<rdkit.Chem.rdchem.Mol object at 0x00000227928EB920>,3600,329.831,3.61707,6,3,2,64.98,active,5.443697499
CHEMBL105782,COc1cc(N=C(N)NC(=O)c2ccc(C)cc2)cc(OC)c1OC,<rdkit.Chem.rdchem.Mol object at 0x00000227928EB990>,24350,343.383,2.39702,5,2,5,95.17,inactive,4.613501034
CHEMBL107684,N=C(NCCCCc1ccccc1)NC(=O)c1ccc(Cl)c(Cl)c1,<rdkit.Chem.rdchem.Mol object at 0x00000227928EBA00>,15500,364.276,4.27047,6,3,2,64.98,inactive,4.809668302
CHEMBL210829,CN(C)C(=O)C(c1ccc(-c2ccn3ncnc3c2)cc1)C(N)C(=O)N1CCC(F)(F)C1,<rdkit.Chem.rdchem.Mol object at 0x00000227928EBA70>,100000,442.47,1.763,5,1,6,96.83,inactive,4
CHEMBL208957,CN(C)C(=O)C(c1ccc(-c2ccn3nccc3n2)cc1)C(N)C(=O)N1CCC(F)(F)C1,<rdkit.Chem.rdchem.Mol object at 0x00000227928EBAE0>,60000,442.47,1.763,5,1,6,96.83,inactive,4.22184875
CHEMBL375475,O=C1CCN([C@H]2CCCC[C@@H]2OCCc2cccc3ccccc23)C1,<rdkit.Chem.rdchem.Mol object at 0x00000227928EBB50>,13000,337.463,3.9849,5,0,3,29.54,inactive,4.886056648
CHEMBL561259,O=C(NC1CC1c1ccccc1)N1CCC(c2ncon2)CC1,<rdkit.Chem.rdchem.Mol object at 0x00000227928EBBC0>,10000,312.373,2.5147,3,1,4,71.26,inactive,5
CHEMBL564757,O=C(NC1CC1c1ccccc1)N1CCC(c2nc(-c3cccnc3)no2)CC1,<rdkit.Chem.rdchem.Mol object at 0x00000227928EBC30>,10000,389.459,3.5767,4,1,5,84.15,inactive,5
CHEMBL557032,O=C(NC1CC1c1ccccc1)N1CCC(c2nc(-c3cnccn3)no2)CC1,<rdkit.Chem.rdchem.Mol object at 0x00000227928EBCA0>,10000,390.447,2.9717,4,1,6,97.04,inactive,5
CHEMBL552061,O=C(NC1CC1c1ccccc1)N1CCC(c2nc(-c3nccc4ccccc34)no2)CC1,<rdkit.Chem.rdchem.Mol object at 0x00000227928EBD10>,10000,439.519,4.7299,4,1,5,84.15,inactive,5
CHEMBL1077963,O=C(O)CCC1(c2ccccn2)CCCN(C(=O)Nc2ccc(Cl)cc2)C1,<rdkit.Chem.rdchem.Mol object at 0x00000227928EBD80>,10000,387.867,4.1655,5,2,3,82.53,inactive,5
CHEMBL1797404,Cc1cccc(C)c1-c1noc(C)c1N(C)C(=O)NCc1ccc(OC2CCOCC2)nc1,<rdkit.Chem.rdchem.Mol object at 0x00000227928EBDF0>,33113.11,450.539,4.56566,6,1,6,89.72,inactive,4.480000028
CHEMBL2012017,Nc1cncc(Nc2ccc(Oc3ccc(Cl)cc3)cc2)n1,<rdkit.Chem.rdchem.Mol object at 0x00000227928EBE60>,720,312.76,4.2481,4,2,5,73.06,active,6.142667504
CHEMBL2012037,Nc1ccnc(Nc2ccc(Oc3ccc(C(F)(F)F)cc3)cc2)n1,<rdkit.Chem.rdchem.Mol object at 0x00000227928EBED0>,1000,346.312,4.6135,4,2,5,73.06,active,6
CHEMBL2012038,Nc1ccnc(Nc2ccc(Oc3ccc(OC(F)(F)F)cc3)cc2)n1,<rdkit.Chem.rdchem.Mol object at 0x00000227928EBF40>,240,362.311,4.4933,5,2,6,82.29,active,6.619788758
CHEMBL2012044,Nc1cncc(Nc2ccc(Oc3ccc(C(F)(F)F)cc3)cc2)n1,<rdkit.Chem.rdchem.Mol object at 0x00000227928A8040>,460,346.312,4.6135,4,2,5,73.06,active,6.337242168
CHEMBL2012181,Clc1cn(Cc2ccccc2)c2ncnc(OC3CCN(Cc4cscn4)CC3)c12,<rdkit.Chem.rdchem.Mol object at 0x00000227928A80B0>,80,439.972,4.6329,6,0,7,56.07,active,7.096910013
CHEMBL2012246,FC(F)(F)c1nc(OC2CCN(Cc3cscn3)CC2)c2ccn(Cc3ccccc3)c2n1,<rdkit.Chem.rdchem.Mol object at 0x00000227928A8120>,1570,473.524,4.9983,6,0,7,56.07,active,5.804100348
CHEMBL2012265,Cc1ccccc1Cn1ccc2c(OC3CCN(Cc4cscn4)CC3)ncnc21,<rdkit.Chem.rdchem.Mol object at 0x00000227928A8190>,140,419.554,4.28792,6,0,7,56.07,active,6.853871964
CHEMBL2012268,FC(F)(F)c1ccccc1Cn1ccc2c(OC3CCN(Cc4cscn4)CC3)ncnc21,<rdkit.Chem.rdchem.Mol object at 0x00000227928A8200>,120,473.524,4.9983,6,0,7,56.07,active,6.920818754
CHEMBL2012269,FC(F)(F)c1cccc(Cn2ccc3c(OC4CCN(Cc5cscn5)CC4)ncnc32)c1,<rdkit.Chem.rdchem.Mol object at 0x00000227928A8270>,190,473.524,4.9983,6,0,7,56.07,active,6.721246399
CHEMBL2012274,Fc1cccc(F)c1Cn1ccc2c(OC3CCN(Cc4cscn4)CC3)ncnc21,<rdkit.Chem.rdchem.Mol object at 0x00000227928A82E0>,40,441.507,4.2577,6,0,7,56.07,active,7.397940009
CHEMBL2012290,Cc1cccc(CN2CCC(Oc3ncnc4c3ccn4Cc3ccccc3)CC2)n1,<rdkit.Chem.rdchem.Mol object at 0x00000227928A8350>,90,413.525,4.22642,6,0,6,56.07,active,7.045757491
CHEMBL2012295,Fc1ccc(CN2CCC(Oc3ncnc4c3ccn4Cc3ccccc3)CC2)nc1,<rdkit.Chem.rdchem.Mol object at 0x00000227928A83C0>,110,417.488,4.0571,6,0,6,56.07,active,6.958607315
CHEMBL2012301,Fc1c(Cn2ccc3c(OC4CCN(Cc5ccccn5)CC4)ncnc32)cccc1C(F)(F)F,<rdkit.Chem.rdchem.Mol object at 0x00000227928A8430>,190,485.485,5.0759,6,0,6,56.07,active,6.721246399
CHEMBL2069407,O=C(N[C@@H]1COc2cccc(-c3ccncc3)c2C1)c1ccc(OC(F)(F)F)cc1,<rdkit.Chem.rdchem.Mol object at 0x00000227928A84A0>,3981.07,414.383,4.3807,4,1,4,60.45,active,5.400000186
CHEMBL2069408,O=C(N[C@@H]1COc2cccc(-c3cccnc3)c2C1)c1ccc(OCC(F)(F)F)nc1,<rdkit.Chem.rdchem.Mol object at 0x00000227928A8510>,3162.28,429.398,3.8182,5,1,5,73.34,active,5.499999679
CHEMBL2069414,CC(O)c1ccc(-c2cccc3c2C[C@H](NC(=O)c2ccc(OCCOCC(F)(F)F)nc2)CO3)cn1,<rdkit.Chem.rdchem.Mol object at 0x00000227928A8580>,10000,517.504,3.8881,9,2,7,102.8,inactive,5
CHEMBL2147213,O=C(NCCc1ccccc1-c1cccnc1)c1ccc(OCCC(F)(F)F)nc1,<rdkit.Chem.rdchem.Mol object at 0x00000227928A85F0>,6309.57,415.415,4.4473,8,1,4,64.11,inactive,5.200000237
CHEMBL2147217,Cc1ncc(-c2ccccc2CCNC(=O)c2ccc(OCCOCC(F)(F)F)nc2)cn1,<rdkit.Chem.rdchem.Mol object at 0x00000227928A8660>,31622.78,460.456,3.77722,10,1,6,86.23,inactive,4.499999953
CHEMBL2147221,COc1ncc(-c2cccc(C)c2CCNC(=O)c2ccc(OCCC(F)(F)F)nc2)cn1,<rdkit.Chem.rdchem.Mol object at 0x00000227928A86D0>,6309.57,460.456,4.15932,9,1,6,86.23,inactive,5.200000237
CHEMBL2147306,COc1ncc(-c2c(C)ccc(F)c2CCNC(=O)c2ccc(OCC(F)(F)F)nc2)cn1,<rdkit.Chem.rdchem.Mol object at 0x00000227928A8740>,2511.89,464.419,3.90832,8,1,6,86.23,active,5.599999383
CHEMBL2164042,O=C(NCc1cccc(OC(F)(F)F)c1)c1c2ccccc2c(O)n1CCc1ncc(F)cn1,<rdkit.Chem.rdchem.Mol object at 0x00000227928A87B0>,16000,474.414,4.3473,7,2,6,89.27,inactive,4.795880017
CHEMBL2164366,O=C(NCc1ccc(OC(F)(F)F)cc1)c1c2ccccc2c(O)n1CCc1ncc(F)cn1,<rdkit.Chem.rdchem.Mol object at 0x00000227928A8820>,19000,474.414,4.3473,7,2,6,89.27,inactive,4.721246399
CHEMBL2164396,O=C(NCc1ccc(OCCC(F)(F)F)nc1)c1c2ccccc2c(O)n1CCc1ccccn1,<rdkit.Chem.rdchem.Mol object at 0x00000227928A8890>,33000,484.478,4.6408,9,2,6,89.27,inactive,4.48148606
CHEMBL2164387,O=C(NCc1ccc(C(F)(F)F)cc1)c1c2ccccc2c(O)n1CCc1ccccn1,<rdkit.Chem.rdchem.Mol object at 0x00000227928A8900>,1600,439.437,4.9334,6,2,4,67.15,active,5.795880017
CHEMBL2409410,COc1cc2nnc(C(N)=O)c(Nc3ccc(C)cc3F)c2cc1C1CCN(CCO)CC1,<rdkit.Chem.rdchem.Mol object at 0x00000227928A8970>,25000,453.518,3.10012,7,3,7,113.6,inactive,4.602059991
CHEMBL2409398,COc1cc2nnc(C(N)=O)c(Nc3ccc(C)cc3F)c2cc1N1CCCN(C)CC1,<rdkit.Chem.rdchem.Mol object at 0x00000227928A89E0>,11000,438.507,3.07032,5,2,7,96.61,inactive,4.958607315
CHEMBL481008,CCOc1cc2ncc(C(N)=O)c(Nc3cccc(Cl)c3Cl)c2cc1N1CCN(C)CC1,<rdkit.Chem.rdchem.Mol object at 0x00000227928A8A50>,9000,474.392,4.5346,6,2,6,83.72,inactive,5.045757491
CHEMBL3085868,Nc1nc2c(s1)C[C@@H](NC(=O)C1CCCN1)CC2,<rdkit.Chem.rdchem.Mol object at 0x00000227928A8AC0>,30000,266.37,0.4508,2,3,5,80.04,inactive,4.522878745
CHEMBL3085880,Nc1nc2c(s1)C[C@@H](NC(=O)c1cc(Br)c(Br)[nH]1)CC2,<rdkit.Chem.rdchem.Mol object at 0x00000227928A8B30>,30000,420.13,2.8657,2,3,4,83.8,inactive,4.522878745
CHEMBL3085879,Nc1nc2c(s1)C[C@@H](NC(=O)c1cc(Br)c[nH]1)CC2,<rdkit.Chem.rdchem.Mol object at 0x00000227928A8BA0>,21000,341.234,2.1032,2,3,4,83.8,inactive,4.677780705
CHEMBL3085872,Nc1nc2c(s1)CC(CNC(=O)c1ccc[nH]1)CC2,<rdkit.Chem.rdchem.Mol object at 0x00000227928A8C10>,21000,276.365,1.5883,3,3,4,83.8,inactive,4.677780705
CHEMBL3341984,CC(C)Oc1ncc(Oc2cc(F)c(C(=O)NS(=O)(=O)N3CCC3)cc2C2CC2)cc1Cl,<rdkit.Chem.rdchem.Mol object at 0x00000227928A8C80>,1200,483.949,4.0113,8,1,6,97.83,active,5.920818754
CHEMBL3322667,COc1ccc2c(c1)NC1(CCN(C(=O)c3ccc(C#N)cc3)CC1)c1cccn1-2,<rdkit.Chem.rdchem.Mol object at 0x00000227928A8CF0>,13770,398.466,3.91458,2,1,5,70.29,inactive,4.86106606
CHEMBL3322670,N#Cc1ccc(C(=O)N2CCC3(CC2)Nc2cc(Cl)ccc2-n2cccc23)cc1,<rdkit.Chem.rdchem.Mol object at 0x00000227928A8D60>,8289,402.885,4.55938,1,1,4,61.06,inactive,5.08149786
CHEMBL3322762,COc1ccc2c(c1)NC1(CCN(Cc3ccccc3)CC1)c1cccn1-2,<rdkit.Chem.rdchem.Mol object at 0x00000227928A8DD0>,455,359.473,4.4027,3,1,4,29.43,active,6.341988603
CHEMBL3322767,COc1ccc2c(c1)NC1(CCN(C(=O)c3ccccc3OC)CC1)c1cccn1-2,<rdkit.Chem.rdchem.Mol object at 0x00000227928A8E40>,4891,403.482,4.0515,3,1,5,55.73,active,5.310602337
CHEMBL3322759,COc1ccc2c(c1)NC1(CCN(C(=O)c3cccc(Cl)c3)CC1)c1cccn1-2,<rdkit.Chem.rdchem.Mol object at 0x00000227928A8EB0>,4418,407.901,4.6963,2,1,4,46.5,active,5.354774288
CHEMBL3322771,COc1ccc2c(c1)NC1(CCN(C(=O)c3ccc(C)cc3)CC1)c1cccn1-2,<rdkit.Chem.rdchem.Mol object at 0x00000227928A8F20>,6943,387.483,4.35132,2,1,4,46.5,inactive,5.158452835
CHEMBL3322778,COc1ccc2c(c1)NC1(CCN(C(=O)c3ccc(N(C)C)c(OC)c3)CC1)c1cccn1-2,<rdkit.Chem.rdchem.Mol object at 0x00000227928A8F90>,1329,446.551,4.1175,4,1,6,58.97,active,5.876475019
CHEMBL3322779,COc1ccc2c(c1)NC1(CCN(C(=O)c3cc(C)cc(C)c3)CC1)c1cccn1-2,<rdkit.Chem.rdchem.Mol object at 0x00000227928A9000>,8092,401.51,4.65974,2,1,4,46.5,inactive,5.091944126
CHEMBL3314352,CN(C)Cc1ccc2c(c1)CCN(C(=O)c1cc3cc(Br)ncc3n1C)C2,<rdkit.Chem.rdchem.Mol object at 0x00000227928A9070>,33000,427.346,3.5959,3,0,4,41.37,inactive,4.48148606
CHEMBL3314349,CN(C)Cc1ccc2c(c1)CCN(C(=O)c1cc3cc(Cl)ccc3n1C)C2,<rdkit.Chem.rdchem.Mol object at 0x00000227928A90E0>,10300,381.907,4.0918,3,0,3,28.48,inactive,4.987162775
CHEMBL3355573,N[C@@H](Cn1c(=O)cnc2ccc(F)cc21)[C@H]1CC[C@H](NCc2ncc3c(n2)NC(=O)CO3)CC1,<rdkit.Chem.rdchem.Mol object at 0x00000227928A9150>,333000,467.505,1.3324,6,3,9,137.05,inactive,3.477555766
CHEMBL3325551,O=S(=O)(Nc1ncc(F)cn1)c1cc(F)c(OC[C@H]2CNCC[C@@H]2c2ccc(Cl)cc2)cc1F,<rdkit.Chem.rdchem.Mol object at 0x00000227928A91C0>,10000,512.941,4.1202,7,2,6,93.21,inactive,5
CHEMBL3337586,COCCOc1ccc2c(c1)NC1(CCN(C(=O)c3ccc(OC)c(N(C)C)c3)CC1)c1cccn1-2,<rdkit.Chem.rdchem.Mol object at 0x00000227928A9230>,2216,490.604,4.1341,7,1,7,68.2,active,5.654430244
CHEMBL3337592,COc1ccc2c(c1)NC1(CC3CN(C(=O)c4ccc(OC)c(N(C)C)c4)CC3C1)c1cccn1-2,<rdkit.Chem.rdchem.Mol object at 0x00000227928A92A0>,2450,472.589,4.3635,4,1,6,58.97,active,5.610833916
CHEMBL3337593,COc1ccc2c(c1)NC1(CCC(NC(=O)c3ccc(OC)c(N(C)C)c3)CC1)c1cccn1-2,<rdkit.Chem.rdchem.Mol object at 0x00000227928A9310>,30000,460.578,4.5539,5,2,6,67.76,inactive,4.522878745
CHEMBL3634323,O=C1CCc2c(cccc2N2CCN(CC(O)COc3ccccc3C(=O)c3ccccc3)CC2)N1,<rdkit.Chem.rdchem.Mol object at 0x00000227928A9380>,17000,485.584,3.3642,8,2,6,82.11,inactive,4.769551079
CHEMBL3634327,O=C(c1ccccc1)c1ccccc1OCC(O)CN1CCC(n2c(=O)oc3ccccc32)CC1,<rdkit.Chem.rdchem.Mol object at 0x00000227928A93F0>,3400,472.541,3.9023,8,1,7,84.91,active,5.468521083
CHEMBL3683225,CC(C)(C)OC(=O)N1CC=C(c2cc(C(F)(F)F)ccc2-c2cccc3c2CCN(S(=O)(=O)Nc2ccncn2)C3)CC1,<rdkit.Chem.rdchem.Mol object at 0x00000227928A9460>,10000,615.678,5.9016,5,1,6,104.73,inactive,5
CHEMBL3704450,COc1ccc(-c2cn(C)c3cc(S(=O)(=O)Nc4ncns4)ccc23)cc1C#N,<rdkit.Chem.rdchem.Mol object at 0x00000227928A94D0>,10000,425.495,3.37788,5,1,8,109.9,inactive,5
CHEMBL3704424,Cn1cc(-c2ccc(OC(F)(F)F)cc2)c2ccc(S(=O)(=O)Nc3ncns3)cc21,<rdkit.Chem.rdchem.Mol object at 0x00000227928A9540>,10000,454.455,4.3962,5,1,7,86.11,inactive,5
CHEMBL3683197,O=S(=O)(Nc1ncns1)N1CCc2c(cccc2-c2ccc(C(F)(F)F)cc2F)C1,<rdkit.Chem.rdchem.Mol object at 0x00000227928A95B0>,10000,458.462,4.078,4,1,5,75.19,inactive,5
CHEMBL3662238,O=C(NS(=O)(=O)N1CCC1)c1cc(C2CC2)c(OCC2CCCCC2)cc1F,<rdkit.Chem.rdchem.Mol object at 0x00000227928A9620>,40,410.511,3.3425,7,1,4,75.71,active,7.397940009
CHEMBL3683256,O=S(=O)(Nc1ncns1)N1CCc2c(cccc2-c2c(Br)cc(C(F)(F)F)cc2C2=CCNCC2)C1,<rdkit.Chem.rdchem.Mol object at 0x00000227928A9690>,10000,600.486,5.0781,5,2,6,87.22,inactive,5
CHEMBL3704445,Cn1cc(-c2cnn(C3CC3)c2)c2ccc(S(=O)(=O)Nc3ncns3)cc21,<rdkit.Chem.rdchem.Mol object at 0x00000227928A9700>,10000,400.489,3.029,5,1,8,94.7,inactive,5
CHEMBL3657972,O=C(NS(=O)(=O)N1CCC1)c1cc(C2CC2)c(OCC2C3CC4CC(C3)CC2C4)cc1F,<rdkit.Chem.rdchem.Mol object at 0x00000227928A9770>,130,462.587,3.8345,7,1,4,75.71,active,6.886056648
CHEMBL3657840,COCCS(=O)(=O)NC(=O)c1cc(C2CC2)c(OCC23CC4CC(CC(C4)C2)C3)cc1F,<rdkit.Chem.rdchem.Mol object at 0x00000227928A97E0>,101,465.587,4.0043,9,1,5,81.7,active,6.995678626
CHEMBL3704428,COc1ccc(-c2cn(C)c3cc(S(=O)(=O)Nc4ncns4)ccc23)c(OC)c1,<rdkit.Chem.rdchem.Mol object at 0x00000227928A9850>,10000,430.511,3.5148,6,1,8,95.34,inactive,5
CHEMBL2409214,Cn1cc(-c2cccc3ccccc23)c2ccc(S(=O)(=O)Nc3ncns3)cc21,<rdkit.Chem.rdchem.Mol object at 0x00000227928A98C0>,10000,420.519,4.6508,4,1,6,76.88,inactive,5
CHEMBL3704412,Cn1cc(-c2cc(Br)cc(C(F)(F)F)c2)c2ccc(S(=O)(=O)Nc3ncns3)cc21,<rdkit.Chem.rdchem.Mol object at 0x00000227928A9930>,10000,517.352,5.2789,4,1,6,76.88,inactive,5
CHEMBL3657934,O=C(NS(=O)(=O)N1CC(F)C1)c1cc(C2CC2)c(OCC23CC4CC(CC(C4)C2)C3)cc1F,<rdkit.Chem.rdchem.Mol object at 0x00000227928A99A0>,422,480.577,3.9266,7,1,4,75.71,active,6.374687549
CHEMBL3683229,COc1cc(C(F)(F)F)ccc1-c1nccc2c1CCN(S(=O)(=O)Nc1ncns1)C2,<rdkit.Chem.rdchem.Mol object at 0x00000227928A9A10>,10000,471.486,3.3425,5,1,7,97.31,inactive,5
CHEMBL3662093,O=C(NS(=O)(=O)N1CCC1)c1cc(C2CC2)c(OCC23CCCCC2C3)cc1F,<rdkit.Chem.rdchem.Mol object at 0x00000227928A9A80>,160,422.522,3.3425,7,1,4,75.71,active,6.795880017
CHEMBL3657820,CN(C)S(=O)(=O)NC(=O)c1cc(Cl)c(OCC23CC4CC(CC(C4)C2)C3)cc1F,<rdkit.Chem.rdchem.Mol object at 0x00000227928A9AF0>,772,444.956,3.6105,6,1,4,75.71,active,6.1123827
CHEMBL3657852,CS(=O)(=O)NC(=O)c1ccc(OCC23CC4CC(CC(C4)C2)C3)c(Br)c1,<rdkit.Chem.rdchem.Mol object at 0x00000227928A9B60>,1950,442.375,3.7337,5,1,4,72.47,active,5.709965389
CHEMBL3657967,COCCS(=O)(=O)NC(=O)c1cc(C2CC2)c(OCC2CCCCC2)cc1F,<rdkit.Chem.rdchem.Mol object at 0x00000227928A9BD0>,140,413.511,3.3682,9,1,5,81.7,active,6.853871964
CHEMBL3683207,Nc1cc(-c2cc(C(F)(F)F)ccc2-c2cccc3c2CCN(S(=O)(=O)Nc2ncns2)C3)ccn1,<rdkit.Chem.rdchem.Mol object at 0x00000227928A9C40>,10000,532.573,4.5831,5,2,7,114.1,inactive,5
CHEMBL3704437,Cc1cc(C#N)ccc1-c1cn(C)c2cc(S(=O)(=O)Nc3ncns3)ccc12,<rdkit.Chem.rdchem.Mol object at 0x00000227928A9CB0>,10000,409.496,3.6777,4,1,7,100.67,inactive,5
CHEMBL3683232,Cn1nccc1-c1cc(C(F)(F)F)ccc1-c1cccc2c1CCN(S(=O)(=O)Nc1ncccn1)C2,<rdkit.Chem.rdchem.Mol object at 0x00000227928A9D20>,7260,514.533,4.2779,5,1,6,93.01,inactive,5.139063379
CHEMBL3763594,O=C(Cn1cccnc1=O)Nc1ccc(C[C@@H]2CC[C@H]([C@H](O)c3ccccc3)N2)cc1,<rdkit.Chem.rdchem.Mol object at 0x00000227928A9D90>,30000,418.497,2.2787,7,3,6,96.25,inactive,4.522878745
CHEMBL3763998,CC(C(=O)Nc1ccc(C[C@@H]2CC[C@H]([C@H](O)c3cccnc3)N2)cc1)n1ncccc1=O,<rdkit.Chem.rdchem.Mol object at 0x00000227928A9E00>,30000,433.512,2.2347,7,3,7,109.14,inactive,4.522878745
CHEMBL3799617,O=c1[nH]ccn1CCOc1nn(-c2ccccc2F)c2ccc(F)cc12,<rdkit.Chem.rdchem.Mol object at 0x00000227928A9E70>,5100,356.332,2.8725,5,1,5,64.84,inactive,5.292429824
CHEMBL3797267,O=C(CN1CCN(c2cccc3c2cnn3-c2ccccc2F)C1=O)N1CCCC1,<rdkit.Chem.rdchem.Mol object at 0x00000227928A9EE0>,33000,407.449,3.029,4,0,4,61.68,inactive,4.48148606
CHEMBL3799790,O=C(CN1CCN(c2cccc3c2cnn3-c2ccccc2F)C1=O)N1CCC[C@H](F)C1,<rdkit.Chem.rdchem.Mol object at 0x00000227928A9F50>,23000,439.466,3.3671,4,0,4,61.68,inactive,4.638272164
CHEMBL3798774,Cc1cncc(CN2CCN(c3cccc4c3cnn4-c3ccccc3F)C2=O)n1,<rdkit.Chem.rdchem.Mol object at 0x00000227928A9FC0>,33000,402.433,3.70522,4,0,5,67.15,inactive,4.48148606
CHEMBL3798039,O=C1CN(c2cccc3c2cnn3-c2ccccc2F)CCN1CC(=O)N1CC[C@H](F)C1,<rdkit.Chem.rdchem.Mol object at 0x00000227928AA030>,4400,439.466,2.3836,4,0,5,61.68,active,5.356547324
CHEMBL3683287,N#Cc1ccc(Oc2ccc(S(=O)(=O)Nc3ccc(F)cn3)cc2C#N)cc1Cl,<rdkit.Chem.rdchem.Mol object at 0x00000227928AA0A0>,30000,428.832,4.21056,5,1,6,115.87,inactive,4.522878745
CHEMBL3932750,COc1cc(C(F)(F)F)ccc1-c1cccc2cc(S(=O)(=O)Nc3nccs3)ccc12,<rdkit.Chem.rdchem.Mol object at 0x00000227928AA110>,21000,464.49,5.7915,5,1,5,68.29,inactive,4.677780705
CHEMBL3931230,COc1ccc(CCO[C@@H]2CCCC[C@H]2N2CC[C@H](O)C2)cc1OC,<rdkit.Chem.rdchem.Mol object at 0x00000227928AA180>,25400,349.471,2.6407,7,1,5,51.16,inactive,4.595166283
CHEMBL3916855,COc1ccc(CCO[C@H]2CCCC[C@@H]2N2CC[C@@H](O)C2)cc1OC,<rdkit.Chem.rdchem.Mol object at 0x00000227928AA1F0>,36400,349.471,2.6407,7,1,5,51.16,inactive,4.438898616
CHEMBL2107383,COc1ccc(CCO[C@@H]2CCCC[C@H]2N2CC[C@@H](O)C2)cc1OC,<rdkit.Chem.rdchem.Mol object at 0x00000227928AA260>,18600,349.471,2.6407,7,1,5,51.16,inactive,4.730487056
CHEMBL3677851,O=S(=O)(Nc1ncns1)c1ccc2c(-c3ccc(F)cc3Br)cccc2c1,<rdkit.Chem.rdchem.Mol object at 0x00000227928AA2D0>,24200,464.341,5.0607,4,1,5,71.95,inactive,4.616184634
CHEMBL3677856,O=S(=O)(Nc1ncns1)c1ccc2c(-c3ccccc3Cl)cccc2c1,<rdkit.Chem.rdchem.Mol object at 0x00000227928AA340>,21300,401.9,4.8125,4,1,5,71.95,inactive,4.671620397
CHEMBL3682660,Cn1nccc1-c1cc(C(F)(F)F)ccc1-c1nccc2cc(S(=O)(=O)Nc3ncns3)ccc12,<rdkit.Chem.rdchem.Mol object at 0x00000227928AA3B0>,30000,516.53,4.9734,5,1,8,102.66,inactive,4.522878745
CHEMBL3682661,O=S(=O)(Nc1ncns1)c1ccc2c(-c3ccc(C(F)(F)F)cc3-c3cn[nH]c3)nccc2c1,<rdkit.Chem.rdchem.Mol object at 0x00000227928AA420>,30000,502.503,4.963,5,2,7,113.52,inactive,4.522878745
CHEMBL3682633,[C-]#[N+]c1cc(C(F)(F)F)ccc1-c1cccc2cc(S(=O)(=O)Nc3ncns3)ccc12,<rdkit.Chem.rdchem.Mol object at 0x00000227928AA490>,30000,460.462,5.72869,4,1,5,76.31,inactive,4.522878745
CHEMBL3682637,O=S(=O)(Nc1ncns1)c1ccc2c(-c3ccc(Cl)cc3C3=CCNCC3)cccc2c1,<rdkit.Chem.rdchem.Mol object at 0x00000227928AA500>,30000,483.018,5.1892,5,2,6,83.98,inactive,4.522878745
CHEMBL3682639,O=S(=O)(Nc1ncns1)c1ccc2c(-c3ccc(Cl)cc3-c3ccncc3)cccc2c1,<rdkit.Chem.rdchem.Mol object at 0x00000227928AA570>,30000,478.986,5.8745,5,1,6,84.84,inactive,4.522878745
CHEMBL3687605,COc1cc(-c2cccc(F)c2)c(Cl)cc1-c1nccc2cc(S(=O)(=O)Nc3nncs3)ccc12,<rdkit.Chem.rdchem.Mol object at 0x00000227928AA5E0>,20700,527.002,6.0222,6,1,7,94.07,inactive,4.684029655
CHEMBL3687611,COc1cc(-c2cc(F)cc(F)c2)c(C#N)cc1-c1nccc2cc(S(=O)(=O)Nc3nncs3)ccc12,<rdkit.Chem.rdchem.Mol object at 0x00000227928AA650>,30000,535.557,5.37958,6,1,8,117.86,inactive,4.522878745
CHEMBL3687619,COc1ccc(Cl)cc1-c1nccc2cc(S(=O)(=O)Nc3ncns3)ccc12,<rdkit.Chem.rdchem.Mol object at 0x00000227928AA6C0>,30000,432.914,4.2161,5,1,7,94.07,inactive,4.522878745
CHEMBL3687631,COc1cc(CC(C)(C)C)ccc1-c1nccc2cc(S(=O)(=O)Nc3ccncn3)ccc12,<rdkit.Chem.rdchem.Mol object at 0x00000227928AA730>,30000,462.575,5.0898,6,1,6,94.07,inactive,4.522878745
CHEMBL3687650,COc1cc(C(F)(F)F)ccc1-c1ncc(F)c2cc(S(=O)(=O)Nc3ncns3)ccc12,<rdkit.Chem.rdchem.Mol object at 0x00000227928AA7A0>,30000,484.456,4.7206,5,1,7,94.07,inactive,4.522878745
CHEMBL3687697,COc1cc(C(F)F)c(C2CC2)cc1-c1nccc2cc(S(=O)(=O)Nc3ccncn3)ccc12,<rdkit.Chem.rdchem.Mol object at 0x00000227928AA810>,30000,482.512,5.3162,7,1,6,94.07,inactive,4.522878745
CHEMBL3687706,COc1cc(-c2ccc(C)c(C)c2)ccc1-c1nccc2cc(S(=O)(=O)Nc3ccncn3)ccc12,<rdkit.Chem.rdchem.Mol object at 0x00000227928AA880>,30000,496.592,5.78504,6,1,6,94.07,inactive,4.522878745
CHEMBL3687721,COc1cc(F)cc(-c2ccc(-c3nccc4cc(S(=O)(=O)Nc5ccncn5)ccc34)c(OC)c2)c1,<rdkit.Chem.rdchem.Mol object at 0x00000227928AA8F0>,30000,516.554,5.3159,7,1,7,103.3,inactive,4.522878745
CHEMBL3687732,COc1ccc(Cl)cc1-c1n[nH]c(=O)c2cc(S(=O)(=O)Nc3ncns3)ccc12,<rdkit.Chem.rdchem.Mol object at 0x00000227928AA960>,30000,449.901,2.9044,5,2,8,126.93,inactive,4.522878745
CHEMBL3687734,COc1ccc(Cl)cc1-c1n[nH]c(=O)c2cc(S(=O)(=O)Nc3ncc(F)s3)ccc12,<rdkit.Chem.rdchem.Mol object at 0x00000227928AA9D0>,30000,466.903,3.6485,5,2,7,114.04,inactive,4.522878745
CHEMBL3687742,COc1cc(C(F)F)ccc1-c1nc(C)nc2cc(S(=O)(=O)Nc3nccs3)ccc12,<rdkit.Chem.rdchem.Mol object at 0x00000227928AAA40>,30000,462.503,4.80872,6,1,7,94.07,inactive,4.522878745
CHEMBL3933527,COc1cc(-c2ccc(Cl)c(C)c2)c(F)cc1-n1c(=O)ccc2cc(S(=O)(=O)Nc3ccon3)ccc21,<rdkit.Chem.rdchem.Mol object at 0x00000227928AAAB0>,30000,539.972,5.55602,6,1,7,103.43,inactive,4.522878745
CHEMBL3948535,COc1cc(-c2cccc(Cl)c2)c(F)cc1-n1c(=O)ccc2cc(S(=O)(=O)Nc3ccon3)ccc21,<rdkit.Chem.rdchem.Mol object at 0x00000227928AAB20>,30000,525.945,5.2476,6,1,7,103.43,inactive,4.522878745
CHEMBL3979043,COc1cc(-c2ccc(F)c(C)c2)c(F)cc1-n1c(=O)ccc2cc(S(=O)(=O)Nc3ccon3)c(F)cc21,<rdkit.Chem.rdchem.Mol object at 0x00000227928AAB90>,496,541.507,5.18082,6,1,7,103.43,active,6.304518324
CHEMBL3889869,COc1cc(-c2ccc(Cl)c(C)c2)c(F)cc1-n1c(=O)ccc2cc(S(=O)(=O)Nc3ncns3)ccc21,<rdkit.Chem.rdchem.Mol object at 0x00000227928AAC00>,10000,557.028,5.41952,6,1,8,103.18,inactive,5
CHEMBL3948091,NCc1nsc(NS(=O)(=O)c2ccc3c(c2)OCCN3c2ccc(C(F)(F)F)cc2Cl)n1,<rdkit.Chem.rdchem.Mol object at 0x00000227928AAC70>,10000,505.931,4.0003,5,2,8,110.44,inactive,5
CHEMBL3977404,O=S(=O)(Nc1ncns1)c1ccc2c(c1)OCCN2c1cccc(OC(F)(F)F)c1,<rdkit.Chem.rdchem.Mol object at 0x00000227928AACE0>,10000,458.443,3.768,5,1,8,93.65,inactive,5
CHEMBL3911712,O=S(=O)(Nc1ccncn1)c1ccc2c(c1)OCCN2c1ccc(C(F)(F)F)cc1Br,<rdkit.Chem.rdchem.Mol object at 0x00000227928AAD50>,7930,515.311,4.5892,4,1,6,84.42,inactive,5.100726813
CHEMBL3929862,CN1CC=C(c2cc(C(F)(F)F)ccc2N2CCOc3cc(S(=O)(=O)Nc4ccncn4)ccc32)CC1,<rdkit.Chem.rdchem.Mol object at 0x00000227928AADC0>,10000,531.56,4.5456,5,1,7,87.66,inactive,5
CHEMBL3909713,N#Cc1cc(Cl)ccc1N1CCOc2cc(S(=O)(=O)Nc3nccs3)ccc21,<rdkit.Chem.rdchem.Mol object at 0x00000227928AAE30>,4790,432.914,3.99948,4,1,7,95.32,active,5.319664487
CHEMBL3950672,O=S(=O)(Nc1ccccn1)c1ccc2c(c1)OCCN2c1ccc(C(F)(F)F)cc1Br,<rdkit.Chem.rdchem.Mol object at 0x00000227928AAEA0>,10000,514.323,5.1942,4,1,5,71.53,inactive,5
CHEMBL3926715,O=S(=O)(Nc1nccs1)c1ccc2c(c1)OCCN2c1ccc2ncccc2c1,<rdkit.Chem.rdchem.Mol object at 0x00000227928AAF10>,10000,424.507,4.0226,4,1,7,84.42,inactive,5
CHEMBL3930549,O=S(=O)(Nc1nccs1)c1ccc2c(c1)OCCN2c1ccc2ncsc2c1,<rdkit.Chem.rdchem.Mol object at 0x00000227928AAF80>,10000,430.536,4.0841,4,1,8,84.42,inactive,5
CHEMBL3958044,O=S(=O)(Nc1nccs1)c1ccc2c(c1)OCCN2c1cccc2scnc12,<rdkit.Chem.rdchem.Mol object at 0x00000227928AAFF0>,10000,430.536,4.0841,4,1,8,84.42,inactive,5
CHEMBL3939449,N#Cc1ccc(N2CCOc3cc(S(=O)(=O)Nc4nccs4)ccc32)cc1,<rdkit.Chem.rdchem.Mol object at 0x00000227928AB060>,6030,398.469,3.34608,4,1,7,95.32,inactive,5.219682688
CHEMBL3910936,CC[C@H]1CN(c2ccc(C(F)(F)F)cc2C#N)c2ccc(S(=O)(=O)Nc3nccs3)cc2O1,<rdkit.Chem.rdchem.Mol object at 0x00000227928AB0D0>,8500,494.52,5.14348,5,1,7,95.32,inactive,5.070581074
CHEMBL3939634,Cc1cc(N2CCOc3cc(S(=O)(=O)Nc4nccs4)ccc32)ccc1C#N,<rdkit.Chem.rdchem.Mol object at 0x00000227928AB140>,7360,412.496,3.6545,4,1,7,95.32,inactive,5.133122186
CHEMBL3958250,N#Cc1cncc(N2CCOc3cc(S(=O)(=O)Nc4nccs4)ccc32)c1,<rdkit.Chem.rdchem.Mol object at 0x00000227928AB1B0>,10000,399.457,2.74108,4,1,8,108.21,inactive,5
CHEMBL3944281,O=S(=O)(Nc1nccs1)c1ccc2c(c1)OCCN2c1ncc(Cl)cc1Cl,<rdkit.Chem.rdchem.Mol object at 0x00000227928AB220>,10000,443.337,4.1762,4,1,7,84.42,inactive,5
CHEMBL3910221,Cn1nccc1-c1ccccc1N1CCOc2cc(S(=O)(=O)Nc3nccs3)ccc21,<rdkit.Chem.rdchem.Mol object at 0x00000227928AB290>,10000,453.549,3.8749,5,1,8,89.35,inactive,5
CHEMBL3952857,N#Cc1cc(C(F)(F)F)ccc1N1CCOc2cc(S(=O)(=O)Nc3cscn3)ccc21,<rdkit.Chem.rdchem.Mol object at 0x00000227928AB300>,9420,466.466,4.36488,4,1,7,95.32,inactive,5.025949097
CHEMBL3909976,CCOc1cccc(N2CCOc3cc(S(=O)(=O)Nc4nccs4)ccc32)c1,<rdkit.Chem.rdchem.Mol object at 0x00000227928AB370>,10000,417.512,3.8731,6,1,7,80.76,inactive,5
CHEMBL3980561,N#Cc1ccc(F)c(N2CCOc3cc(S(=O)(=O)Nc4nccs4)ccc32)c1,<rdkit.Chem.rdchem.Mol object at 0x00000227928AB3E0>,10000,416.459,3.48518,4,1,7,95.32,inactive,5
CHEMBL3913628,Cc1ccc(C(C)C)c(N2CCOc3cc(S(=O)(=O)Nc4nccs4)ccc32)c1,<rdkit.Chem.rdchem.Mol object at 0x00000227928AB450>,10000,429.567,4.90622,5,1,6,71.53,inactive,5
CHEMBL3955931,N#Cc1cc(F)ccc1N1CCOc2cc(S(=O)(=O)Nc3nccs3)ccc21,<rdkit.Chem.rdchem.Mol object at 0x00000227928AB4C0>,10000,416.459,3.48518,4,1,7,95.32,inactive,5
CHEMBL3914297,N#Cc1ccc(C(F)(F)F)cc1N1CCOc2cc(S(=O)(=O)Nc3nccs3)ccc21,<rdkit.Chem.rdchem.Mol object at 0x00000227928AB530>,3170,466.466,4.36488,4,1,7,95.32,active,5.498940738
CHEMBL3889675,N#Cc1cc(-c2ccc(F)cc2)ccc1N1CCOc2cc(S(=O)(=O)Nc3nccs3)ccc21,<rdkit.Chem.rdchem.Mol object at 0x00000227928AB5A0>,1220,492.557,5.15218,5,1,7,95.32,active,5.913640169
CHEMBL3904074,CCc1ccc(N2CCOc3cc(S(=O)(=O)Nc4nccs4)ccc32)c(C#N)c1,<rdkit.Chem.rdchem.Mol object at 0x00000227928AB610>,1090,426.523,3.90848,5,1,7,95.32,active,5.962573502
CHEMBL3949355,O=S(=O)(Nc1nccs1)c1ccc2c(c1)OCCN2c1ccc(Cl)cc1CC(O)CO,<rdkit.Chem.rdchem.Mol object at 0x00000227928AB680>,6110,481.983,3.0235,7,3,8,111.99,inactive,5.21395879
CHEMBL3957302,O=S(=O)(Nc1nccs1)c1ccc2c(c1)OCCN2Cc1ccccc1,<rdkit.Chem.rdchem.Mol object at 0x00000227928AB6F0>,10000,387.486,3.3429,5,1,6,71.53,inactive,5
CHEMBL3915248,CCN(CC)C(=O)CN1CCOc2cc(S(=O)(=O)Nc3nccs3)ccc21,<rdkit.Chem.rdchem.Mol object at 0x00000227928AB760>,10000,410.521,2.0111,7,1,7,91.84,inactive,5
CHEMBL4079697,C[C@]1(C(=O)O)CC[C@@](C)(c2nc(-c3ccc(C(=O)Nc4cc(C(F)(F)F)ccn4)cc3)c3c(N)nccn32)CC1,<rdkit.Chem.rdchem.Mol object at 0x00000227928AB7D0>,30000,552.557,5.5672,5,3,7,135.5,inactive,4.522878745
CHEMBL4073137,O=C(c1ccc(C[C@@H]2CC[C@H]([C@H](O)c3ccccc3)N2)cc1)N1CCN(Cc2ccccn2)CC1,<rdkit.Chem.rdchem.Mol object at 0x00000227928AB840>,30000,470.617,3.4363,7,2,5,68.7,inactive,4.522878745
CHEMBL4095361,Cc1nnc(-c2cccc(CN3CCN(C(=O)c4ccc(C[C@@H]5CC[C@H]([C@H](O)c6ccccc6)N5)cc4)CC3)n2)o1,<rdkit.Chem.rdchem.Mol object at 0x00000227928AB8B0>,30000,552.679,3.79472,8,2,8,107.62,inactive,4.522878745
CHEMBL4072007,CN[C@H]1CC[C@](CCOc2cc(F)c(S(=O)(=O)Nc3ncns3)cc2F)(c2ccccc2)CC1,<rdkit.Chem.rdchem.Mol object at 0x00000227928AB920>,30000,508.616,4.486,9,2,7,93.21,inactive,4.522878745
CHEMBL4060154,N[C@H]1CC[C@@H](CCNc2cc(F)c(S(=O)(=O)Nc3nccs3)cc2Cl)CC1,<rdkit.Chem.rdchem.Mol object at 0x00000227928AB990>,4900,432.974,4.0559,7,3,6,97.11,active,5.30980392
CHEMBL4096299,O=S(=O)(Nc1nccs1)c1cc(Cl)c(NCCC2CCNCC2)cc1F,<rdkit.Chem.rdchem.Mol object at 0x00000227928ABA00>,30000,418.947,3.538,7,3,6,83.12,inactive,4.522878745
CHEMBL4071098,O=S(=O)(Nc1nccs1)c1cc(Cl)c(NCCC2CCNC2)cc1F,<rdkit.Chem.rdchem.Mol object at 0x00000227928ABA70>,30000,404.92,3.1479,7,3,6,83.12,inactive,4.522878745
CHEMBL4098339,CC(=O)N1CCCC(CNc2cc(F)c(S(=O)(=O)Nc3nccs3)cc2Cl)C1,<rdkit.Chem.rdchem.Mol object at 0x00000227928ABAE0>,30000,446.957,3.4068,6,2,6,91.4,inactive,4.522878745
CHEMBL4090259,COc1cc(-c2cccc(F)c2)c(Cl)cc1-c1c(N)nnc2cc(S(=O)(=O)Nc3ccon3)ccc12,<rdkit.Chem.rdchem.Mol object at 0x00000227928ABB50>,140,525.949,5.1359,6,2,8,133.23,active,6.853871964
CHEMBL4086486,O=S(=O)(Nc1ncns1)c1cc(F)c(NCC23CCCN2CCC3)cc1F,<rdkit.Chem.rdchem.Mol object at 0x00000227928ABBC0>,30000,415.491,2.6574,6,2,7,87.22,inactive,4.522878745
CHEMBL4071639,O=c1sc2cc(S(=O)(=O)Nc3ncns3)ccc2n1Cc1ccccc1,<rdkit.Chem.rdchem.Mol object at 0x00000227928ABC30>,30000,404.498,2.7636,5,1,8,93.95,inactive,4.522878745
CHEMBL4064608,c1nc(N[C@H]2CC[C@H](N3CCOCC3)CC2)c2c(C3CCOCC3)c[nH]c2n1,<rdkit.Chem.rdchem.Mol object at 0x00000227928ABCA0>,30000,385.512,2.9072,4,2,6,75.3,inactive,4.522878745
CHEMBL4093377,FC(F)(F)c1ccc2c(Nc3ccc(Cl)nc3)[nH]nc2c1,<rdkit.Chem.rdchem.Mol object at 0x00000227928ABD10>,8520,312.682,4.3737,2,2,3,53.6,inactive,5.069560405
CHEMBL2323074,N#Cc1cc(S(=O)(=O)Nc2ncns2)ccc1Oc1ccc(C(F)(F)F)cc1-c1ccncn1,<rdkit.Chem.rdchem.Mol object at 0x00000227928ABD80>,25578,504.475,4.47868,6,1,9,130.75,inactive,4.592133417
CHEMBL4080500,C[C@]12OCC[C@@]1(CNc1cc(F)c(S(=O)(=O)Nc3nccs3)cc1Cl)CCO2,<rdkit.Chem.rdchem.Mol object at 0x00000227928ABDF0>,3400,447.941,3.6915,6,2,7,89.55,active,5.468521083
CHEMBL4076380,O=C(Nc1cccc(C(F)(F)F)c1-c1cccnc1)c1cccc(-c2ncccc2C(F)(F)F)c1,<rdkit.Chem.rdchem.Mol object at 0x00000227928ABE60>,820,487.403,7.1005,4,1,3,54.88,active,6.086186148
CHEMBL4082401,O=C(Nc1cccc(C(F)(F)F)c1-c1cccnc1)c1cccc(-c2ncccc2C(F)F)c1,<rdkit.Chem.rdchem.Mol object at 0x00000227928ABED0>,2700,469.413,7.0193,5,1,3,54.88,active,5.568636236
CHEMBL4098932,COc1ncccc1-c1c(NC(=O)c2cccc(-c3ccccn3)c2)cccc1C(F)(F)F,<rdkit.Chem.rdchem.Mol object at 0x00000227928ABF40>,2400,449.432,6.0903,5,1,4,64.11,active,5.619788758
CHEMBL4126519,Cc1ccc(Cl)c(Oc2ncc(-c3cc(F)c(-c4n[nH]c(S(=O)(=O)CC5CC5)n4)cc3F)cc2Cl)c1,<rdkit.Chem.rdchem.Mol object at 0x0000022792898040>,1300,551.402,6.40312,7,1,6,97.83,active,5.886056648
CHEMBL4128782,CO/N=C1\CC[C@@]2(C)[C@@H](C1)C[C@@H](N1CCC[C@@H](N)C1)[C@@H]2Oc1ccc(C#N)cc1,<rdkit.Chem.rdchem.Mol object at 0x00000227928980B0>,30000,396.535,3.30988,4,1,6,83.87,inactive,4.522878745
CHEMBL4127600,C[C@]12CCC(=O)C[C@H]1C[C@@H](N1CCC[C@@H](N)C1)[C@@H]2Oc1ccc(C#N)cc1,<rdkit.Chem.rdchem.Mol object at 0x0000022792898120>,300000,367.493,2.87658,3,1,5,79.35,inactive,3.522878745
CHEMBL4126041,N#Cc1ccc(O[C@@H]2[C@@H]3CCC(=O)C3C[C@H]2N2CCC[C@@H](N)C2)cc1,<rdkit.Chem.rdchem.Mol object at 0x0000022792898190>,100000,339.439,2.09638,3,1,5,79.35,inactive,4
CHEMBL4173715,O=C(O)C[C@]1(CC(F)(F)F)CCc2cc(-c3cnc(NC(=O)Nc4ccc(F)c(F)c4)cn3)ccc2C1=O,<rdkit.Chem.rdchem.Mol object at 0x0000022792898200>,10000,534.441,5.6082,6,3,5,121.28,inactive,5
CHEMBL4214646,Cn1nc(C(F)(F)F)cc1C1NCCOC1Oc1cc(F)c(S(=O)(=O)Nc2ncns2)cc1F,<rdkit.Chem.rdchem.Mol object at 0x0000022792898270>,30000,526.469,2.4354,6,2,10,120.26,inactive,4.522878745
CHEMBL4280970,O=C(NCc1ccccc1)C(c1ccccc1)N1CCN(C(=O)c2cc(F)cc(F)c2)CC1,<rdkit.Chem.rdchem.Mol object at 0x00000227928982E0>,1300,449.501,3.7803,6,1,3,52.65,active,5.886056648
CHEMBL4286818,O=C(Nc1ccc(C(F)(F)F)cc1)C(c1ccccc1)N1CCN(C(=O)c2cc(F)cc(F)c2)CC1,<rdkit.Chem.rdchem.Mol object at 0x0000022792898350>,9500,503.471,5.1214,5,1,3,52.65,inactive,5.022276395
CHEMBL3947779,CNC(=O)c1c(-c2ccc(F)cc2)oc2cc(N(C)S(C)(=O)=O)c(-c3ccc4c(n3)-c3cc5c(F)cccc5n3CC4)cc12,<rdkit.Chem.rdchem.Mol object at 0x00000227928983C0>,30000,612.658,6.3732,5,1,6,97.44,inactive,4.522878745
CHEMBL4447021,Cn1cc(C2C3CC4CC(C3)CC2C4)c2ccc(C(=O)NS(=O)(=O)C3CC3)cc21,<rdkit.Chem.rdchem.Mol object at 0x0000022792898430>,8400,412.555,3.94,4,1,4,68.17,inactive,5.075720714
CHEMBL4517683,Cn1cc(C2CCCN(C(=O)OC(C)(C)C)C2)c2ccc(C(=O)NS(=O)(=O)C3CC3)cc21,<rdkit.Chem.rdchem.Mol object at 0x00000227928984A0>,30000,461.584,3.5148,4,1,6,97.71,inactive,4.522878745
CHEMBL4450331,Cn1cc(C2=CCOCC2)c2ccc(C(=O)NS(=O)(=O)C3CC3)cc21,<rdkit.Chem.rdchem.Mol object at 0x0000022792898510>,30000,360.435,2.204,4,1,5,77.4,inactive,4.522878745
CHEMBL4563193,CCC(c1cn(C)c2cc(C(=O)NS(=O)(=O)C3CC3)ccc12)C(C)(C)C,<rdkit.Chem.rdchem.Mol object at 0x0000022792898580>,30000,376.522,3.94,5,1,4,68.17,inactive,4.522878745
CHEMBL4515462,Cn1cc(C(C)(C)C)c2ccc(C(=O)NS(=O)(=O)C3CC3)cc21,<rdkit.Chem.rdchem.Mol object at 0x00000227928985F0>,30000,334.441,2.6978,3,1,4,68.17,inactive,4.522878745
CHEMBL4528547,NC[C@H](Oc1noc2ccc(-c3ccccc3Cl)nc12)c1ccccc1,<rdkit.Chem.rdchem.Mol object at 0x0000022792898660>,16000,365.82,4.622,5,1,5,74.17,inactive,4.795880017
CHEMBL3647536,CCn1cnc2c(-c3ccc(F)c(-c4ccc(S(=O)(=O)CC)cc4OC)c3)cnnc21,<rdkit.Chem.rdchem.Mol object at 0x00000227928986D0>,100000,440.5,4.1215,6,0,7,86.97,inactive,4
CHEMBL4437466,Cc1ccc(-c2cn(C)c3cc(C(=O)NS(C)(=O)=O)ccc23)cc1,<rdkit.Chem.rdchem.Mol object at 0x0000022792898740>,30000,342.42,2.84312,3,1,4,68.17,inactive,4.522878745
CHEMBL4462435,CC(C)COc1ccc(-c2cn(C)c3cc(C(=O)NS(C)(=O)=O)ccc23)cc1,<rdkit.Chem.rdchem.Mol object at 0x00000227928987B0>,18000,400.5,3.5695,6,1,5,77.4,inactive,4.744727495
CHEMBL4475206,Cn1cc(-c2ccc(C(F)F)cc2)c2cc(F)c(C(=O)NS(C)(=O)=O)cc21,<rdkit.Chem.rdchem.Mol object at 0x0000022792898820>,30000,396.39,3.6114,4,1,4,68.17,inactive,4.522878745
CHEMBL4533111,COc1cc(-c2cn(C)c3cc(C(=O)NS(C)(=O)=O)ccc23)cnc1OCC(C)C,<rdkit.Chem.rdchem.Mol object at 0x0000022792898890>,30000,431.514,2.9731,7,1,7,99.52,inactive,4.522878745
CHEMBL4450471,CS(=O)(=O)NC(=O)c1ccc2c(-c3ccc(C(F)(F)F)c(Cl)c3)nccc2c1,<rdkit.Chem.rdchem.Mol object at 0x0000022792898900>,30000,428.819,4.2634,3,1,4,76.13,inactive,4.522878745
CHEMBL4547268,COc1cc(C(=O)NS(C)(=O)=O)ccc1-c1cnc(Oc2cc(F)ccc2F)c(Cl)c1,<rdkit.Chem.rdchem.Mol object at 0x0000022792898970>,23700,468.865,4.1705,6,1,6,94.59,inactive,4.625251654
CHEMBL4571566,COc1cc(C(=O)NS(C)(=O)=O)ccc1-c1cnc(Oc2cc(Cl)cnc2OC)c(Cl)c1,<rdkit.Chem.rdchem.Mol object at 0x00000227928989E0>,11600,498.344,3.9493,7,1,8,116.71,inactive,4.935542011
CHEMBL4458713,COc1cc(C(=O)NS(C)(=O)=O)ccc1-c1cnc(OCc2ccc(Cl)cc2)c(Cl)c1,<rdkit.Chem.rdchem.Mol object at 0x0000022792898A50>,21000,481.357,4.3324,7,1,6,94.59,inactive,4.677780705
CHEMBL4530399,COc1cc(C(=O)NS(C)(=O)=O)ccc1-c1cnc(Sc2cccc(C)c2)c(Cl)c1,<rdkit.Chem.rdchem.Mol object at 0x0000022792898AC0>,8900,462.98,4.55962,6,1,6,85.36,inactive,5.050609993
CHEMBL4649638,O=S(=O)(Nc1nccs1)c1ccc2c(c1)OCC[C@@H]2c1ccc(C(F)(F)F)cc1N1CCNCC1,<rdkit.Chem.rdchem.Mol object at 0x0000022792898B30>,4089,524.59,4.2867,5,2,7,83.56,active,5.388382889
CHEMBL4862578,O=S(=O)(Nc1cccnn1)c1cc(F)c(O[C@H]2CCN(CC(F)(F)F)C[C@@H]2c2ccccc2)cc1F,<rdkit.Chem.rdchem.Mol object at 0x0000022792898BA0>,25490,528.503,4.3548,7,1,6,84.42,inactive,4.593630165
CHEMBL4865860,O=S(=O)(Nc1cccc(F)n1)c1cc(F)c(O[C@H]2CCN(CC(F)(F)F)C[C@@H]2c2ccc(F)cc2)cc1F,<rdkit.Chem.rdchem.Mol object at 0x0000022792898C10>,610,563.495,5.238,7,1,5,71.53,active,6.214670165
CHEMBL4860097,O=S(=O)(Nc1cccc(F)n1)c1cc(F)c(O[C@H]2CCN(CC(F)(F)F)C[C@@H]2c2ccc(F)cc2F)cc1F,<rdkit.Chem.rdchem.Mol object at 0x0000022792898C80>,470,581.485,5.3771,7,1,5,71.53,active,6.327902142
CHEMBL5083410,CS(=O)(=O)NC(=O)c1cc(C2CC2)c(OCC2CN(Cc3ccccc3)C2)cc1F,<rdkit.Chem.rdchem.Mol object at 0x0000022792898CF0>,30000,432.517,2.9033,8,1,5,75.71,inactive,4.522878745
CHEMBL5071877,CS(=O)(=O)NC(=O)c1cc(C2CC2)c(OCC2CCN(Cc3ccc(OC(F)(F)F)cc3)CC2)cc1F,<rdkit.Chem.rdchem.Mol object at 0x0000022792898D60>,17000,544.567,4.5821,9,1,6,84.94,inactive,4.769551079
CHEMBL5186480,CN1CCN(C(=O)COc2ccc3cc(Oc4ccccn4)ccc3n2)CC1,<rdkit.Chem.rdchem.Mol object at 0x0000022792898DD0>,33000,378.432,2.5749,5,0,6,67.79,inactive,4.48148606
CHEMBL3893530,O=C(c1ccc2cc(Oc3ccc(C(F)F)cn3)ccc2n1)N1CCNCC1,<rdkit.Chem.rdchem.Mol object at 0x0000022792898E40>,33000,384.386,3.4051,4,1,5,67.35,inactive,4.48148606
CHEMBL3950180,O=C(NC1CCC1)c1ccc2cc(Oc3ccc(C(F)(F)F)cn3)ccc2n1,<rdkit.Chem.rdchem.Mol object at 0x0000022792898EB0>,31300,387.361,4.7232,4,1,4,64.11,inactive,4.504455662
CHEMBL3942849,O=C(NC1CC(F)C1)c1ccc2cc(Oc3ccc(C(F)(F)F)cn3)ccc2n1,<rdkit.Chem.rdchem.Mol object at 0x0000022792898F20>,33000,405.351,4.6712,4,1,4,64.11,inactive,4.48148606
CHEMBL5282689,CSc1c(C#N)c(=O)c2ccc(F)cc2n1-c1c(Cl)cccc1Cl,<rdkit.Chem.rdchem.Mol object at 0x0000022792898F90>,50000,379.243,5.03018,2,0,4,45.79,inactive,4.301029996
CHEMBL5286246,Cc1cc(=O)c2c(F)cncc2n1-c1c(Cl)cc(C#N)cc1Cl,<rdkit.Chem.rdchem.Mol object at 0x0000022792899000>,50000,348.164,4.0117,1,0,4,58.68,inactive,4.301029996
CHEMBL5272252,O=C(NS(=O)(=O)C1CC1)c1cc(Cl)c(OCCC2CCC3(CCN(Cc4ccccc4)CC3)C2)cc1F,<rdkit.Chem.rdchem.Mol object at 0x0000022792899070>,46170,549.108,5.5525,9,1,5,75.71,inactive,4.335640125
CHEMBL5283106,O=C(NS(=O)(=O)C1CC1)c1cc(Cl)c(OCCC2CCC3(CCN(Cc4ccsc4)CC3)C2)cc1F,<rdkit.Chem.rdchem.Mol object at 0x00000227928990E0>,54720,555.137,5.614,9,1,6,75.71,inactive,4.261853911
CHEMBL1294,C=C[C@H]1CN2CC[C@H]1C[C@@H]2[C@@H](O)c1ccnc2ccc(OC)cc12,<rdkit.Chem.rdchem.Mol object at 0x0000022792899150>,6900,324.424,3.1732,4,1,4,45.59,inactive,5.161150909
CHEMBL1813048,CC(=O)Nc1cccc(Nc2ncnc(N3CCC(OCc4ccc(OC(F)(F)F)cc4)CC3)n2)c1C,<rdkit.Chem.rdchem.Mol object at 0x00000227928991C0>,1100,516.524,4.96622,8,2,8,101.5,active,5.958607315
CHEMBL5441408,CC(C(=O)O)[C@@H](NC(=O)c1ncnc2[nH]ccc12)c1ccc(Br)cc1,<rdkit.Chem.rdchem.Mol object at 0x0000022792899230>,30000,403.236,2.9122,5,3,4,107.97,inactive,4.522878745
CHEMBL3113257,CC(C)(C)OC(=O)n1cc(-c2ccc(NC(=O)C3CCCN3)cc2)nc1N,<rdkit.Chem.rdchem.Mol object at 0x00000227928992A0>,30000,371.441,2.606,3,3,7,111.27,inactive,4.522878745
CHEMBL3113251,CC(C)(C)OC(=O)n1cc(-c2ccc(NC(=O)c3cc4ccccc4[nH]3)cc2)nc1N,<rdkit.Chem.rdchem.Mol object at 0x0000022792899310>,30000,417.469,4.6491,3,3,6,115.03,inactive,4.522878745
CHEMBL3113244,CC(C)(C)OC(=O)n1cc(-c2ccc(NC(=O)c3ccc[nH]3)cc2)nc1N,<rdkit.Chem.rdchem.Mol object at 0x0000022792899380>,30000,367.409,3.4959,3,3,6,115.03,inactive,4.522878745
CHEMBL3113249,CC(C)(C)OC(=O)n1cc(-c2ccc(NC(=O)c3ccco3)cc2)nc1N,<rdkit.Chem.rdchem.Mol object at 0x00000227928993F0>,30000,368.393,3.7608,3,2,7,112.38,inactive,4.522878745
CHEMBL3113256,CC(C)(C)OC(=O)n1cc(-c2cccc(NC(=O)C3CCCN3)c2)nc1N,<rdkit.Chem.rdchem.Mol object at 0x0000022792899460>,30000,371.441,2.606,3,3,7,111.27,inactive,4.522878745
CHEMBL3113254,CC(C)(C)OC(=O)n1cc(-c2cccc(NC(=O)c3c[nH]c4ccccc34)c2)nc1N,<rdkit.Chem.rdchem.Mol object at 0x00000227928994D0>,30000,417.469,4.6491,3,3,6,115.03,inactive,4.522878745
CHEMBL3113250,CC(C)(C)OC(=O)n1cc(-c2cccc(NC(=O)c3cc4ccccc4[nH]3)c2)nc1N,<rdkit.Chem.rdchem.Mol object at 0x0000022792899540>,30000,417.469,4.6491,3,3,6,115.03,inactive,4.522878745
CHEMBL3113248,CC(C)(C)OC(=O)n1cc(-c2cccc(NC(=O)c3cc[nH]c3)c2)nc1N,<rdkit.Chem.rdchem.Mol object at 0x00000227928995B0>,30000,367.409,3.4959,3,3,6,115.03,inactive,4.522878745
CHEMBL3113263,CC(C)(C)OC(=O)n1cc(-c2cccc(NC(=O)c3ccc[nH]3)c2)nc1N,<rdkit.Chem.rdchem.Mol object at 0x0000022792899620>,30000,367.409,3.4959,3,3,6,115.03,inactive,4.522878745
CHEMBL4084268,CC(C)(C)[C@@H]1OCCC[C@@H]1CNc1cc(F)c(S(=O)(=O)Nc2nccs2)cc1Cl,<rdkit.Chem.rdchem.Mol object at 0x0000022792899690>,415,462.012,4.9896,6,2,6,80.32,active,6.381951903
CHEMBL4064295,CC(C)(C)[C@H]1OCCC[C@@H]1CNc1cc(F)c(S(=O)(=O)Nc2nccs2)cc1Cl,<rdkit.Chem.rdchem.Mol object at 0x0000022792899700>,156,462.012,4.9896,6,2,6,80.32,active,6.806875402
CHEMBL1323,CC(C)CN(C[C@@H](O)[C@H](Cc1ccccc1)NC(=O)O[C@H]1CO[C@H]2OCC[C@H]21)S(=O)(=O)c1ccc(N)cc1,<rdkit.Chem.rdchem.Mol object at 0x0000022792899770>,39810.72,547.674,2.3753,11,3,8,140.42,inactive,4.399999968
CHEMBL4287506,CC(C)COc1ccc(-c2cn(C)c3cc(C(=O)NS(=O)(=O)C4CC4)c(F)cc23)cn1,<rdkit.Chem.rdchem.Mol object at 0x00000227928997E0>,3697,445.516,3.6362,7,1,6,90.29,active,5.432150549
CHEMBL4279180,CC(C)COc1ncc(-c2cn(C)c3cc(C(=O)NS(C)(=O)=O)ccc23)cc1Cl,<rdkit.Chem.rdchem.Mol object at 0x0000022792899850>,19000,435.933,3.6179,6,1,6,90.29,inactive,4.721246399
CHEMBL4280298,CC(C)COc1ncc(-c2nn(C)c3cc(C(=O)NS(C)(=O)=O)ccc23)cc1Cl,<rdkit.Chem.rdchem.Mol object at 0x00000227928998C0>,6508,436.921,3.0129,6,1,7,103.18,inactive,5.186552456
CHEMBL5441414,CC(C)[C@@H](Nc1ncnc2[nH]c(-c3cnn(C)c3C#N)cc12)c1ccc2c(n1)OCCO2,<rdkit.Chem.rdchem.Mol object at 0x0000022792899930>,30000,430.472,3.20548,5,2,9,126.56,inactive,4.522878745
CHEMBL5441396,CC(C)[C@@H](Nc1ncnc2[nH]c(C(=O)N[C@@H]3CCN(C)C3)cc12)c1ccc2c(c1)S(=O)(=O)CCC2,<rdkit.Chem.rdchem.Mol object at 0x00000227928999A0>,30000,496.637,2.9209,6,3,7,120.08,inactive,4.522878745
CHEMBL5441415,CC(C)[C@H](Nc1ncnc2[nH]c(-c3cnn(C)c3C#N)cc12)c1ccc2c(n1)OCCO2,<rdkit.Chem.rdchem.Mol object at 0x0000022792899A10>,30000,430.472,3.20548,5,2,9,126.56,inactive,4.522878745
CHEMBL5441417,CC(C)[C@H](Nc1ncnc2[nH]ccc12)c1ccc2c(c1)S(=O)(=O)CCC2,<rdkit.Chem.rdchem.Mol object at 0x0000022792899A80>,30000,370.478,3.487,4,2,5,87.74,inactive,4.522878745
CHEMBL2164367,CC1(C(=O)NCc2ccc(OC(F)(F)F)cc2)c2ccccc2C(=O)N1CCc1ccccn1,<rdkit.Chem.rdchem.Mol object at 0x0000022792899AF0>,27000,469.463,4.2103,7,1,4,71.53,inactive,4.568636236
CHEMBL4065325,CC1(CNc2cc(F)c(S(=O)(=O)Nc3nccs3)cc2Cl)COC1,<rdkit.Chem.rdchem.Mol object at 0x0000022792899B60>,6500,391.877,3.1848,6,2,6,80.32,inactive,5.187086643
CHEMBL3662190,CC1(COc2cc(F)c(C(=O)NS(=O)(=O)C3CC3)cc2C2CC2)CCC2(CC1)CC2,<rdkit.Chem.rdchem.Mol object at 0x0000022792899BD0>,50,435.561,4.6644,7,1,4,72.47,active,7.301029996
CHEMBL4084713,CC1CC(CNc2cc(F)c(S(=O)(=O)Nc3nccs3)cc2Cl)CC(C)O1,<rdkit.Chem.rdchem.Mol object at 0x0000022792899C40>,706,433.958,4.3519,6,2,6,80.32,active,6.151195299
CHEMBL3909869,CCC1CN(c2ccc(C(F)(F)F)cc2C#N)c2ccc(S(=O)(=O)Nc3nccs3)cc2O1,<rdkit.Chem.rdchem.Mol object at 0x0000022792899CB0>,10000,494.52,5.14348,5,1,7,95.32,inactive,5
CHEMBL698,CCCCNc1ccc(C(=O)OCCN(C)C)cc1,<rdkit.Chem.rdchem.Mol object at 0x0000022792899D20>,200,264.369,2.617,8,1,4,41.57,active,6.698970004
CHEMBL631,CCCNCC(O)COc1ccccc1C(=O)CCc1ccccc1,<rdkit.Chem.rdchem.Mol object at 0x0000022792899D90>,1190,341.451,3.2414,11,2,4,58.56,active,5.924453039
CHEMBL1520,CCCc1nc(C)c2c(=O)[nH]c(-c3cc(S(=O)(=O)N4CCN(CC)CC4)ccc3OCC)nn12,<rdkit.Chem.rdchem.Mol object at 0x0000022792899E00>,199526.23,488.614,2.07042,8,1,8,112.9,inactive,3.700000003
CHEMBL192,CCCc1nn(C)c2c(=O)[nH]c(-c3cc(S(=O)(=O)N4CCN(C)CC4)ccc3OCC)nc12,<rdkit.Chem.rdchem.Mol object at 0x0000022792899E70>,1258925.41,474.587,1.6109,7,1,8,113.42,inactive,2.900000001
CHEMBL4294322,CCS(=O)(=O)NC(=O)c1ccc2c(-c3cnc(OCC(C)C)c(Cl)c3)cn(C)c2c1,<rdkit.Chem.rdchem.Mol object at 0x0000022792899EE0>,5673,449.96,4.008,7,1,6,90.29,inactive,5.246187216
CHEMBL1118,CN(C)CC(c1ccc(O)cc1)C1(O)CCCCC1,<rdkit.Chem.rdchem.Mol object at 0x0000022792899F50>,199526.23,263.381,2.7326,4,2,3,43.7,inactive,3.700000003
CHEMBL473,CN(CCOc1ccc(NS(C)(=O)=O)cc1)CCc1ccc(NS(C)(=O)=O)cc1,<rdkit.Chem.rdchem.Mol object at 0x0000022792899FC0>,630957.34,441.575,1.9829,11,2,6,104.81,inactive,3.200000003
CHEMBL779,CN1CC(=O)N2C(Cc3c([nH]c4ccccc34)[C@H]2c2ccc3c(c2)OCO3)C1=O,<rdkit.Chem.rdchem.Mol object at 0x000002279289A030>,158489.32,389.411,2.2113,1,1,4,74.87,inactive,3.799999998
CHEMBL3325536,CN1CC[C@@H](c2ccc(Cl)cc2)[C@H](COc2cc(F)c(S(=O)(=O)Nc3ncns3)cc2F)C1,<rdkit.Chem.rdchem.Mol object at 0x000002279289A0A0>,10000,515.007,4.3848,7,1,7,84.42,inactive,5
CHEMBL5441413,CNC(=O)Cn1cc(-c2cc3c(N[C@@H](c4ccc5c(c4)S(=O)(=O)CCC5)C(C)C)ncnc3[nH]2)cn1,<rdkit.Chem.rdchem.Mol object at 0x000002279289A110>,30000,507.62,3.0965,7,3,8,134.66,inactive,4.522878745
CHEMBL5441401,CNCc1cc(-c2cc3c(N[C@@H](c4ccc5c(c4)S(=O)(=O)CCC5)C(C)C)ncnc3[nH]2)co1,<rdkit.Chem.rdchem.Mol object at 0x000002279289A180>,30000,479.606,4.4664,7,3,7,112.91,inactive,4.522878745
CHEMBL3113243,CNc1nc(-c2cccc(NC(=O)c3cc4ccccc4[nH]3)c2)cn1C(=O)OC(C)(C)C,<rdkit.Chem.rdchem.Mol object at 0x000002279289A1F0>,30000,431.496,5.1086,4,3,6,101.04,inactive,4.522878745
CHEMBL3113261,CNc1nc(-c2cccc(NC(=O)c3ccco3)c2)cn1C(=O)OC(C)(C)C,<rdkit.Chem.rdchem.Mol object at 0x000002279289A260>,30000,382.42,4.2203,4,2,7,98.39,inactive,4.522878745
CHEMBL1111,COC(c1ccccc1)(c1ccccc1)C(Oc1nc(C)cc(C)n1)C(=O)O,<rdkit.Chem.rdchem.Mol object at 0x000002279289A2D0>,1000000,378.428,3.51564,7,1,5,81.54,inactive,3
CHEMBL4100176,CON=C1CCC(CNc2cc(F)c(S(=O)(=O)Nc3nccs3)cc2Cl)CC1,<rdkit.Chem.rdchem.Mol object at 0x000002279289A340>,94,446.957,4.3409,7,2,7,92.68,active,7.026872146
CHEMBL32,COc1c(N2C[C@@H]3CCCN[C@@H]3C2)c(F)cc2c(=O)c(C(=O)O)cn(C3CC3)c12,<rdkit.Chem.rdchem.Mol object at 0x000002279289A3B0>,39810.72,401.438,2.3705,4,2,6,83.8,inactive,4.399999968
CHEMBL3945969,COc1cc(-c2cc(F)cc(Cl)c2)c(F)cc1-n1c(=O)ccc2cc(S(=O)(=O)Nc3ccon3)ccc21,<rdkit.Chem.rdchem.Mol object at 0x000002279289A420>,14000,543.935,5.3867,6,1,7,103.43,inactive,4.853871964
CHEMBL3979498,COc1cc(-c2cccc(C(F)(F)F)c2)ccc1-n1c(=O)ccc2cc(S(=O)(=O)Nc3ncccn3)ccc21,<rdkit.Chem.rdchem.Mol object at 0x000002279289A490>,30000,552.534,5.2759,6,1,7,103.18,inactive,4.522878745
CHEMBL3687606,COc1cc(-c2cccc(F)c2)c(Cl)cc1-c1nccc2cc(S(=O)(=O)Nc3ccncn3)ccc12,<rdkit.Chem.rdchem.Mol object at 0x000002279289A500>,10000,520.973,5.9607,6,1,6,94.07,inactive,5
CHEMBL3687608,COc1cc(-c2cccc(F)c2)c(Cl)cc1-c1nccc2cc(S(=O)(=O)Nc3ccon3)ccc12,<rdkit.Chem.rdchem.Mol object at 0x000002279289A570>,30000,509.946,6.1587,6,1,6,94.32,inactive,4.522878745
CHEMBL3341980,COc1cc(-c2cccc(F)c2)c(Cl)cc1-c1ncnc2cc(S(=O)(=O)Nc3ncns3)ccc12,<rdkit.Chem.rdchem.Mol object at 0x000002279289A5E0>,4750,527.99,5.4172,6,1,8,106.96,active,5.32330639
CHEMBL3682789,COc1cc(-c2cccc(F)c2)ccc1-c1nccc2cc(S(=O)(=O)Nc3ccncn3)ccc12,<rdkit.Chem.rdchem.Mol object at 0x000002279289A650>,30000,486.528,5.3073,6,1,6,94.07,inactive,4.522878745
CHEMBL3687602,COc1cc(-c2cccc(F)c2)ccc1-c1ncnc2cc(S(=O)(=O)Nc3ccncn3)ccc12,<rdkit.Chem.rdchem.Mol object at 0x000002279289A6C0>,30000,487.516,4.7023,6,1,7,106.96,inactive,4.522878745
CHEMBL3963432,COc1cc(C#N)ccc1N1CCOc2cc(S(=O)(=O)Nc3nccs3)ccc21,<rdkit.Chem.rdchem.Mol object at 0x000002279289A730>,10000,428.495,3.35468,5,1,8,104.55,inactive,5
CHEMBL4469805,COc1cc(C(=O)NS(C)(=O)=O)c(F)cc1-c1cnc(Oc2cc(F)ccc2F)c(Cl)c1,<rdkit.Chem.rdchem.Mol object at 0x000002279289A7A0>,13600,486.855,4.3096,6,1,6,94.59,inactive,4.866461092
CHEMBL3682623,COc1cc(C(F)(F)F)ccc1-c1cccc2cc(S(=O)(=O)Nc3ncns3)ccc12,<rdkit.Chem.rdchem.Mol object at 0x000002279289A810>,11600,465.478,5.1865,5,1,6,81.18,inactive,4.935542011
CHEMBL3682841,COc1cc(C(F)(F)F)ccc1-c1cnnc2cc(S(=O)(=O)Nc3nccs3)ccc12,<rdkit.Chem.rdchem.Mol object at 0x000002279289A880>,30000,466.466,4.5815,5,1,7,94.07,inactive,4.522878745
CHEMBL3692149,COc1cc(C(F)(F)F)ccc1-c1n[nH]c(=O)c2cc(S(=O)(=O)Nc3nccs3)ccc12,<rdkit.Chem.rdchem.Mol object at 0x000002279289A8F0>,30000,482.465,3.8748,5,2,7,114.04,inactive,4.522878745
CHEMBL3687538,COc1cc(C(F)(F)F)ccc1-c1ncnc2cc(S(=O)(=O)Nc3nccs3)ccc12,<rdkit.Chem.rdchem.Mol object at 0x000002279289A960>,30000,466.466,4.5815,5,1,7,94.07,inactive,4.522878745
CHEMBL3947470,COc1cc(C(F)(F)F)ccc1-n1c(=O)ccc2cc(S(=O)(=O)Nc3nccs3)ccc21,<rdkit.Chem.rdchem.Mol object at 0x000002279289A9D0>,30000,481.477,4.2754,5,1,7,90.29,inactive,4.522878745
CHEMBL3926166,COc1cc(C(F)(F)F)ccc1N1C(=O)COc2cc(S(=O)(=O)Nc3nccs3)ccc21,<rdkit.Chem.rdchem.Mol object at 0x000002279289AA40>,10000,485.465,4.0284,5,1,7,97.83,inactive,5
CHEMBL3983724,COc1cc(C(F)(F)F)ccc1N1CCOc2cc(S(=O)(=O)Nc3nccs3)ccc21,<rdkit.Chem.rdchem.Mol object at 0x000002279289AAB0>,1990,471.482,4.5018,5,1,7,80.76,active,5.701146924
CHEMBL3922625,COc1cc(F)ccc1N1CCOc2cc(S(=O)(=O)Nc3nccs3)ccc21,<rdkit.Chem.rdchem.Mol object at 0x000002279289AB20>,5580,421.475,3.6221,5,1,7,80.76,inactive,5.253365801
CHEMBL250699,COc1cc(NC(=O)c2ccc(-c3ccc(Cl)cc3)o2)cc(OC)c1,<rdkit.Chem.rdchem.Mol object at 0x000002279289AB90>,2000,357.793,4.8695,5,1,4,60.7,active,5.698970004
CHEMBL709,COc1cc2nc(N(C)CCCNC(=O)C3CCCO3)nc(N)c2cc1OC,<rdkit.Chem.rdchem.Mol object at 0x000002279289AC00>,1584893.19,389.456,1.3507,8,2,8,111.83,inactive,2.800000001
CHEMBL4211735,COc1ccc(C2NCCOC2Oc2cc(F)c(S(=O)(=O)Nc3ncns3)cc2F)cc1,<rdkit.Chem.rdchem.Mol object at 0x000002279289AC70>,30000,484.506,2.6917,7,2,9,111.67,inactive,4.522878745
CHEMBL5441398,COc1ccc([C@H](Cc2nn[nH]n2)NC(=O)c2ncnc3[nH]ccc23)cc1,<rdkit.Chem.rdchem.Mol object at 0x000002279289ACE0>,30000,364.369,1.1934,6,3,7,134.36,inactive,4.522878745
CHEMBL3322777,COc1ccc2c(c1)NC1(CCN(C(=O)c3ccc(OC)c(N(C)C)c3)CC1)c1cccn1-2,<rdkit.Chem.rdchem.Mol object at 0x000002279289AD50>,351,446.551,4.1175,4,1,6,58.97,active,6.454692884
CHEMBL4213433,COc1cccc(C2NCCOC2Oc2cc(F)c(S(=O)(=O)Nc3ncns3)cc2F)c1,<rdkit.Chem.rdchem.Mol object at 0x000002279289ADC0>,30000,484.506,2.6917,7,2,9,111.67,inactive,4.522878745
CHEMBL4204154,COc1ccccc1C1NCCOC1Oc1cc(F)c(S(=O)(=O)Nc2ncns2)cc1F,<rdkit.Chem.rdchem.Mol object at 0x000002279289AE30>,30000,484.506,2.6917,7,2,9,111.67,inactive,4.522878745
CHEMBL3930997,COc1ccccc1N1CCOc2cc(S(=O)(=O)Nc3nccs3)ccc21,<rdkit.Chem.rdchem.Mol object at 0x000002279289AEA0>,10000,403.485,3.483,5,1,7,80.76,inactive,5
CHEMBL2443262,COc1ccsc1CNCC[C@@]1(c2ccccn2)CCOC2(CCCC2)C1,<rdkit.Chem.rdchem.Mol object at 0x000002279289AF10>,4700,386.561,4.6926,7,1,5,43.38,active,5.327902142
CHEMBL2069427,COc1cnc(-c2cccc3c2C[C@H](NC(=O)c2ccc(COCC(F)(F)F)nc2)CO3)cn1,<rdkit.Chem.rdchem.Mol object at 0x000002279289AF80>,12589.25,474.439,3.3596,7,1,7,95.46,inactive,4.900000142
CHEMBL3657851,CS(=O)(=O)NC(=O)c1cc(C2CC2)c(OCC23CC4CC(CC(C4)C2)C3)cc1F,<rdkit.Chem.rdchem.Mol object at 0x000002279289AFF0>,159,421.534,3.9877,6,1,4,72.47,active,6.798602876
CHEMBL3662226,CS(=O)(=O)NC(=O)c1cc(C2CC2)c(OCC2CN(C(c3ccccc3)c3ccccc3)C2)cc1F,<rdkit.Chem.rdchem.Mol object at 0x000002279289B060>,1100,508.615,4.4927,9,1,5,75.71,active,5.958607315
CHEMBL3341985,CS(=O)(=O)NC(=O)c1cc(Cl)c(OCC23CC4CC(CC(C4)C2)C3)cc1F,<rdkit.Chem.rdchem.Mol object at 0x000002279289B0D0>,1070,415.914,3.7637,5,1,4,72.47,active,5.970616222
CHEMBL3657929,CS(=O)(=O)NC(=O)c1cc(Cl)c(OCC2CC3C4CCC(C4)C3C2)cc1F,<rdkit.Chem.rdchem.Mol object at 0x000002279289B140>,743,415.914,3.6196,5,1,4,72.47,active,6.129011186
CHEMBL4129030,CS(=O)(=O)NC(=O)c1cc(F)c(COc2ccc(Cl)c(Cl)c2)cc1F,<rdkit.Chem.rdchem.Mol object at 0x000002279289B1B0>,11000,410.225,3.54,5,1,4,72.47,inactive,4.958607315
CHEMBL5094715,C[C@@H](c1cc(Cl)cc(Cl)c1)N1CCC(COc2cc(F)c(C(=O)NS(C)(=O)=O)cc2C2CC2)CC1,<rdkit.Chem.rdchem.Mol object at 0x000002279289B220>,551,543.488,5.5513,8,1,5,75.71,active,6.258848401
CHEMBL308954,Cc1cc(C#N)cc(C)c1Oc1nc(Nc2ccc(C#N)cc2)nc(N)c1Br,<rdkit.Chem.rdchem.Mol object at 0x000002279289B290>,501187.23,435.285,4.7174,4,2,7,120.64,inactive,3.300000003
CHEMBL3682622,Cc1cc(C(F)(F)F)ccc1-c1cccc2cc(S(=O)(=O)Nc3ncns3)ccc12,<rdkit.Chem.rdchem.Mol object at 0x000002279289B300>,5070,449.479,5.48632,4,1,5,71.95,inactive,5.294992041
CHEMBL3960275,Cc1cc(Cl)ccc1N1CCOc2cc(S(=O)(=O)Nc3nccs3)ccc21,<rdkit.Chem.rdchem.Mol object at 0x000002279289B370>,5700,421.931,4.43622,4,1,6,71.53,inactive,5.244125144
CHEMBL2386850,Cc1cc(Oc2cncnc2)cc(C(=O)Nc2ccc(F)cn2)n1,<rdkit.Chem.rdchem.Mol object at 0x000002279289B3E0>,100000,325.303,2.75872,4,1,6,89.89,inactive,4
CHEMBL461101,Cc1ccc(-n2[nH]c(C)c(N=Nc3cccc(-c4cccc(C(=O)O)c4)c3O)c2=O)cc1C,<rdkit.Chem.rdchem.Mol object at 0x000002279289B450>,158489.32,442.475,5.57706,5,3,6,120.04,inactive,3.799999998
CHEMBL1914844,Cc1ccc(N2CCN(CC(O)COc3ccccc3C(=O)CCc3ccccc3)CC2)cc1,<rdkit.Chem.rdchem.Mol object at 0x000002279289B4C0>,5000,458.602,4.37242,10,1,5,53.01,inactive,5.301029996
CHEMBL255863,Cc1cn(-c2cc(NC(=O)c3ccc(C)c(Nc4nccc(-c5cccnc5)n4)c3)cc(C(F)(F)F)c2)cn1,<rdkit.Chem.rdchem.Mol object at 0x000002279289B530>,5011872.34,529.526,6.35584,6,2,7,97.62,inactive,2.3
CHEMBL5416410,Cc1nc(Nc2ncc(C(=O)Nc3c(C)cccc3Cl)s2)cc(N2CCN(CCO)CC2)n1,<rdkit.Chem.rdchem.Mol object at 0x000002279289B5A0>,398107.17,488.017,3.31354,7,3,9,106.51,inactive,3.400000001
CHEMBL1621,Cc1nc2n(c(=O)c1CCN1CCC(c3noc4cc(F)ccc34)CC1)CCCC2O,<rdkit.Chem.rdchem.Mol object at 0x000002279289B610>,25118.86,426.492,3.08132,4,1,7,84.39,inactive,4.600000075
CHEMBL256907,Cc1nnc(C(C)C)n1[C@H]1C[C@H]2CC[C@@H](C1)N2CC[C@H](NC(=O)C1CCC(F)(F)CC1)c1ccccc1,<rdkit.Chem.rdchem.Mol object at 0x000002279289B680>,1000000,513.677,5.95092,8,1,5,63.05,inactive,3
CHEMBL4290933,Cn1cc(-c2ccc(C(F)(F)F)cc2)c2cc(F)c(C(=O)NS(=O)(=O)C3CC3)cc21,<rdkit.Chem.rdchem.Mol object at 0x000002279289B6F0>,3800,440.418,4.2252,4,1,4,68.17,active,5.420216403
CHEMBL3341979,Cn1cc(-c2ccc(C(F)(F)F)cc2-c2cn[nH]c2)c2ccc(S(=O)(=O)Nc3ncns3)cc21,<rdkit.Chem.rdchem.Mol object at 0x000002279289B760>,10000,504.519,4.9065,5,2,7,105.56,inactive,5
CHEMBL3704444,Cn1cc(-c2cccc3c2CNCC3)c2ccc(S(=O)(=O)Nc3ncns3)cc21,<rdkit.Chem.rdchem.Mol object at 0x000002279289B7D0>,10000,425.539,3.1433,4,2,7,88.91,inactive,5
CHEMBL5441391,Cn1ncc(-c2cc3c(N[C@@H](c4ccc5c(n4)OCCO5)C(C)(C)C)ncnc3[nH]2)c1C#N,<rdkit.Chem.rdchem.Mol object at 0x000002279289B840>,30000,444.499,3.59558,4,2,9,126.56,inactive,4.522878745
CHEMBL3677849,Cn1nccc1-c1cc(C(F)(F)F)ccc1-c1cccc2cc(S(=O)(=O)Nc3ncns3)ccc12,<rdkit.Chem.rdchem.Mol object at 0x000002279289B8B0>,30,515.542,5.5784,5,1,7,89.77,active,7.522878745
CHEMBL2409209,Cn1nccc1-c1cc(C(F)(F)F)ccc1-c1cn(C)c2cc(S(=O)(=O)Nc3ncns3)ccc12,<rdkit.Chem.rdchem.Mol object at 0x000002279289B920>,30000,518.546,4.9169,5,1,8,94.7,inactive,4.522878745
CHEMBL2324000,Cn1nccc1-c1ccccc1Oc1ccc(S(=O)(=O)Nc2nccs2)cc1C#N,<rdkit.Chem.rdchem.Mol object at 0x000002279289B990>,10000,437.506,4.00838,6,1,8,109.9,inactive,5
CHEMBL4208418,Cn1nccc1C1NCCOC1Oc1cc(F)c(S(=O)(=O)Nc2ncns2)cc1F,<rdkit.Chem.rdchem.Mol object at 0x000002279289BA00>,30000,458.472,1.4166,6,2,10,120.26,inactive,4.522878745
CHEMBL3919149,N#Cc1cc(C(F)(F)F)ccc1N1CCOc2c1ccc(S(=O)(=O)Nc1nccs1)c2F,<rdkit.Chem.rdchem.Mol object at 0x000002279289BA70>,2100,484.456,4.50398,4,1,7,95.32,active,5.677780705
CHEMBL3928121,N#Cc1cc(C(F)(F)F)ccc1N1CCOc2cc(S(=O)(=O)Nc3ccncn3)ccc21,<rdkit.Chem.rdchem.Mol object at 0x000002279289BAE0>,1140,461.425,3.69838,4,1,7,108.21,active,5.943095149
CHEMBL3907025,N#Cc1cc(C(F)(F)F)ccc1N1CCOc2cc(S(=O)(=O)Nc3nccs3)c(Cl)cc21,<rdkit.Chem.rdchem.Mol object at 0x000002279289BB50>,610,500.911,5.01828,4,1,7,95.32,active,6.214670165
CHEMBL3950353,N#Cc1cc(C(F)(F)F)ccc1N1CCOc2cc(S(=O)(=O)Nc3nccs3)c(F)cc21,<rdkit.Chem.rdchem.Mol object at 0x000002279289BBC0>,203,484.456,4.50398,4,1,7,95.32,active,6.692503962
CHEMBL3948638,N#Cc1cc(C(F)(F)F)ccc1N1CCOc2cc(S(=O)(=O)Nc3nccs3)cc(F)c21,<rdkit.Chem.rdchem.Mol object at 0x000002279289BC30>,385,484.456,4.50398,4,1,7,95.32,active,6.41453927
CHEMBL3906169,N#Cc1cc(C(F)(F)F)ccc1N1CCOc2cc(S(=O)(=O)Nc3nccs3)ccc21,<rdkit.Chem.rdchem.Mol object at 0x000002279289BCA0>,1150,466.466,4.36488,4,1,7,95.32,active,5.93930216
CHEMBL4204409,N#Cc1ccc(C2NCCOC2Oc2cc(F)c(S(=O)(=O)Nc3ncns3)cc2F)cc1,<rdkit.Chem.rdchem.Mol object at 0x000002279289BD10>,30000,479.49,2.55478,6,2,9,126.23,inactive,4.522878745
CHEMBL4203201,N#Cc1cccc(C2NCCOC2Oc2cc(F)c(S(=O)(=O)Nc3ncns3)cc2F)c1,<rdkit.Chem.rdchem.Mol object at 0x000002279289BD80>,30000,479.49,2.55478,6,2,9,126.23,inactive,4.522878745
CHEMBL3544913,NC(=O)C1CC[C@H](c2ccc(OCc3ccccc3F)cc2)N1,<rdkit.Chem.rdchem.Mol object at 0x000002279289BDF0>,3200,314.36,2.6831,5,2,3,64.35,active,5.494850022
CHEMBL1422,N[C@@H](CC(=O)N1CCn2c(nnc2C(F)(F)F)C1)Cc1cc(F)c(F)cc1F,<rdkit.Chem.rdchem.Mol object at 0x000002279289BE60>,794328.23,407.318,2.0165,4,1,5,77.04,inactive,3.100000003
CHEMBL2325014,Nc1[nH]ncc1-c1cc(Cl)ccc1Oc1cc(F)c(S(=O)(=O)Nc2cscn2)cc1Cl,<rdkit.Chem.rdchem.Mol object at 0x000002279289BED0>,11,500.364,5.1544,6,3,7,122.99,active,7.958607315
CHEMBL2010816,Nc1cncc(Nc2ccc(Oc3ccc(OC(F)(F)F)cc3)cc2)n1,<rdkit.Chem.rdchem.Mol object at 0x000002279289BF40>,1260,362.311,4.4933,5,2,6,82.29,active,5.899629455
CHEMBL3617063,Nc1nc2cc(-c3cc(Cl)ccc3Oc3cc(F)c(S(=O)(=O)Nc4ncns4)cc3F)ccc2[nH]1,<rdkit.Chem.rdchem.Mol object at 0x00000227928C8040>,10000,534.957,5.1883,6,3,8,135.88,inactive,5
CHEMBL2011947,Nc1ncnc(Nc2ccc(Oc3ccc(Cl)cc3)cc2)n1,<rdkit.Chem.rdchem.Mol object at 0x00000227928C80B0>,200,313.748,3.6431,4,2,6,85.95,active,6.698970004
CHEMBL3341983,Nc1noc2ccc(-c3cc(Cl)ccc3Oc3cc(F)c(S(=O)(=O)Nc4ncns4)cc3F)cc12,<rdkit.Chem.rdchem.Mol object at 0x00000227928C8120>,1000,535.941,5.4532,6,2,9,133.23,active,6
CHEMBL1914835,O=C(CCc1ccccc1)c1ccccc1OCC(O)CN1CCC(c2ccccc2)CC1,<rdkit.Chem.rdchem.Mol object at 0x00000227928C8190>,5000,443.587,5.1214,10,1,4,49.77,inactive,5.301029996
CHEMBL552382,O=C(NC1CC1c1ccccc1)N1CCC(c2nc(-c3ccccn3)no2)CC1,<rdkit.Chem.rdchem.Mol object at 0x00000227928C8200>,10000,389.459,3.5767,4,1,5,84.15,inactive,5
CHEMBL4283471,O=C(NCC1CC1)C(c1ccccc1)N1CCN(C(=O)c2cc(F)cc(F)c2)CC1,<rdkit.Chem.rdchem.Mol object at 0x00000227928C8270>,710,413.468,2.9901,6,1,3,52.65,active,6.148741651
CHEMBL2164373,O=C(NCc1ccc(OC(F)(F)F)cc1)c1c2ccccc2c(O)n1C1CCC(F)(F)CC1,<rdkit.Chem.rdchem.Mol object at 0x00000227928C82E0>,33000,468.422,5.9259,5,2,4,63.49,inactive,4.48148606
CHEMBL2164371,O=C(NCc1ccc(OC(F)(F)F)cc1)c1c2ccccc2c(O)n1C1CCOCC1,<rdkit.Chem.rdchem.Mol object at 0x00000227928C8350>,33000,434.414,4.527,5,2,5,72.72,inactive,4.48148606
CHEMBL2164389,O=C(NCc1ccc(OC(F)(F)F)cc1)c1c2ccccc2c(O)n1CCc1ccccn1,<rdkit.Chem.rdchem.Mol object at 0x00000227928C83C0>,730,455.436,4.8132,7,2,5,76.38,active,6.13667714
CHEMBL3236329,O=C(NCc1noc(-c2c3ccccc3nn2CCn2ccnc2)n1)c1cccc(OC(F)(F)F)c1,<rdkit.Chem.rdchem.Mol object at 0x00000227928C8430>,920,497.437,3.8116,8,1,9,112.89,active,6.036212173
CHEMBL3236343,O=C(NCc1noc(-c2nn(CCn3ccnc3)c3ccccc23)n1)c1ccccc1,<rdkit.Chem.rdchem.Mol object at 0x00000227928C84A0>,19000,413.441,2.913,7,1,8,103.66,inactive,4.721246399
CHEMBL3657932,O=C(NS(=O)(=O)C1CC1)c1cc(C2CC2)c(OCC23CC4CC(CC(C4)C2)C3)cc1F,<rdkit.Chem.rdchem.Mol object at 0x00000227928C8510>,26,447.572,4.5203,7,1,4,72.47,active,7.585026652
CHEMBL3657943,O=C(NS(=O)(=O)N1CC(F)(F)C1)c1cc(C2CC2)c(OCC23CC4CC(CC(C4)C2)C3)cc1F,<rdkit.Chem.rdchem.Mol object at 0x00000227928C8580>,326,498.567,4.2238,7,1,4,75.71,active,6.4867824
CHEMBL3657855,O=C(NS(=O)(=O)N1CCC1)c1cc(C2CC2)c(OCC23CC4CC(CC(C4)C2)C3)cc1F,<rdkit.Chem.rdchem.Mol object at 0x00000227928C85F0>,49,462.587,3.9786,7,1,4,75.71,active,7.30980392
CHEMBL3617064,O=C(NS(=O)(=O)N1CCC1)c1cc(C2CC2)c(O[C@H]2C3CC4CC2C[C@](Cl)(C4)C3)cc1F,<rdkit.Chem.rdchem.Mol object at 0x00000227928C8660>,21600,483.005,3.9483,6,1,4,75.71,inactive,4.665546249
CHEMBL3657939,O=C(NS(=O)(=O)N1CCOCC1)c1cc(C2CC2)c(OCC23CC4CC(CC(C4)C2)C3)cc1F,<rdkit.Chem.rdchem.Mol object at 0x00000227928C86D0>,14,492.613,3.6051,7,1,5,84.94,active,7.853871964
CHEMBL3128188,O=C(Nc1ccc(C[C@@H]2CC[C@H]([C@H](O)c3cccnc3)N2)cc1)C1CCc2ccnn21,<rdkit.Chem.rdchem.Mol object at 0x00000227928C8740>,30000,417.513,2.8008,6,3,6,92.07,inactive,4.522878745
CHEMBL3128178,O=C(Nc1ccc(C[C@@H]2CC[C@H]([C@H](O)c3cccnc3)N2)cc1)C1CCc2scnc21,<rdkit.Chem.rdchem.Mol object at 0x00000227928C87B0>,30000,434.565,3.6033,6,3,6,87.14,inactive,4.522878745
CHEMBL3617053,O=C(Nc1ccc(S(=O)(=O)Nc2nccs2)cc1)C(c1ccccc1)c1ccccc1,<rdkit.Chem.rdchem.Mol object at 0x00000227928C8820>,10000,449.557,4.7145,7,2,5,88.16,inactive,5
CHEMBL1079256,O=C(O)CCC1(c2ccccc2)CCCN(C(=O)Nc2ccc(Cl)cc2)C1,<rdkit.Chem.rdchem.Mol object at 0x00000227928C8890>,10000,386.879,4.7705,5,2,2,69.64,inactive,5
CHEMBL550348,O=C(O)c1ccc(-n2nc(-c3ccccc3O)nc2-c2ccccc2O)cc1,<rdkit.Chem.rdchem.Mol object at 0x00000227928C8900>,79432.82,373.368,3.7107,4,3,6,108.47,inactive,4.100000019
CHEMBL496189,O=C1CC2(CCN(C(=O)N[C@H]3C[C@@H]3c3ccccc3)CC2)Oc2ccccc21,<rdkit.Chem.rdchem.Mol object at 0x00000227928C8970>,10000,376.456,3.7521,2,1,3,58.64,inactive,5
CHEMBL4073324,O=C1CCC(CNc2cc(F)c(S(=O)(=O)Nc3nccs3)cc2Cl)CC1,<rdkit.Chem.rdchem.Mol object at 0x00000227928C89E0>,150,417.915,3.9076,6,2,6,88.16,active,6.823908741
CHEMBL4102624,O=C1CCCC(CNc2cc(F)c(S(=O)(=O)Nc3nccs3)cc2Cl)C1,<rdkit.Chem.rdchem.Mol object at 0x00000227928C8A50>,52,417.915,3.9076,6,2,6,88.16,active,7.283996656
CHEMBL229125,O=C1CCN([C@@H]2CCCC[C@H]2OCCc2cccc3ccccc23)C1,<rdkit.Chem.rdchem.Mol object at 0x00000227928C8AC0>,11000,337.463,3.9849,5,0,3,29.54,inactive,4.958607315
CHEMBL3707218,O=C1N(Cc2ccc(C(F)(F)F)o2)c2ccccc2[C@]12COc1cc3c(cc12)OCO3,<rdkit.Chem.rdchem.Mol object at 0x00000227928C8B30>,84,429.35,4.2524,2,0,5,61.14,active,7.075720714
CHEMBL4849813,O=S(=O)(Nc1cccc(F)n1)c1cc(F)c(OC2CCN(CC(F)(F)F)CC2c2ccc(F)c(F)c2)cc1F,<rdkit.Chem.rdchem.Mol object at 0x00000227928C8BA0>,240,581.485,5.3771,7,1,5,71.53,active,6.619788758
CHEMBL4854735,O=S(=O)(Nc1cccc(F)n1)c1cc(F)c(O[C@H]2CCN(CC(F)(F)F)C[C@@H]2c2ccc(F)c(F)c2)c(F)c1,<rdkit.Chem.rdchem.Mol object at 0x00000227928C8C10>,17.7,581.485,5.3771,7,1,5,71.53,active,7.752026734
CHEMBL4859414,O=S(=O)(Nc1cccc(F)n1)c1cc(F)c(O[C@H]2CCN(CC(F)(F)F)C[C@@H]2c2ccccc2)cc1F,<rdkit.Chem.rdchem.Mol object at 0x00000227928C8C80>,410,545.505,5.0989,7,1,5,71.53,active,6.387216143
CHEMBL3934179,O=S(=O)(Nc1ccncn1)c1ccc2c(c1)OCCN2c1ccc(C(F)(F)F)cc1C1=CCNCC1,<rdkit.Chem.rdchem.Mol object at 0x00000227928C8CF0>,1200,517.533,4.2034,5,2,7,96.45,active,5.920818754
CHEMBL4086750,O=S(=O)(Nc1nccs1)c1cc(Cl)c(NC2CC3(COC3)C2)cc1F,<rdkit.Chem.rdchem.Mol object at 0x00000227928C8D60>,1500,403.888,3.3273,5,2,6,80.32,active,5.823908741
CHEMBL4069801,O=S(=O)(Nc1nccs1)c1cc(Cl)c(NC2CC3CCC2O3)cc1F,<rdkit.Chem.rdchem.Mol object at 0x00000227928C8DD0>,931,403.888,3.4682,5,2,6,80.32,active,6.031050319
CHEMBL4099769,O=S(=O)(Nc1nccs1)c1cc(Cl)c(NC2CCCOC2)cc1F,<rdkit.Chem.rdchem.Mol object at 0x00000227928C8E40>,796,391.877,3.3273,5,2,6,80.32,active,6.099086932
CHEMBL4062009,O=S(=O)(Nc1nccs1)c1cc(Cl)c(NC2CCOCC2)cc1F,<rdkit.Chem.rdchem.Mol object at 0x00000227928C8EB0>,336,391.877,3.3273,5,2,6,80.32,active,6.473660723
CHEMBL4089301,O=S(=O)(Nc1nccs1)c1cc(Cl)c(NCC23CC4CC(C2)C(O)C(C4)C3)cc1F,<rdkit.Chem.rdchem.Mol object at 0x00000227928C8F20>,916,472.007,4.3355,6,3,6,91.32,active,6.038104526
CHEMBL4061129,O=S(=O)(Nc1nccs1)c1cc(Cl)c(NCC23CC4CC(CC(O)(C4)C2)C3)cc1F,<rdkit.Chem.rdchem.Mol object at 0x00000227928C8F90>,260,472.007,4.4796,6,3,6,91.32,active,6.585026652
CHEMBL4061793,O=S(=O)(Nc1nccs1)c1cc(Cl)c(NCC23CCCN2CCC3)cc1F,<rdkit.Chem.rdchem.Mol object at 0x00000227928C9000>,2.2,430.958,3.7767,6,2,6,74.33,active,8.657577319
CHEMBL4064737,O=S(=O)(Nc1nccs1)c1cc(Cl)c(NCC2CCC(=NOCc3ccccc3)CC2)cc1F,<rdkit.Chem.rdchem.Mol object at 0x00000227928C9070>,444,523.055,5.9113,9,2,7,92.68,active,6.35261703
CHEMBL4095822,O=S(=O)(Nc1nccs1)c1cc(Cl)c(NCC2CCC3(CC2)OCCO3)cc1F,<rdkit.Chem.rdchem.Mol object at 0x00000227928C90E0>,407,461.968,4.0816,6,2,7,89.55,active,6.390405591
CHEMBL4074392,O=S(=O)(Nc1nccs1)c1cc(Cl)c(NCC2CCCC3(C2)OCCO3)cc1F,<rdkit.Chem.rdchem.Mol object at 0x00000227928C9150>,162,461.968,4.0816,6,2,7,89.55,active,6.790484985
CHEMBL4092463,O=S(=O)(Nc1nccs1)c1cc(Cl)c(NCC2CCCCO2)cc1F,<rdkit.Chem.rdchem.Mol object at 0x00000227928C91C0>,237,405.904,3.7174,6,2,6,80.32,active,6.625251654
CHEMBL4100208,O=S(=O)(Nc1nccs1)c1cc(Cl)c(NCC2CCCO2)cc1F,<rdkit.Chem.rdchem.Mol object at 0x00000227928C9230>,189,391.877,3.3273,6,2,6,80.32,active,6.723538196
CHEMBL4101414,O=S(=O)(Nc1nccs1)c1cc(Cl)c(NCC2CCOC2)cc1F,<rdkit.Chem.rdchem.Mol object at 0x00000227928C92A0>,188,391.877,3.1848,6,2,6,80.32,active,6.725842151
CHEMBL4102647,O=S(=O)(Nc1nccs1)c1cc(Cl)c(NCC2CCOCC2)cc1F,<rdkit.Chem.rdchem.Mol object at 0x00000227928C9310>,127,405.904,3.5749,6,2,6,80.32,active,6.896196279
CHEMBL4087220,O=S(=O)(Nc1nccs1)c1cc(Cl)c(NCC2COCCO2)cc1F,<rdkit.Chem.rdchem.Mol object at 0x00000227928C9380>,74,407.876,2.5637,6,2,7,89.55,active,7.13076828
CHEMBL4065798,O=S(=O)(Nc1nccs1)c1cc(Cl)c(NCCC2CCCCO2)cc1F,<rdkit.Chem.rdchem.Mol object at 0x00000227928C93F0>,874,419.931,4.1075,7,2,6,80.32,active,6.058488567
CHEMBL4094490,O=S(=O)(Nc1nccs1)c1cc(Cl)c(NCCC2CCCOC2)cc1F,<rdkit.Chem.rdchem.Mol object at 0x00000227928C9460>,50,419.931,3.965,7,2,6,80.32,active,7.301029996
CHEMBL4076229,O=S(=O)(Nc1nccs1)c1cc(Cl)c(NCCC2CCOC2)cc1F,<rdkit.Chem.rdchem.Mol object at 0x00000227928C94D0>,221,405.904,3.5749,7,2,6,80.32,active,6.655607726
CHEMBL4064762,O=S(=O)(Nc1nccs1)c1cc(Cl)c(NCCC2CCOCC2)cc1F,<rdkit.Chem.rdchem.Mol object at 0x00000227928C9540>,120,419.931,3.965,7,2,6,80.32,active,6.920818754
CHEMBL4073353,O=S(=O)(Nc1nccs1)c1cc(Cl)c(NCCCC2CCOC2)cc1F,<rdkit.Chem.rdchem.Mol object at 0x00000227928C95B0>,133,419.931,3.965,8,2,6,80.32,active,6.876148359
CHEMBL4092025,O=S(=O)(Nc1nccs1)c1cc(Cl)c(NC[C@@H]2CCCOC2)cc1F,<rdkit.Chem.rdchem.Mol object at 0x00000227928C9620>,328,405.904,3.5749,6,2,6,80.32,active,6.484126156
CHEMBL4071860,O=S(=O)(Nc1nccs1)c1cc(Cl)c(NC[C@@]23CCCO[C@@H]2OCC3)cc1F,<rdkit.Chem.rdchem.Mol object at 0x00000227928C9690>,614,447.941,3.6915,6,2,7,89.55,active,6.211831629
CHEMBL4072883,O=S(=O)(Nc1nccs1)c1cc(Cl)c(NC[C@H]2CCCOC2)cc1F,<rdkit.Chem.rdchem.Mol object at 0x00000227928C9700>,76,405.904,3.5749,6,2,6,80.32,active,7.119186408
CHEMBL4094879,O=S(=O)(Nc1nccs1)c1cc(Cl)c(NC[C@H]2CCC[C@@H](O)C2)cc1F,<rdkit.Chem.rdchem.Mol object at 0x00000227928C9770>,151,419.931,3.6994,6,3,6,91.32,active,6.821023053
CHEMBL4084685,O=S(=O)(Nc1nccs1)c1cc(Cl)c(NC[C@H]2CCC[C@H](O)C2)cc1F,<rdkit.Chem.rdchem.Mol object at 0x00000227928C97E0>,281,419.931,3.6994,6,3,6,91.32,active,6.55129368
CHEMBL4068484,O=S(=O)(Nc1nccs1)c1cc(Cl)c(NC[C@H]2CC[C@@H](O)CC2)cc1F,<rdkit.Chem.rdchem.Mol object at 0x00000227928C9850>,380,419.931,3.6994,6,3,6,91.32,active,6.420216403
CHEMBL4092435,O=S(=O)(Nc1nccs1)c1cc(Cl)c(NC[C@H]2CC[C@H](O)CC2)cc1F,<rdkit.Chem.rdchem.Mol object at 0x00000227928C98C0>,156,419.931,3.6994,6,3,6,91.32,active,6.806875402
CHEMBL4071736,O=S(=O)(Nc1nccs1)c1cc(Cl)c(NC[C@]23CCC[C@@]2(O)CCC3)cc1F,<rdkit.Chem.rdchem.Mol object at 0x00000227928C9930>,169,445.969,4.2336,6,3,6,91.32,active,6.772113295
CHEMBL4104727,O=S(=O)(Nc1nccs1)c1cc(Cl)c(NC[C@]23CCO[C@H]2OCC3)cc1F,<rdkit.Chem.rdchem.Mol object at 0x00000227928C99A0>,108,433.914,3.3014,6,2,7,89.55,active,6.966576245
CHEMBL3341982,O=S(=O)(Nc1ncns1)N1CCc2c(cccc2-c2ccc(C(F)(F)F)cc2C2=CCNCC2)C1,<rdkit.Chem.rdchem.Mol object at 0x00000227928C9A10>,10000,521.59,4.3156,5,2,6,87.22,inactive,5
CHEMBL4202854,O=S(=O)(Nc1ncns1)c1cc(F)c(OC2OCCNC2c2cc(Cl)cc(Cl)c2)cc1F,<rdkit.Chem.rdchem.Mol object at 0x00000227928C9A80>,5600,523.37,3.9899,6,2,8,102.44,inactive,5.251811973
CHEMBL4205091,O=S(=O)(Nc1ncns1)c1cc(F)c(OC2OCCNC2c2ccc(C(F)(F)F)cc2)cc1F,<rdkit.Chem.rdchem.Mol object at 0x00000227928C9AF0>,30000,522.477,3.7019,6,2,8,102.44,inactive,4.522878745
CHEMBL4206080,O=S(=O)(Nc1ncns1)c1cc(F)c(OC2OCCNC2c2ccc(Cl)c(Cl)c2)cc1F,<rdkit.Chem.rdchem.Mol object at 0x00000227928C9B60>,1000,523.37,3.9899,6,2,8,102.44,active,6
CHEMBL4209182,O=S(=O)(Nc1ncns1)c1cc(F)c(OC2OCCNC2c2ccc(Cl)nc2)cc1F,<rdkit.Chem.rdchem.Mol object at 0x00000227928C9BD0>,30000,489.913,2.7315,6,2,9,115.33,inactive,4.522878745
CHEMBL4211717,O=S(=O)(Nc1ncns1)c1cc(F)c(OC2OCCNC2c2ccc3c(c2)OCO3)cc1F,<rdkit.Chem.rdchem.Mol object at 0x00000227928C9C40>,30000,498.489,2.4118,6,2,10,120.9,inactive,4.522878745
CHEMBL4208090,O=S(=O)(Nc1ncns1)c1cc(F)c(OC2OCCNC2c2ccc3cnccc3c2)cc1F,<rdkit.Chem.rdchem.Mol object at 0x00000227928C9CB0>,30000,505.528,3.2313,6,2,9,115.33,inactive,4.522878745
CHEMBL4210607,O=S(=O)(Nc1ncns1)c1cc(F)c(OC2OCCNC2c2ccc3ncccc3c2)cc1F,<rdkit.Chem.rdchem.Mol object at 0x00000227928C9D20>,30000,505.528,3.2313,6,2,9,115.33,inactive,4.522878745
CHEMBL4209664,O=S(=O)(Nc1ncns1)c1cc(F)c(OC2OCCNC2c2cccc(C(F)(F)F)c2)cc1F,<rdkit.Chem.rdchem.Mol object at 0x00000227928C9D90>,580,522.477,3.7019,6,2,8,102.44,active,6.236572006
CHEMBL4205556,O=S(=O)(Nc1ncns1)c1cc(F)c(OC2OCCNC2c2cccc3nccnc23)cc1F,<rdkit.Chem.rdchem.Mol object at 0x00000227928C9E00>,30000,506.516,2.6263,6,2,10,128.22,inactive,4.522878745
CHEMBL3325524,O=S(=O)(Nc1ncns1)c1cc(F)c(OC[C@@H]2CNCC[C@H]2c2ccc(Cl)cc2)cc1F,<rdkit.Chem.rdchem.Mol object at 0x00000227928C9E70>,10000,500.98,4.0426,7,2,7,93.21,inactive,5
CHEMBL3682634,O=S(=O)(Nc1ncns1)c1ccc2c(-c3ccc(C(F)(F)F)cc3Br)cccc2c1,<rdkit.Chem.rdchem.Mol object at 0x00000227928C9EE0>,30000,514.348,5.9404,4,1,5,71.95,inactive,4.522878745
CHEMBL3682649,O=S(=O)(Nc1ncns1)c1ccc2c(-c3ccc(C(F)(F)F)cc3O)cccc2c1,<rdkit.Chem.rdchem.Mol object at 0x00000227928C9F50>,490,451.451,4.8835,4,2,6,92.18,active,6.30980392
CHEMBL3341981,O=S(=O)(Nc1ncns1)c1ccc2c(c1)OCCN2c1ccc(C(F)(F)F)cc1Cl,<rdkit.Chem.rdchem.Mol object at 0x00000227928C9FC0>,10000,476.889,4.5416,4,1,7,84.42,inactive,5
CHEMBL4075332,O=S1(=O)CCC(CCNc2cc(F)c(S(=O)(=O)Nc3nccs3)cc2Cl)CC1,<rdkit.Chem.rdchem.Mol object at 0x00000227928CA030>,37,467.997,3.3632,7,2,7,105.23,active,7.431798276
CHEMBL434394,OC(CNCC(O)C1CCc2cc(F)ccc2O1)C1CCc2cc(F)ccc2O1,<rdkit.Chem.rdchem.Mol object at 0x00000227928CA0A0>,7943.28,405.441,2.3636,6,3,5,70.95,inactive,5.100000128
CHEMBL2443278,c1ccc([C@]2(CCNCc3cccs3)CCOC3(CCCC3)C2)nc1,<rdkit.Chem.rdchem.Mol object at 0x00000227928CA110>,20000,356.535,4.684,6,1,4,34.15,inactive,4.698970004
